# Generated by scripts/gen_pole_light_mounts.py
mtllib pole_light_mount.mtl
o pole_light_mount_7_straight_wired
vt 0 0
vt 1 0
vt 1 1
vt 0 1
usemtl clamp
v 0.312500 0.062500 1.000000
v 0.687500 0.062500 1.000000
v 0.687500 0.937500 1.000000
v 0.312500 0.937500 1.000000
vn 0.000000 0.000000 1.000000
f 1/1/1 2/2/1 3/3/1 4/4/1
v 0.687500 0.062500 0.900000
v 0.312500 0.062500 0.900000
v 0.312500 0.937500 0.900000
v 0.687500 0.937500 0.900000
vn 0.000000 0.000000 -1.000000
f 5/1/2 6/2/2 7/3/2 8/4/2
v 0.687500 0.062500 1.000000
v 0.687500 0.062500 0.900000
v 0.687500 0.937500 0.900000
v 0.687500 0.937500 1.000000
vn 1.000000 -0.000000 0.000000
f 9/1/3 10/2/3 11/3/3 12/4/3
v 0.312500 0.062500 0.900000
v 0.312500 0.062500 1.000000
v 0.312500 0.937500 1.000000
v 0.312500 0.937500 0.900000
vn -1.000000 0.000000 0.000000
f 13/1/4 14/2/4 15/3/4 16/4/4
v 0.312500 0.937500 1.000000
v 0.687500 0.937500 1.000000
v 0.687500 0.937500 0.900000
v 0.312500 0.937500 0.900000
vn -0.000000 1.000000 0.000000
f 17/1/5 18/2/5 19/3/5 20/4/5
v 0.312500 0.062500 0.900000
v 0.687500 0.062500 0.900000
v 0.687500 0.062500 1.000000
v 0.312500 0.062500 1.000000
vn 0.000000 -1.000000 0.000000
f 21/1/6 22/2/6 23/3/6 24/4/6
v 0.406250 0.110625 0.900000
v 0.593750 0.110625 0.900000
v 0.593750 0.329375 0.900000
v 0.406250 0.329375 0.900000
vn 0.000000 0.000000 1.000000
f 25/1/7 26/2/7 27/3/7 28/4/7
v 0.593750 0.110625 0.800000
v 0.406250 0.110625 0.800000
v 0.406250 0.329375 0.800000
v 0.593750 0.329375 0.800000
vn 0.000000 0.000000 -1.000000
f 29/1/8 30/2/8 31/3/8 32/4/8
v 0.593750 0.110625 0.900000
v 0.593750 0.110625 0.800000
v 0.593750 0.329375 0.800000
v 0.593750 0.329375 0.900000
vn 1.000000 -0.000000 0.000000
f 33/1/9 34/2/9 35/3/9 36/4/9
v 0.406250 0.110625 0.800000
v 0.406250 0.110625 0.900000
v 0.406250 0.329375 0.900000
v 0.406250 0.329375 0.800000
vn -1.000000 0.000000 0.000000
f 37/1/10 38/2/10 39/3/10 40/4/10
v 0.406250 0.329375 0.900000
v 0.593750 0.329375 0.900000
v 0.593750 0.329375 0.800000
v 0.406250 0.329375 0.800000
vn -0.000000 1.000000 0.000000
f 41/1/11 42/2/11 43/3/11 44/4/11
v 0.406250 0.110625 0.800000
v 0.593750 0.110625 0.800000
v 0.593750 0.110625 0.900000
v 0.406250 0.110625 0.900000
vn 0.000000 -1.000000 0.000000
f 45/1/12 46/2/12 47/3/12 48/4/12
v 0.468750 0.125000 0.900000
v 0.531250 0.125000 0.900000
v 0.531250 0.187500 0.900000
v 0.468750 0.187500 0.900000
vn 0.000000 0.000000 1.000000
f 49/1/13 50/2/13 51/3/13 52/4/13
v 0.531250 0.125000 0.880000
v 0.468750 0.125000 0.880000
v 0.468750 0.187500 0.880000
v 0.531250 0.187500 0.880000
vn 0.000000 0.000000 -1.000000
f 53/1/14 54/2/14 55/3/14 56/4/14
v 0.531250 0.125000 0.900000
v 0.531250 0.125000 0.880000
v 0.531250 0.187500 0.880000
v 0.531250 0.187500 0.900000
vn 1.000000 -0.000000 0.000000
f 57/1/15 58/2/15 59/3/15 60/4/15
v 0.468750 0.125000 0.880000
v 0.468750 0.125000 0.900000
v 0.468750 0.187500 0.900000
v 0.468750 0.187500 0.880000
vn -1.000000 0.000000 0.000000
f 61/1/16 62/2/16 63/3/16 64/4/16
v 0.468750 0.187500 0.900000
v 0.531250 0.187500 0.900000
v 0.531250 0.187500 0.880000
v 0.468750 0.187500 0.880000
vn -0.000000 1.000000 0.000000
f 65/1/17 66/2/17 67/3/17 68/4/17
v 0.468750 0.125000 0.880000
v 0.531250 0.125000 0.880000
v 0.531250 0.125000 0.900000
v 0.468750 0.125000 0.900000
vn 0.000000 -1.000000 0.000000
f 69/1/18 70/2/18 71/3/18 72/4/18
v 0.468750 0.812500 0.900000
v 0.531250 0.812500 0.900000
v 0.531250 0.875000 0.900000
v 0.468750 0.875000 0.900000
vn 0.000000 0.000000 1.000000
f 73/1/19 74/2/19 75/3/19 76/4/19
v 0.531250 0.812500 0.880000
v 0.468750 0.812500 0.880000
v 0.468750 0.875000 0.880000
v 0.531250 0.875000 0.880000
vn 0.000000 0.000000 -1.000000
f 77/1/20 78/2/20 79/3/20 80/4/20
v 0.531250 0.812500 0.900000
v 0.531250 0.812500 0.880000
v 0.531250 0.875000 0.880000
v 0.531250 0.875000 0.900000
vn 1.000000 -0.000000 0.000000
f 81/1/21 82/2/21 83/3/21 84/4/21
v 0.468750 0.812500 0.880000
v 0.468750 0.812500 0.900000
v 0.468750 0.875000 0.900000
v 0.468750 0.875000 0.880000
vn -1.000000 0.000000 0.000000
f 85/1/22 86/2/22 87/3/22 88/4/22
v 0.468750 0.875000 0.900000
v 0.531250 0.875000 0.900000
v 0.531250 0.875000 0.880000
v 0.468750 0.875000 0.880000
vn -0.000000 1.000000 0.000000
f 89/1/23 90/2/23 91/3/23 92/4/23
v 0.468750 0.812500 0.880000
v 0.531250 0.812500 0.880000
v 0.531250 0.812500 0.900000
v 0.468750 0.812500 0.900000
vn 0.000000 -1.000000 0.000000
f 93/1/24 94/2/24 95/3/24 96/4/24
usemtl metal
v 0.545000 0.220000 0.860000
v 0.545000 0.220000 0.800000
v 0.538971 0.242154 0.803929
v 0.538971 0.242500 0.860000
vn 0.965926 0.258819 0.000000
f 97/1/25 98/2/25 99/3/25 100/4/25
v 0.538971 0.242500 0.860000
v 0.538971 0.242154 0.803929
v 0.522500 0.258372 0.806805
v 0.522500 0.258971 0.860000
vn 0.707100 0.707100 -0.004359
f 101/1/26 102/2/26 103/3/26 104/4/26
v 0.522500 0.258971 0.860000
v 0.522500 0.258372 0.806805
v 0.500000 0.264309 0.807858
v 0.500000 0.265000 0.860000
vn 0.258804 0.965869 -0.010871
f 105/1/27 106/2/27 107/3/27 108/4/27
v 0.500000 0.265000 0.860000
v 0.500000 0.264309 0.807858
v 0.477500 0.258372 0.806805
v 0.477500 0.258971 0.860000
vn -0.258798 0.965847 -0.012806
f 109/1/28 110/2/28 111/3/28 112/4/28
v 0.477500 0.258971 0.860000
v 0.477500 0.258372 0.806805
v 0.461029 0.242154 0.803929
v 0.461029 0.242500 0.860000
vn -0.707084 0.707084 -0.007958
f 113/1/29 114/2/29 115/3/29 116/4/29
v 0.461029 0.242500 0.860000
v 0.461029 0.242154 0.803929
v 0.455000 0.220000 0.800000
v 0.455000 0.220000 0.860000
vn -0.965925 0.258819 -0.001596
f 117/1/30 118/2/30 119/3/30 120/4/30
v 0.455000 0.220000 0.860000
v 0.455000 0.220000 0.800000
v 0.461029 0.197846 0.796071
v 0.461029 0.197500 0.860000
vn -0.965926 -0.258819 -0.000000
f 121/1/31 122/2/31 123/3/31 124/4/31
v 0.461029 0.197500 0.860000
v 0.461029 0.197846 0.796071
v 0.477500 0.181628 0.793195
v 0.477500 0.181029 0.860000
vn -0.707102 -0.707102 -0.003823
f 125/1/32 126/2/32 127/3/32 128/4/32
v 0.477500 0.181029 0.860000
v 0.477500 0.181628 0.793195
v 0.500000 0.175691 0.792142
v 0.500000 0.175000 0.860000
vn -0.258809 -0.965890 -0.008657
f 129/1/33 130/2/33 131/3/33 132/4/33
v 0.500000 0.175000 0.860000
v 0.500000 0.175691 0.792142
v 0.522500 0.181628 0.793195
v 0.522500 0.181029 0.860000
vn 0.258807 -0.965879 -0.009841
f 133/1/34 134/2/34 135/3/34 136/4/34
v 0.522500 0.181029 0.860000
v 0.522500 0.181628 0.793195
v 0.538971 0.197846 0.796071
v 0.538971 0.197500 0.860000
vn 0.707093 -0.707093 -0.006337
f 137/1/35 138/2/35 139/3/35 140/4/35
v 0.538971 0.197500 0.860000
v 0.538971 0.197846 0.796071
v 0.545000 0.220000 0.800000
v 0.545000 0.220000 0.860000
vn 0.965925 -0.258819 -0.001399
f 141/1/36 142/2/36 143/3/36 144/4/36
v 0.545000 0.220000 0.800000
v 0.545000 0.238310 0.750000
v 0.538971 0.259376 0.757902
v 0.538971 0.242154 0.803929
vn 0.964910 0.246568 0.090293
f 145/1/37 146/2/37 147/3/37 148/4/37
v 0.538971 0.242154 0.803929
v 0.538971 0.259376 0.757902
v 0.522500 0.274798 0.763687
v 0.522500 0.258372 0.806805
vn 0.701159 0.667787 0.249872
f 149/1/38 150/2/38 151/3/38 152/4/38
v 0.522500 0.258372 0.806805
v 0.522500 0.274798 0.763687
v 0.500000 0.280443 0.765805
v 0.500000 0.264309 0.807858
vn 0.254536 0.903708 0.344272
f 153/1/39 154/2/39 155/3/39 156/4/39
v 0.500000 0.264309 0.807858
v 0.500000 0.280443 0.765805
v 0.477500 0.274798 0.763687
v 0.477500 0.258372 0.806805
vn -0.254427 0.902917 0.346421
f 157/1/40 158/2/40 159/3/40 160/4/40
v 0.477500 0.258372 0.806805
v 0.477500 0.274798 0.763687
v 0.461029 0.259376 0.757902
v 0.461029 0.242154 0.803929
vn -0.700762 0.666658 0.253966
f 161/1/41 162/2/41 163/3/41 164/4/41
v 0.461029 0.242154 0.803929
v 0.461029 0.259376 0.757902
v 0.455000 0.238310 0.750000
v 0.455000 0.220000 0.800000
vn -0.964825 0.246220 0.092130
f 165/1/42 166/2/42 167/3/42 168/4/42
v 0.455000 0.220000 0.800000
v 0.455000 0.238310 0.750000
v 0.461029 0.217243 0.742098
v 0.461029 0.197846 0.796071
vn -0.964910 -0.246568 -0.090293
f 169/1/43 170/2/43 171/3/43 172/4/43
v 0.461029 0.197846 0.796071
v 0.461029 0.217243 0.742098
v 0.477500 0.201821 0.736313
v 0.477500 0.181628 0.793195
vn -0.701985 -0.670222 -0.240871
f 173/1/44 174/2/44 175/3/44 176/4/44
v 0.477500 0.181628 0.793195
v 0.477500 0.201821 0.736313
v 0.500000 0.196177 0.734195
v 0.500000 0.175691 0.792142
vn -0.255510 -0.911096 -0.323448
f 177/1/45 178/2/45 179/3/45 180/4/45
v 0.500000 0.175691 0.792142
v 0.500000 0.196177 0.734195
v 0.522500 0.201821 0.736313
v 0.522500 0.181628 0.793195
vn 0.255563 -0.911511 -0.322234
f 181/1/46 182/2/46 183/3/46 184/4/46
v 0.522500 0.181628 0.793195
v 0.522500 0.201821 0.736313
v 0.538971 0.217243 0.742098
v 0.538971 0.197846 0.796071
vn 0.702219 -0.670936 -0.238189
f 185/1/47 186/2/47 187/3/47 188/4/47
v 0.538971 0.197846 0.796071
v 0.538971 0.217243 0.742098
v 0.545000 0.238310 0.750000
v 0.545000 0.220000 0.800000
vn 0.964980 -0.246866 -0.088721
f 189/1/48 190/2/48 191/3/48 192/4/48
v 0.545000 0.238310 0.750000
v 0.545000 0.257514 0.700000
v 0.538971 0.278505 0.708102
v 0.538971 0.259376 0.757902
vn 0.965924 0.241617 0.092802
f 193/1/49 194/2/49 195/3/49 196/4/49
v 0.538971 0.259376 0.757902
v 0.538971 0.278505 0.708102
v 0.522500 0.293871 0.714033
v 0.522500 0.274798 0.763687
vn 0.707096 0.660099 0.253545
f 197/1/50 198/2/50 199/3/50 200/4/50
v 0.522500 0.274798 0.763687
v 0.522500 0.293871 0.714033
v 0.500000 0.299495 0.716204
v 0.500000 0.280443 0.765805
vn 0.258812 0.901696 0.346352
f 201/1/51 202/2/51 203/3/51 204/4/51
v 0.500000 0.280443 0.765805
v 0.500000 0.299495 0.716204
v 0.477500 0.293871 0.714033
v 0.477500 0.274798 0.763687
vn -0.258812 0.901695 0.346355
f 205/1/52 206/2/52 207/3/52 208/4/52
v 0.477500 0.274798 0.763687
v 0.477500 0.293871 0.714033
v 0.461029 0.278505 0.708102
v 0.461029 0.259376 0.757902
vn -0.707096 0.660096 0.253551
f 209/1/53 210/2/53 211/3/53 212/4/53
v 0.461029 0.259376 0.757902
v 0.461029 0.278505 0.708102
v 0.455000 0.257514 0.700000
v 0.455000 0.238310 0.750000
vn -0.965924 0.241616 0.092805
f 213/1/54 214/2/54 215/3/54 216/4/54
v 0.455000 0.238310 0.750000
v 0.455000 0.257514 0.700000
v 0.461029 0.236524 0.691898
v 0.461029 0.217243 0.742098
vn -0.965924 -0.241617 -0.092802
f 217/1/55 218/2/55 219/3/55 220/4/55
v 0.461029 0.217243 0.742098
v 0.461029 0.236524 0.691898
v 0.477500 0.221157 0.685967
v 0.477500 0.201821 0.736313
vn -0.707096 -0.660105 -0.253529
f 221/1/56 222/2/56 223/3/56 224/4/56
v 0.477500 0.201821 0.736313
v 0.477500 0.221157 0.685967
v 0.500000 0.215533 0.683796
v 0.500000 0.196177 0.734195
vn -0.258812 -0.901711 -0.346314
f 225/1/57 226/2/57 227/3/57 228/4/57
v 0.500000 0.196177 0.734195
v 0.500000 0.215533 0.683796
v 0.522500 0.221157 0.685967
v 0.522500 0.201821 0.736313
vn 0.258812 -0.901712 -0.346311
f 229/1/58 230/2/58 231/3/58 232/4/58
v 0.522500 0.201821 0.736313
v 0.522500 0.221157 0.685967
v 0.538971 0.236524 0.691898
v 0.538971 0.217243 0.742098
vn 0.707096 -0.660107 -0.253523
f 233/1/59 234/2/59 235/3/59 236/4/59
v 0.538971 0.217243 0.742098
v 0.538971 0.236524 0.691898
v 0.545000 0.257514 0.700000
v 0.545000 0.238310 0.750000
vn 0.965924 -0.241618 -0.092799
f 237/1/60 238/2/60 239/3/60 240/4/60
v 0.545000 0.257514 0.700000
v 0.545000 0.276908 0.650000
v 0.538971 0.297922 0.658042
v 0.538971 0.278505 0.708102
vn 0.965926 0.241303 0.093597
f 241/1/61 242/2/61 243/3/61 244/4/61
v 0.538971 0.278505 0.708102
v 0.538971 0.297922 0.658042
v 0.522500 0.313305 0.663930
v 0.522500 0.293871 0.714033
vn 0.707106 0.659252 0.255709
f 245/1/62 246/2/62 247/3/62 248/4/62
v 0.522500 0.293871 0.714033
v 0.522500 0.313305 0.663930
v 0.500000 0.318935 0.666085
v 0.500000 0.299495 0.716204
vn 0.258819 0.900556 0.349302
f 249/1/63 250/2/63 251/3/63 252/4/63
v 0.500000 0.299495 0.716204
v 0.500000 0.318935 0.666085
v 0.477500 0.313305 0.663930
v 0.477500 0.293871 0.714033
vn -0.258819 0.900556 0.349302
f 253/1/64 254/2/64 255/3/64 256/4/64
v 0.477500 0.293871 0.714033
v 0.477500 0.313305 0.663930
v 0.461029 0.297922 0.658042
v 0.461029 0.278505 0.708102
vn -0.707106 0.659253 0.255707
f 257/1/65 258/2/65 259/3/65 260/4/65
v 0.461029 0.278505 0.708102
v 0.461029 0.297922 0.658042
v 0.455000 0.276908 0.650000
v 0.455000 0.257514 0.700000
vn -0.965926 0.241303 0.093596
f 261/1/66 262/2/66 263/3/66 264/4/66
v 0.455000 0.257514 0.700000
v 0.455000 0.276908 0.650000
v 0.461029 0.255895 0.641958
v 0.461029 0.236524 0.691898
vn -0.965926 -0.241303 -0.093597
f 265/1/67 266/2/67 267/3/67 268/4/67
v 0.461029 0.236524 0.691898
v 0.461029 0.255895 0.641958
v 0.477500 0.240512 0.636070
v 0.477500 0.221157 0.685967
vn -0.707106 -0.659250 -0.255714
f 269/1/68 270/2/68 271/3/68 272/4/68
v 0.477500 0.221157 0.685967
v 0.477500 0.240512 0.636070
v 0.500000 0.234881 0.633915
v 0.500000 0.215533 0.683796
vn -0.258819 -0.900551 -0.349314
f 273/1/69 274/2/69 275/3/69 276/4/69
v 0.500000 0.215533 0.683796
v 0.500000 0.234881 0.633915
v 0.522500 0.240512 0.636070
v 0.522500 0.221157 0.685967
vn 0.258819 -0.900551 -0.349315
f 277/1/70 278/2/70 279/3/70 280/4/70
v 0.522500 0.221157 0.685967
v 0.522500 0.240512 0.636070
v 0.538971 0.255895 0.641958
v 0.538971 0.236524 0.691898
vn 0.707106 -0.659250 -0.255716
f 281/1/71 282/2/71 283/3/71 284/4/71
v 0.538971 0.236524 0.691898
v 0.538971 0.255895 0.641958
v 0.545000 0.276908 0.650000
v 0.545000 0.257514 0.700000
vn 0.965926 -0.241303 -0.093598
f 285/1/72 286/2/72 287/3/72 288/4/72
v 0.545000 0.276908 0.650000
v 0.545000 0.295787 0.600000
v 0.538971 0.316921 0.607721
v 0.538971 0.297922 0.658042
vn 0.965925 0.242136 0.091426
f 289/1/73 290/2/73 291/3/73 292/4/73
v 0.538971 0.297922 0.658042
v 0.538971 0.316921 0.607721
v 0.522500 0.332392 0.613373
v 0.522500 0.313305 0.663930
vn 0.707103 0.661530 0.249765
f 293/1/74 294/2/74 295/3/74 296/4/74
v 0.522500 0.313305 0.663930
v 0.522500 0.332392 0.613373
v 0.500000 0.338055 0.615442
v 0.500000 0.318935 0.666085
vn 0.258817 0.903668 0.341171
f 297/1/75 298/2/75 299/3/75 300/4/75
v 0.500000 0.318935 0.666085
v 0.500000 0.338055 0.615442
v 0.477500 0.332392 0.613373
v 0.477500 0.313305 0.663930
vn -0.258817 0.903670 0.341166
f 301/1/76 302/2/76 303/3/76 304/4/76
v 0.477500 0.313305 0.663930
v 0.477500 0.332392 0.613373
v 0.461029 0.316921 0.607721
v 0.461029 0.297922 0.658042
vn -0.707103 0.661534 0.249756
f 305/1/77 306/2/77 307/3/77 308/4/77
v 0.461029 0.297922 0.658042
v 0.461029 0.316921 0.607721
v 0.455000 0.295787 0.600000
v 0.455000 0.276908 0.650000
vn -0.965925 0.242138 0.091421
f 309/1/78 310/2/78 311/3/78 312/4/78
v 0.455000 0.276908 0.650000
v 0.455000 0.295787 0.600000
v 0.461029 0.274653 0.592279
v 0.461029 0.255895 0.641958
vn -0.965925 -0.242136 -0.091426
f 313/1/79 314/2/79 315/3/79 316/4/79
v 0.461029 0.255895 0.641958
v 0.461029 0.274653 0.592279
v 0.477500 0.259182 0.586627
v 0.477500 0.240512 0.636070
vn -0.707103 -0.661520 -0.249792
f 317/1/80 318/2/80 319/3/80 320/4/80
v 0.477500 0.240512 0.636070
v 0.477500 0.259182 0.586627
v 0.500000 0.253520 0.584558
v 0.500000 0.234881 0.633915
vn -0.258817 -0.903644 -0.341234
f 321/1/81 322/2/81 323/3/81 324/4/81
v 0.500000 0.234881 0.633915
v 0.500000 0.253520 0.584558
v 0.522500 0.259182 0.586627
v 0.522500 0.240512 0.636070
vn 0.258817 -0.903643 -0.341239
f 325/1/82 326/2/82 327/3/82 328/4/82
v 0.522500 0.240512 0.636070
v 0.522500 0.259182 0.586627
v 0.538971 0.274653 0.592279
v 0.538971 0.255895 0.641958
vn 0.707103 -0.661517 -0.249802
f 329/1/83 330/2/83 331/3/83 332/4/83
v 0.538971 0.255895 0.641958
v 0.538971 0.274653 0.592279
v 0.545000 0.295787 0.600000
v 0.545000 0.276908 0.650000
vn 0.965925 -0.242134 -0.091431
f 333/1/84 334/2/84 335/3/84 336/4/84
v 0.545000 0.295787 0.600000
v 0.545000 0.313446 0.550000
v 0.538971 0.334789 0.557125
v 0.538971 0.316921 0.607721
vn 0.965922 0.244059 0.086197
f 337/1/85 338/2/85 339/3/85 340/4/85
v 0.538971 0.316921 0.607721
v 0.538971 0.334789 0.557125
v 0.522500 0.350412 0.562340
v 0.522500 0.332392 0.613373
vn 0.707086 0.666773 0.235463
f 341/1/86 342/2/86 343/3/86 344/4/86
v 0.522500 0.332392 0.613373
v 0.522500 0.350412 0.562340
v 0.500000 0.356131 0.564249
v 0.500000 0.338055 0.615442
vn 0.258805 0.910815 0.321615
f 345/1/87 346/2/87 347/3/87 348/4/87
v 0.500000 0.338055 0.615442
v 0.500000 0.356131 0.564249
v 0.477500 0.350412 0.562340
v 0.477500 0.332392 0.613373
vn -0.258805 0.910818 0.321605
f 349/1/88 350/2/88 351/3/88 352/4/88
v 0.477500 0.332392 0.613373
v 0.477500 0.350412 0.562340
v 0.461029 0.334789 0.557125
v 0.461029 0.316921 0.607721
vn -0.707086 0.666780 0.235444
f 353/1/89 354/2/89 355/3/89 356/4/89
v 0.461029 0.316921 0.607721
v 0.461029 0.334789 0.557125
v 0.455000 0.313446 0.550000
v 0.455000 0.295787 0.600000
vn -0.965922 0.244062 0.086187
f 357/1/90 358/2/90 359/3/90 360/4/90
v 0.455000 0.295787 0.600000
v 0.455000 0.313446 0.550000
v 0.461029 0.292104 0.542875
v 0.461029 0.274653 0.592279
vn -0.965922 -0.244059 -0.086197
f 361/1/91 362/2/91 363/3/91 364/4/91
v 0.461029 0.274653 0.592279
v 0.461029 0.292104 0.542875
v 0.477500 0.276480 0.537660
v 0.477500 0.259182 0.586627
vn -0.707086 -0.666755 -0.235515
f 365/1/92 366/2/92 367/3/92 368/4/92
v 0.477500 0.259182 0.586627
v 0.477500 0.276480 0.537660
v 0.500000 0.270762 0.535751
v 0.500000 0.253520 0.584558
vn -0.258805 -0.910771 -0.321738
f 369/1/93 370/2/93 371/3/93 372/4/93
v 0.500000 0.253520 0.584558
v 0.500000 0.270762 0.535751
v 0.522500 0.276480 0.537660
v 0.522500 0.259182 0.586627
vn 0.258805 -0.910768 -0.321748
f 373/1/94 374/2/94 375/3/94 376/4/94
v 0.522500 0.259182 0.586627
v 0.522500 0.276480 0.537660
v 0.538971 0.292104 0.542875
v 0.538971 0.274653 0.592279
vn 0.707087 -0.666748 -0.235534
f 377/1/95 378/2/95 379/3/95 380/4/95
v 0.538971 0.274653 0.592279
v 0.538971 0.292104 0.542875
v 0.545000 0.313446 0.550000
v 0.545000 0.295787 0.600000
vn 0.965922 -0.244055 -0.086206
f 381/1/96 382/2/96 383/3/96 384/4/96
v 0.545000 0.313446 0.550000
v 0.545000 0.329181 0.500000
v 0.538971 0.350797 0.506243
v 0.538971 0.334789 0.557125
vn 0.965916 0.246918 0.077702
f 385/1/97 386/2/97 387/3/97 388/4/97
v 0.538971 0.334789 0.557125
v 0.538971 0.350797 0.506243
v 0.522500 0.366622 0.510812
v 0.522500 0.350412 0.562340
vn 0.707053 0.674561 0.212233
f 389/1/98 390/2/98 391/3/98 392/4/98
v 0.522500 0.350412 0.562340
v 0.522500 0.366622 0.510812
v 0.500000 0.372414 0.512485
v 0.500000 0.356131 0.564249
vn 0.258782 0.921419 0.289861
f 393/1/99 394/2/99 395/3/99 396/4/99
v 0.500000 0.356131 0.564249
v 0.500000 0.372414 0.512485
v 0.477500 0.366622 0.510812
v 0.477500 0.350412 0.562340
vn -0.258782 0.921423 0.289848
f 397/1/100 398/2/100 399/3/100 400/4/100
v 0.477500 0.350412 0.562340
v 0.477500 0.366622 0.510812
v 0.461029 0.350797 0.506243
v 0.461029 0.334789 0.557125
vn -0.707053 0.674570 0.212207
f 401/1/101 402/2/101 403/3/101 404/4/101
v 0.461029 0.334789 0.557125
v 0.461029 0.350797 0.506243
v 0.455000 0.329181 0.500000
v 0.455000 0.313446 0.550000
vn -0.965916 0.246923 0.077688
f 405/1/102 406/2/102 407/3/102 408/4/102
v 0.455000 0.313446 0.550000
v 0.455000 0.329181 0.500000
v 0.461029 0.307564 0.493757
v 0.461029 0.292104 0.542875
vn -0.965916 -0.246918 -0.077702
f 409/1/103 410/2/103 411/3/103 412/4/103
v 0.461029 0.292104 0.542875
v 0.461029 0.307564 0.493757
v 0.477500 0.291739 0.489188
v 0.477500 0.276480 0.537660
vn -0.707054 -0.674536 -0.212310
f 413/1/104 414/2/104 415/3/104 416/4/104
v 0.477500 0.276480 0.537660
v 0.477500 0.291739 0.489188
v 0.500000 0.285947 0.487515
v 0.500000 0.270762 0.535751
vn -0.258783 -0.921362 -0.290042
f 417/1/105 418/2/105 419/3/105 420/4/105
v 0.500000 0.270762 0.535751
v 0.500000 0.285947 0.487515
v 0.522500 0.291739 0.489188
v 0.522500 0.276480 0.537660
vn 0.258783 -0.921357 -0.290057
f 421/1/106 422/2/106 423/3/106 424/4/106
v 0.522500 0.276480 0.537660
v 0.522500 0.291739 0.489188
v 0.538971 0.307564 0.493757
v 0.538971 0.292104 0.542875
vn 0.707054 -0.674527 -0.212339
f 425/1/107 426/2/107 427/3/107 428/4/107
v 0.538971 0.292104 0.542875
v 0.538971 0.307564 0.493757
v 0.545000 0.329181 0.500000
v 0.545000 0.313446 0.550000
vn 0.965916 -0.246913 -0.077716
f 429/1/108 430/2/108 431/3/108 432/4/108
v 0.545000 0.329181 0.500000
v 0.545000 0.342343 0.450000
v 0.538971 0.364159 0.455506
v 0.538971 0.350797 0.506243
vn 0.965908 0.250358 0.065904
f 433/1/109 434/2/109 435/3/109 436/4/109
v 0.538971 0.350797 0.506243
v 0.538971 0.364159 0.455506
v 0.522500 0.380129 0.459536
v 0.522500 0.366622 0.510812
vn 0.707008 0.683889 0.180099
f 437/1/110 438/2/110 439/3/110 440/4/110
v 0.522500 0.366622 0.510812
v 0.522500 0.380129 0.459536
v 0.500000 0.385974 0.461012
v 0.500000 0.372414 0.512485
vn 0.258752 0.934079 0.246055
f 441/1/111 442/2/111 443/3/111 444/4/111
v 0.500000 0.372414 0.512485
v 0.500000 0.385974 0.461012
v 0.477500 0.380129 0.459536
v 0.477500 0.366622 0.510812
vn -0.258752 0.934073 0.246079
f 445/1/112 446/2/112 447/3/112 448/4/112
v 0.477500 0.366622 0.510812
v 0.477500 0.380129 0.459536
v 0.461029 0.364159 0.455506
v 0.461029 0.350797 0.506243
vn -0.707009 0.683876 0.180147
f 449/1/113 450/2/113 451/3/113 452/4/113
v 0.461029 0.350797 0.506243
v 0.461029 0.364159 0.455506
v 0.455000 0.342343 0.450000
v 0.455000 0.329181 0.500000
vn -0.965908 0.250351 0.065929
f 453/1/114 454/2/114 455/3/114 456/4/114
v 0.455000 0.329181 0.500000
v 0.455000 0.342343 0.450000
v 0.461029 0.320527 0.444494
v 0.461029 0.307564 0.493757
vn -0.965908 -0.250358 -0.065904
f 457/1/115 458/2/115 459/3/115 460/4/115
v 0.461029 0.307564 0.493757
v 0.461029 0.320527 0.444494
v 0.477500 0.304556 0.440464
v 0.477500 0.291739 0.489188
vn -0.707006 -0.683927 -0.179962
f 461/1/116 462/2/116 463/3/116 464/4/116
v 0.477500 0.291739 0.489188
v 0.477500 0.304556 0.440464
v 0.500000 0.298711 0.438988
v 0.500000 0.285947 0.487515
vn -0.258750 -0.934165 -0.245732
f 465/1/117 466/2/117 467/3/117 468/4/117
v 0.500000 0.285947 0.487515
v 0.500000 0.298711 0.438988
v 0.522500 0.304556 0.440464
v 0.522500 0.291739 0.489188
vn 0.258750 -0.934172 -0.245705
f 469/1/118 470/2/118 471/3/118 472/4/118
v 0.522500 0.291739 0.489188
v 0.522500 0.304556 0.440464
v 0.538971 0.320527 0.444494
v 0.538971 0.307564 0.493757
vn 0.707006 -0.683941 -0.179910
f 473/1/119 474/2/119 475/3/119 476/4/119
v 0.538971 0.307564 0.493757
v 0.538971 0.320527 0.444494
v 0.545000 0.342343 0.450000
v 0.545000 0.329181 0.500000
vn 0.965907 -0.250365 -0.065879
f 477/1/120 478/2/120 479/3/120 480/4/120
v 0.545000 0.342343 0.450000
v 0.545000 0.354421 0.400000
v 0.538971 0.376299 0.405252
v 0.538971 0.364159 0.455506
vn 0.965922 0.251595 0.060777
f 481/1/121 482/2/121 483/3/121 484/4/121
v 0.538971 0.364159 0.455506
v 0.538971 0.376299 0.405252
v 0.522500 0.392315 0.409097
v 0.522500 0.380129 0.459536
vn 0.707089 0.687351 0.166057
f 485/1/122 486/2/122 487/3/122 488/4/122
v 0.522500 0.380129 0.459536
v 0.522500 0.392315 0.409097
v 0.500000 0.398178 0.410504
v 0.500000 0.385974 0.461012
vn 0.258807 0.938914 0.226848
f 489/1/123 490/2/123 491/3/123 492/4/123
v 0.500000 0.385974 0.461012
v 0.500000 0.398178 0.410504
v 0.477500 0.392315 0.409097
v 0.477500 0.380129 0.459536
vn -0.258807 0.938912 0.226854
f 493/1/124 494/2/124 495/3/124 496/4/124
v 0.477500 0.380129 0.459536
v 0.477500 0.392315 0.409097
v 0.461029 0.376299 0.405252
v 0.461029 0.364159 0.455506
vn -0.707089 0.687348 0.166068
f 497/1/125 498/2/125 499/3/125 500/4/125
v 0.461029 0.364159 0.455506
v 0.461029 0.376299 0.405252
v 0.455000 0.354421 0.400000
v 0.455000 0.342343 0.450000
vn -0.965922 0.251593 0.060782
f 501/1/126 502/2/126 503/3/126 504/4/126
v 0.455000 0.342343 0.450000
v 0.455000 0.354421 0.400000
v 0.461029 0.332542 0.394748
v 0.461029 0.320527 0.444494
vn -0.965922 -0.251595 -0.060777
f 505/1/127 506/2/127 507/3/127 508/4/127
v 0.461029 0.320527 0.444494
v 0.461029 0.332542 0.394748
v 0.477500 0.316526 0.390903
v 0.477500 0.304556 0.440464
vn -0.707088 -0.687358 -0.166026
f 509/1/128 510/2/128 511/3/128 512/4/128
v 0.477500 0.304556 0.440464
v 0.477500 0.316526 0.390903
v 0.500000 0.310664 0.389496
v 0.500000 0.298711 0.438988
vn -0.258806 -0.938931 -0.226776
f 513/1/129 514/2/129 515/3/129 516/4/129
v 0.500000 0.298711 0.438988
v 0.500000 0.310664 0.389496
v 0.522500 0.316526 0.390903
v 0.522500 0.304556 0.440464
vn 0.258806 -0.938933 -0.226770
f 517/1/130 518/2/130 519/3/130 520/4/130
v 0.522500 0.304556 0.440464
v 0.522500 0.316526 0.390903
v 0.538971 0.332542 0.394748
v 0.538971 0.320527 0.444494
vn 0.707088 -0.687361 -0.166015
f 521/1/131 522/2/131 523/3/131 524/4/131
v 0.538971 0.320527 0.444494
v 0.538971 0.332542 0.394748
v 0.545000 0.354421 0.400000
v 0.545000 0.342343 0.450000
vn 0.965922 -0.251596 -0.060771
f 525/1/132 526/2/132 527/3/132 528/4/132
v 0.545000 0.354421 0.400000
v 0.545000 0.366348 0.350000
v 0.538971 0.388241 0.355190
v 0.538971 0.376299 0.405252
vn 0.965926 0.251756 0.060055
f 529/1/133 530/2/133 531/3/133 532/4/133
v 0.538971 0.376299 0.405252
v 0.538971 0.388241 0.355190
v 0.522500 0.404268 0.358989
v 0.522500 0.392315 0.409097
vn 0.707106 0.687809 0.164073
f 533/1/134 534/2/134 535/3/134 536/4/134
v 0.522500 0.392315 0.409097
v 0.522500 0.404268 0.358989
v 0.500000 0.410135 0.360380
v 0.500000 0.398178 0.410504
vn 0.258819 0.939564 0.224128
f 537/1/135 538/2/135 539/3/135 540/4/135
v 0.500000 0.398178 0.410504
v 0.500000 0.410135 0.360380
v 0.477500 0.404268 0.358989
v 0.477500 0.392315 0.409097
vn -0.258819 0.939564 0.224128
f 541/1/136 542/2/136 543/3/136 544/4/136
v 0.477500 0.392315 0.409097
v 0.477500 0.404268 0.358989
v 0.461029 0.388241 0.355190
v 0.461029 0.376299 0.405252
vn -0.707106 0.687809 0.164073
f 545/1/137 546/2/137 547/3/137 548/4/137
v 0.461029 0.376299 0.405252
v 0.461029 0.388241 0.355190
v 0.455000 0.366348 0.350000
v 0.455000 0.354421 0.400000
vn -0.965926 0.251756 0.060055
f 549/1/138 550/2/138 551/3/138 552/4/138
v 0.455000 0.354421 0.400000
v 0.455000 0.366348 0.350000
v 0.461029 0.344455 0.344810
v 0.461029 0.332542 0.394748
vn -0.965926 -0.251756 -0.060055
f 553/1/139 554/2/139 555/3/139 556/4/139
v 0.461029 0.332542 0.394748
v 0.461029 0.344455 0.344810
v 0.477500 0.328428 0.341011
v 0.477500 0.316526 0.390903
vn -0.707106 -0.687809 -0.164073
f 557/1/140 558/2/140 559/3/140 560/4/140
v 0.477500 0.316526 0.390903
v 0.477500 0.328428 0.341011
v 0.500000 0.322561 0.339620
v 0.500000 0.310664 0.389496
vn -0.258819 -0.939564 -0.224127
f 561/1/141 562/2/141 563/3/141 564/4/141
v 0.500000 0.310664 0.389496
v 0.500000 0.322561 0.339620
v 0.522500 0.328428 0.341011
v 0.522500 0.316526 0.390903
vn 0.258819 -0.939564 -0.224127
f 565/1/142 566/2/142 567/3/142 568/4/142
v 0.522500 0.316526 0.390903
v 0.522500 0.328428 0.341011
v 0.538971 0.344455 0.344810
v 0.538971 0.332542 0.394748
vn 0.707106 -0.687809 -0.164073
f 569/1/143 570/2/143 571/3/143 572/4/143
v 0.538971 0.332542 0.394748
v 0.538971 0.344455 0.344810
v 0.545000 0.366348 0.350000
v 0.545000 0.354421 0.400000
vn 0.965926 -0.251756 -0.060055
f 573/1/144 574/2/144 575/3/144 576/4/144
v 0.545000 0.366348 0.350000
v 0.545000 0.378126 0.300000
v 0.538971 0.400034 0.305128
v 0.538971 0.388241 0.355190
vn 0.965926 0.251925 0.059342
f 577/1/145 578/2/145 579/3/145 580/4/145
v 0.538971 0.388241 0.355190
v 0.538971 0.400034 0.305128
v 0.522500 0.416071 0.308882
v 0.522500 0.404268 0.358989
vn 0.707106 0.688271 0.162124
f 581/1/146 582/2/146 583/3/146 584/4/146
v 0.522500 0.404268 0.358989
v 0.522500 0.416071 0.308882
v 0.500000 0.421941 0.310256
v 0.500000 0.410135 0.360380
vn 0.258819 0.940195 0.221465
f 585/1/147 586/2/147 587/3/147 588/4/147
v 0.500000 0.410135 0.360380
v 0.500000 0.421941 0.310256
v 0.477500 0.416071 0.308882
v 0.477500 0.404268 0.358989
vn -0.258819 0.940195 0.221465
f 589/1/148 590/2/148 591/3/148 592/4/148
v 0.477500 0.404268 0.358989
v 0.477500 0.416071 0.308882
v 0.461029 0.400034 0.305128
v 0.461029 0.388241 0.355190
vn -0.707106 0.688271 0.162124
f 593/1/149 594/2/149 595/3/149 596/4/149
v 0.461029 0.388241 0.355190
v 0.461029 0.400034 0.305128
v 0.455000 0.378126 0.300000
v 0.455000 0.366348 0.350000
vn -0.965926 0.251925 0.059342
f 597/1/150 598/2/150 599/3/150 600/4/150
v 0.455000 0.366348 0.350000
v 0.455000 0.378126 0.300000
v 0.461029 0.356218 0.294872
v 0.461029 0.344455 0.344810
vn -0.965926 -0.251925 -0.059342
f 601/1/151 602/2/151 603/3/151 604/4/151
v 0.461029 0.344455 0.344810
v 0.461029 0.356218 0.294872
v 0.477500 0.340180 0.291118
v 0.477500 0.328428 0.341011
vn -0.707106 -0.688271 -0.162124
f 605/1/152 606/2/152 607/3/152 608/4/152
v 0.477500 0.328428 0.341011
v 0.477500 0.340180 0.291118
v 0.500000 0.334310 0.289744
v 0.500000 0.322561 0.339620
vn -0.258819 -0.940195 -0.221465
f 609/1/153 610/2/153 611/3/153 612/4/153
v 0.500000 0.322561 0.339620
v 0.500000 0.334310 0.289744
v 0.522500 0.340180 0.291118
v 0.522500 0.328428 0.341011
vn 0.258819 -0.940195 -0.221465
f 613/1/154 614/2/154 615/3/154 616/4/154
v 0.522500 0.328428 0.341011
v 0.522500 0.340180 0.291118
v 0.538971 0.356218 0.294872
v 0.538971 0.344455 0.344810
vn 0.707106 -0.688271 -0.162124
f 617/1/155 618/2/155 619/3/155 620/4/155
v 0.538971 0.344455 0.344810
v 0.538971 0.356218 0.294872
v 0.545000 0.378126 0.300000
v 0.545000 0.366348 0.350000
vn 0.965926 -0.251925 -0.059342
f 621/1/156 622/2/156 623/3/156 624/4/156
v 0.545000 0.378126 0.300000
v 0.545000 0.389755 0.250000
v 0.538971 0.411677 0.255067
v 0.538971 0.400034 0.305128
vn 0.965926 0.252090 0.058634
f 625/1/157 626/2/157 627/3/157 628/4/157
v 0.538971 0.400034 0.305128
v 0.538971 0.411677 0.255067
v 0.522500 0.427725 0.258776
v 0.522500 0.416071 0.308882
vn 0.707106 0.688723 0.160191
f 629/1/158 630/2/158 631/3/158 632/4/158
v 0.522500 0.416071 0.308882
v 0.522500 0.427725 0.258776
v 0.500000 0.433599 0.260134
v 0.500000 0.421941 0.310256
vn 0.258819 0.940813 0.218825
f 633/1/159 634/2/159 635/3/159 636/4/159
v 0.500000 0.421941 0.310256
v 0.500000 0.433599 0.260134
v 0.477500 0.427725 0.258776
v 0.477500 0.416071 0.308882
vn -0.258819 0.940813 0.218825
f 637/1/160 638/2/160 639/3/160 640/4/160
v 0.477500 0.416071 0.308882
v 0.477500 0.427725 0.258776
v 0.461029 0.411677 0.255067
v 0.461029 0.400034 0.305128
vn -0.707106 0.688723 0.160191
f 641/1/161 642/2/161 643/3/161 644/4/161
v 0.461029 0.400034 0.305128
v 0.461029 0.411677 0.255067
v 0.455000 0.389755 0.250000
v 0.455000 0.378126 0.300000
vn -0.965926 0.252090 0.058634
f 645/1/162 646/2/162 647/3/162 648/4/162
v 0.455000 0.378126 0.300000
v 0.455000 0.389755 0.250000
v 0.461029 0.367833 0.244933
v 0.461029 0.356218 0.294872
vn -0.965926 -0.252090 -0.058634
f 649/1/163 650/2/163 651/3/163 652/4/163
v 0.461029 0.356218 0.294872
v 0.461029 0.367833 0.244933
v 0.477500 0.351785 0.241224
v 0.477500 0.340180 0.291118
vn -0.707106 -0.688723 -0.160191
f 653/1/164 654/2/164 655/3/164 656/4/164
v 0.477500 0.340180 0.291118
v 0.477500 0.351785 0.241224
v 0.500000 0.345911 0.239866
v 0.500000 0.334310 0.289744
vn -0.258819 -0.940813 -0.218825
f 657/1/165 658/2/165 659/3/165 660/4/165
v 0.500000 0.334310 0.289744
v 0.500000 0.345911 0.239866
v 0.522500 0.351785 0.241224
v 0.522500 0.340180 0.291118
vn 0.258819 -0.940813 -0.218825
f 661/1/166 662/2/166 663/3/166 664/4/166
v 0.522500 0.340180 0.291118
v 0.522500 0.351785 0.241224
v 0.538971 0.367833 0.244933
v 0.538971 0.356218 0.294872
vn 0.707106 -0.688723 -0.160191
f 665/1/167 666/2/167 667/3/167 668/4/167
v 0.538971 0.356218 0.294872
v 0.538971 0.367833 0.244933
v 0.545000 0.389755 0.250000
v 0.545000 0.378126 0.300000
vn 0.965926 -0.252090 -0.058634
f 669/1/168 670/2/168 671/3/168 672/4/168
v 0.545000 0.389755 0.250000
v 0.545000 0.401238 0.200000
v 0.538971 0.423186 0.204955
v 0.538971 0.411677 0.255067
vn 0.965926 0.252252 0.057932
f 673/1/169 674/2/169 675/3/169 676/4/169
v 0.538971 0.411677 0.255067
v 0.538971 0.423186 0.204955
v 0.522500 0.439253 0.208582
v 0.522500 0.427725 0.258776
vn 0.707106 0.689166 0.158273
f 677/1/170 678/2/170 679/3/170 680/4/170
v 0.522500 0.427725 0.258776
v 0.522500 0.439253 0.208582
v 0.500000 0.445134 0.209910
v 0.500000 0.433599 0.260134
vn 0.258819 0.941419 0.216203
f 681/1/171 682/2/171 683/3/171 684/4/171
v 0.500000 0.433599 0.260134
v 0.500000 0.445134 0.209910
v 0.477500 0.439253 0.208582
v 0.477500 0.427725 0.258776
vn -0.258819 0.941419 0.216202
f 685/1/172 686/2/172 687/3/172 688/4/172
v 0.477500 0.427725 0.258776
v 0.477500 0.439253 0.208582
v 0.461029 0.423186 0.204955
v 0.461029 0.411677 0.255067
vn -0.707106 0.689167 0.158271
f 689/1/173 690/2/173 691/3/173 692/4/173
v 0.461029 0.411677 0.255067
v 0.461029 0.423186 0.204955
v 0.455000 0.401238 0.200000
v 0.455000 0.389755 0.250000
vn -0.965926 0.252252 0.057932
f 693/1/174 694/2/174 695/3/174 696/4/174
v 0.455000 0.389755 0.250000
v 0.455000 0.401238 0.200000
v 0.461029 0.379291 0.195045
v 0.461029 0.367833 0.244933
vn -0.965926 -0.252252 -0.057932
f 697/1/175 698/2/175 699/3/175 700/4/175
v 0.461029 0.367833 0.244933
v 0.461029 0.379291 0.195045
v 0.477500 0.363224 0.191418
v 0.477500 0.351785 0.241224
vn -0.707106 -0.689166 -0.158276
f 701/1/176 702/2/176 703/3/176 704/4/176
v 0.477500 0.351785 0.241224
v 0.477500 0.363224 0.191418
v 0.500000 0.357343 0.190090
v 0.500000 0.345911 0.239866
vn -0.258819 -0.941417 -0.216211
f 705/1/177 706/2/177 707/3/177 708/4/177
v 0.500000 0.345911 0.239866
v 0.500000 0.357343 0.190090
v 0.522500 0.363224 0.191418
v 0.522500 0.351785 0.241224
vn 0.258819 -0.941417 -0.216212
f 709/1/178 710/2/178 711/3/178 712/4/178
v 0.522500 0.351785 0.241224
v 0.522500 0.363224 0.191418
v 0.538971 0.379291 0.195045
v 0.538971 0.367833 0.244933
vn 0.707106 -0.689165 -0.158278
f 713/1/179 714/2/179 715/3/179 716/4/179
v 0.538971 0.367833 0.244933
v 0.538971 0.379291 0.195045
v 0.545000 0.401238 0.200000
v 0.545000 0.389755 0.250000
vn 0.965926 -0.252252 -0.057933
f 717/1/180 718/2/180 719/3/180 720/4/180
v 0.545000 0.401238 0.200000
v 0.545000 0.450428 -0.021696
v 0.538971 0.472421 -0.016951
v 0.538971 0.423186 0.204955
vn 0.965925 0.252676 0.056063
f 721/1/181 722/2/181 723/3/181 724/4/181
v 0.538971 0.423186 0.204955
v 0.538971 0.472421 -0.016951
v 0.522500 0.488522 -0.013478
v 0.522500 0.439253 0.208582
vn 0.707104 0.690322 0.153165
f 725/1/182 726/2/182 727/3/182 728/4/182
v 0.522500 0.439253 0.208582
v 0.522500 0.488522 -0.013478
v 0.500000 0.494415 -0.012207
v 0.500000 0.445134 0.209910
vn 0.258817 0.942994 0.209226
f 729/1/183 730/2/183 731/3/183 732/4/183
v 0.500000 0.445134 0.209910
v 0.500000 0.494415 -0.012207
v 0.477500 0.488522 -0.013478
v 0.477500 0.439253 0.208582
vn -0.258817 0.942994 0.209226
f 733/1/184 734/2/184 735/3/184 736/4/184
v 0.477500 0.439253 0.208582
v 0.477500 0.488522 -0.013478
v 0.461029 0.472421 -0.016951
v 0.461029 0.423186 0.204955
vn -0.707104 0.690322 0.153165
f 737/1/185 738/2/185 739/3/185 740/4/185
v 0.461029 0.423186 0.204955
v 0.461029 0.472421 -0.016951
v 0.455000 0.450428 -0.021696
v 0.455000 0.401238 0.200000
vn -0.965925 0.252676 0.056063
f 741/1/186 742/2/186 743/3/186 744/4/186
v 0.455000 0.401238 0.200000
v 0.455000 0.450428 -0.021696
v 0.461029 0.428434 -0.026441
v 0.461029 0.379291 0.195045
vn -0.965925 -0.252676 -0.056063
f 745/1/187 746/2/187 747/3/187 748/4/187
v 0.461029 0.379291 0.195045
v 0.461029 0.428434 -0.026441
v 0.477500 0.412333 -0.029915
v 0.477500 0.363224 0.191418
vn -0.707104 -0.690321 -0.153167
f 749/1/188 750/2/188 751/3/188 752/4/188
v 0.477500 0.363224 0.191418
v 0.477500 0.412333 -0.029915
v 0.500000 0.406440 -0.031186
v 0.500000 0.357343 0.190090
vn -0.258817 -0.942993 -0.209230
f 753/1/189 754/2/189 755/3/189 756/4/189
v 0.500000 0.357343 0.190090
v 0.500000 0.406440 -0.031186
v 0.522500 0.412333 -0.029915
v 0.522500 0.363224 0.191418
vn 0.258817 -0.942993 -0.209230
f 757/1/190 758/2/190 759/3/190 760/4/190
v 0.522500 0.363224 0.191418
v 0.522500 0.412333 -0.029915
v 0.538971 0.428434 -0.026441
v 0.538971 0.379291 0.195045
vn 0.707104 -0.690321 -0.153167
f 761/1/191 762/2/191 763/3/191 764/4/191
v 0.538971 0.379291 0.195045
v 0.538971 0.428434 -0.026441
v 0.545000 0.450428 -0.021696
v 0.545000 0.401238 0.200000
vn 0.965925 -0.252676 -0.056063
f 765/1/192 766/2/192 767/3/192 768/4/192
v 0.545000 0.450428 -0.021696
v 0.545000 0.496899 -0.243393
v 0.538971 0.518946 -0.238900
v 0.538971 0.472421 -0.016951
vn 0.965925 0.253318 0.053100
f 769/1/193 770/2/193 771/3/193 772/4/193
v 0.538971 0.472421 -0.016951
v 0.538971 0.518946 -0.238900
v 0.522500 0.535085 -0.235611
v 0.522500 0.488522 -0.013478
vn 0.707101 0.692072 0.145070
f 773/1/194 774/2/194 775/3/194 776/4/194
v 0.522500 0.488522 -0.013478
v 0.522500 0.535085 -0.235611
v 0.500000 0.540993 -0.234407
v 0.500000 0.494415 -0.012207
vn 0.258815 0.945380 0.198168
f 777/1/195 778/2/195 779/3/195 780/4/195
v 0.500000 0.494415 -0.012207
v 0.500000 0.540993 -0.234407
v 0.477500 0.535085 -0.235611
v 0.477500 0.488522 -0.013478
vn -0.258815 0.945380 0.198168
f 781/1/196 782/2/196 783/3/196 784/4/196
v 0.477500 0.488522 -0.013478
v 0.477500 0.535085 -0.235611
v 0.461029 0.518946 -0.238900
v 0.461029 0.472421 -0.016951
vn -0.707101 0.692072 0.145070
f 785/1/197 786/2/197 787/3/197 788/4/197
v 0.461029 0.472421 -0.016951
v 0.461029 0.518946 -0.238900
v 0.455000 0.496899 -0.243393
v 0.455000 0.450428 -0.021696
vn -0.965925 0.253318 0.053100
f 789/1/198 790/2/198 791/3/198 792/4/198
v 0.455000 0.450428 -0.021696
v 0.455000 0.496899 -0.243393
v 0.461029 0.474852 -0.247886
v 0.461029 0.428434 -0.026441
vn -0.965925 -0.253318 -0.053100
f 793/1/199 794/2/199 795/3/199 796/4/199
v 0.461029 0.428434 -0.026441
v 0.461029 0.474852 -0.247886
v 0.477500 0.458713 -0.251175
v 0.477500 0.412333 -0.029915
vn -0.707101 -0.692072 -0.145070
f 797/1/200 798/2/200 799/3/200 800/4/200
v 0.477500 0.412333 -0.029915
v 0.477500 0.458713 -0.251175
v 0.500000 0.452805 -0.252378
v 0.500000 0.406440 -0.031186
vn -0.258815 -0.945381 -0.198168
f 801/1/201 802/2/201 803/3/201 804/4/201
v 0.500000 0.406440 -0.031186
v 0.500000 0.452805 -0.252378
v 0.522500 0.458713 -0.251175
v 0.522500 0.412333 -0.029915
vn 0.258815 -0.945381 -0.198168
f 805/1/202 806/2/202 807/3/202 808/4/202
v 0.522500 0.412333 -0.029915
v 0.522500 0.458713 -0.251175
v 0.538971 0.474852 -0.247886
v 0.538971 0.428434 -0.026441
vn 0.707101 -0.692072 -0.145070
f 809/1/203 810/2/203 811/3/203 812/4/203
v 0.538971 0.428434 -0.026441
v 0.538971 0.474852 -0.247886
v 0.545000 0.496899 -0.243393
v 0.545000 0.450428 -0.021696
vn 0.965925 -0.253318 -0.053100
f 813/1/204 814/2/204 815/3/204 816/4/204
v 0.545000 0.496899 -0.243393
v 0.545000 0.540785 -0.465089
v 0.538971 0.562880 -0.460838
v 0.538971 0.518946 -0.238900
vn 0.965925 0.253896 0.050261
f 817/1/205 818/2/205 819/3/205 820/4/205
v 0.538971 0.518946 -0.238900
v 0.538971 0.562880 -0.460838
v 0.522500 0.579055 -0.457725
v 0.522500 0.535085 -0.235611
vn 0.707101 0.693652 0.137314
f 821/1/206 822/2/206 823/3/206 824/4/206
v 0.522500 0.535085 -0.235611
v 0.522500 0.579055 -0.457725
v 0.500000 0.584975 -0.456586
v 0.500000 0.540993 -0.234407
vn 0.258815 0.947539 0.187573
f 825/1/207 826/2/207 827/3/207 828/4/207
v 0.500000 0.540993 -0.234407
v 0.500000 0.584975 -0.456586
v 0.477500 0.579055 -0.457725
v 0.477500 0.535085 -0.235611
vn -0.258815 0.947539 0.187573
f 829/1/208 830/2/208 831/3/208 832/4/208
v 0.477500 0.535085 -0.235611
v 0.477500 0.579055 -0.457725
v 0.461029 0.562880 -0.460838
v 0.461029 0.518946 -0.238900
vn -0.707101 0.693652 0.137314
f 833/1/209 834/2/209 835/3/209 836/4/209
v 0.461029 0.518946 -0.238900
v 0.461029 0.562880 -0.460838
v 0.455000 0.540785 -0.465089
v 0.455000 0.496899 -0.243393
vn -0.965925 0.253896 0.050261
f 837/1/210 838/2/210 839/3/210 840/4/210
v 0.455000 0.496899 -0.243393
v 0.455000 0.540785 -0.465089
v 0.461029 0.518691 -0.469341
v 0.461029 0.474852 -0.247886
vn -0.965925 -0.253896 -0.050261
f 841/1/211 842/2/211 843/3/211 844/4/211
v 0.461029 0.474852 -0.247886
v 0.461029 0.518691 -0.469341
v 0.477500 0.502516 -0.472453
v 0.477500 0.458713 -0.251175
vn -0.707101 -0.693652 -0.137314
f 845/1/212 846/2/212 847/3/212 848/4/212
v 0.477500 0.458713 -0.251175
v 0.477500 0.502516 -0.472453
v 0.500000 0.496596 -0.473592
v 0.500000 0.452805 -0.252378
vn -0.258815 -0.947540 -0.187573
f 849/1/213 850/2/213 851/3/213 852/4/213
v 0.500000 0.452805 -0.252378
v 0.500000 0.496596 -0.473592
v 0.522500 0.502516 -0.472453
v 0.522500 0.458713 -0.251175
vn 0.258815 -0.947540 -0.187573
f 853/1/214 854/2/214 855/3/214 856/4/214
v 0.522500 0.458713 -0.251175
v 0.522500 0.502516 -0.472453
v 0.538971 0.518691 -0.469341
v 0.538971 0.474852 -0.247886
vn 0.707101 -0.693652 -0.137314
f 857/1/215 858/2/215 859/3/215 860/4/215
v 0.538971 0.474852 -0.247886
v 0.538971 0.518691 -0.469341
v 0.545000 0.540785 -0.465089
v 0.545000 0.496899 -0.243393
vn 0.965925 -0.253896 -0.050261
f 861/1/216 862/2/216 863/3/216 864/4/216
v 0.545000 0.540785 -0.465089
v 0.545000 0.582220 -0.686786
v 0.538971 0.604358 -0.682764
v 0.538971 0.562880 -0.460838
vn 0.965925 0.254417 0.047550
f 865/1/217 866/2/217 867/3/217 868/4/217
v 0.538971 0.562880 -0.460838
v 0.538971 0.604358 -0.682764
v 0.522500 0.620564 -0.679820
v 0.522500 0.579055 -0.457725
vn 0.707102 0.695076 0.129909
f 869/1/218 870/2/218 871/3/218 872/4/218
v 0.522500 0.579055 -0.457725
v 0.522500 0.620564 -0.679820
v 0.500000 0.626496 -0.678742
v 0.500000 0.584975 -0.456586
vn 0.258816 0.949486 0.177458
f 873/1/219 874/2/219 875/3/219 876/4/219
v 0.500000 0.584975 -0.456586
v 0.500000 0.626496 -0.678742
v 0.477500 0.620564 -0.679820
v 0.477500 0.579055 -0.457725
vn -0.258816 0.949486 0.177458
f 877/1/220 878/2/220 879/3/220 880/4/220
v 0.477500 0.579055 -0.457725
v 0.477500 0.620564 -0.679820
v 0.461029 0.604358 -0.682764
v 0.461029 0.562880 -0.460838
vn -0.707102 0.695076 0.129909
f 881/1/221 882/2/221 883/3/221 884/4/221
v 0.461029 0.562880 -0.460838
v 0.461029 0.604358 -0.682764
v 0.455000 0.582220 -0.686786
v 0.455000 0.540785 -0.465089
vn -0.965925 0.254417 0.047550
f 885/1/222 886/2/222 887/3/222 888/4/222
v 0.455000 0.540785 -0.465089
v 0.455000 0.582220 -0.686786
v 0.461029 0.560082 -0.690807
v 0.461029 0.518691 -0.469341
vn -0.965925 -0.254417 -0.047550
f 889/1/223 890/2/223 891/3/223 892/4/223
v 0.461029 0.518691 -0.469341
v 0.461029 0.560082 -0.690807
v 0.477500 0.543877 -0.693751
v 0.477500 0.502516 -0.472453
vn -0.707102 -0.695076 -0.129909
f 893/1/224 894/2/224 895/3/224 896/4/224
v 0.477500 0.502516 -0.472453
v 0.477500 0.543877 -0.693751
v 0.500000 0.537945 -0.694829
v 0.500000 0.496596 -0.473592
vn -0.258816 -0.949486 -0.177457
f 897/1/225 898/2/225 899/3/225 900/4/225
v 0.500000 0.496596 -0.473592
v 0.500000 0.537945 -0.694829
v 0.522500 0.543877 -0.693751
v 0.522500 0.502516 -0.472453
vn 0.258816 -0.949486 -0.177457
f 901/1/226 902/2/226 903/3/226 904/4/226
v 0.522500 0.502516 -0.472453
v 0.522500 0.543877 -0.693751
v 0.538971 0.560082 -0.690807
v 0.538971 0.518691 -0.469341
vn 0.707102 -0.695076 -0.129908
f 905/1/227 906/2/227 907/3/227 908/4/227
v 0.538971 0.518691 -0.469341
v 0.538971 0.560082 -0.690807
v 0.545000 0.582220 -0.686786
v 0.545000 0.540785 -0.465089
vn 0.965925 -0.254417 -0.047550
f 909/1/228 910/2/228 911/3/228 912/4/228
v 0.545000 0.582220 -0.686786
v 0.545000 0.621336 -0.908482
v 0.538971 0.643512 -0.904679
v 0.538971 0.604358 -0.682764
vn 0.965925 0.254885 0.044972
f 913/1/229 914/2/229 915/3/229 916/4/229
v 0.538971 0.604358 -0.682764
v 0.538971 0.643512 -0.904679
v 0.522500 0.659746 -0.901895
v 0.522500 0.620564 -0.679820
vn 0.707102 0.696355 0.122864
f 917/1/230 918/2/230 919/3/230 920/4/230
v 0.522500 0.620564 -0.679820
v 0.522500 0.659746 -0.901895
v 0.500000 0.665688 -0.900875
v 0.500000 0.626496 -0.678742
vn 0.258816 0.951234 0.167835
f 921/1/231 922/2/231 923/3/231 924/4/231
v 0.500000 0.626496 -0.678742
v 0.500000 0.665688 -0.900875
v 0.477500 0.659746 -0.901895
v 0.477500 0.620564 -0.679820
vn -0.258816 0.951234 0.167835
f 925/1/232 926/2/232 927/3/232 928/4/232
v 0.477500 0.620564 -0.679820
v 0.477500 0.659746 -0.901895
v 0.461029 0.643512 -0.904679
v 0.461029 0.604358 -0.682764
vn -0.707102 0.696355 0.122864
f 929/1/233 930/2/233 931/3/233 932/4/233
v 0.461029 0.604358 -0.682764
v 0.461029 0.643512 -0.904679
v 0.455000 0.621336 -0.908482
v 0.455000 0.582220 -0.686786
vn -0.965925 0.254885 0.044972
f 933/1/234 934/2/234 935/3/234 936/4/234
v 0.455000 0.582220 -0.686786
v 0.455000 0.621336 -0.908482
v 0.461029 0.599160 -0.912285
v 0.461029 0.560082 -0.690807
vn -0.965925 -0.254885 -0.044972
f 937/1/235 938/2/235 939/3/235 940/4/235
v 0.461029 0.560082 -0.690807
v 0.461029 0.599160 -0.912285
v 0.477500 0.582926 -0.915070
v 0.477500 0.543877 -0.693751
vn -0.707102 -0.696355 -0.122864
f 941/1/236 942/2/236 943/3/236 944/4/236
v 0.477500 0.543877 -0.693751
v 0.477500 0.582926 -0.915070
v 0.500000 0.576984 -0.916089
v 0.500000 0.537945 -0.694829
vn -0.258816 -0.951234 -0.167834
f 945/1/237 946/2/237 947/3/237 948/4/237
v 0.500000 0.537945 -0.694829
v 0.500000 0.576984 -0.916089
v 0.522500 0.582926 -0.915070
v 0.522500 0.543877 -0.693751
vn 0.258816 -0.951234 -0.167834
f 949/1/238 950/2/238 951/3/238 952/4/238
v 0.522500 0.543877 -0.693751
v 0.522500 0.582926 -0.915070
v 0.538971 0.599160 -0.912285
v 0.538971 0.560082 -0.690807
vn 0.707102 -0.696355 -0.122864
f 953/1/239 954/2/239 955/3/239 956/4/239
v 0.538971 0.560082 -0.690807
v 0.538971 0.599160 -0.912285
v 0.545000 0.621336 -0.908482
v 0.545000 0.582220 -0.686786
vn 0.965925 -0.254885 -0.044972
f 957/1/240 958/2/240 959/3/240 960/4/240
v 0.545000 0.621336 -0.908482
v 0.545000 0.658266 -1.130179
v 0.538971 0.680477 -1.126582
v 0.538971 0.643512 -0.904679
vn 0.965925 0.255304 0.042528
f 961/1/241 962/2/241 963/3/241 964/4/241
v 0.538971 0.643512 -0.904679
v 0.538971 0.680477 -1.126582
v 0.522500 0.696736 -1.123949
v 0.522500 0.659746 -0.901895
vn 0.707103 0.697500 0.116189
f 965/1/242 966/2/242 967/3/242 968/4/242
v 0.522500 0.659746 -0.901895
v 0.522500 0.696736 -1.123949
v 0.500000 0.702687 -1.122985
v 0.500000 0.665688 -0.900875
vn 0.258816 0.952798 0.158716
f 969/1/243 970/2/243 971/3/243 972/4/243
v 0.500000 0.665688 -0.900875
v 0.500000 0.702687 -1.122985
v 0.477500 0.696736 -1.123949
v 0.477500 0.659746 -0.901895
vn -0.258816 0.952798 0.158716
f 973/1/244 974/2/244 975/3/244 976/4/244
v 0.477500 0.659746 -0.901895
v 0.477500 0.696736 -1.123949
v 0.461029 0.680477 -1.126582
v 0.461029 0.643512 -0.904679
vn -0.707103 0.697500 0.116189
f 977/1/245 978/2/245 979/3/245 980/4/245
v 0.461029 0.643512 -0.904679
v 0.461029 0.680477 -1.126582
v 0.455000 0.658266 -1.130179
v 0.455000 0.621336 -0.908482
vn -0.965925 0.255304 0.042528
f 981/1/246 982/2/246 983/3/246 984/4/246
v 0.455000 0.621336 -0.908482
v 0.455000 0.658266 -1.130179
v 0.461029 0.636055 -1.133775
v 0.461029 0.599160 -0.912285
vn -0.965925 -0.255304 -0.042528
f 985/1/247 986/2/247 987/3/247 988/4/247
v 0.461029 0.599160 -0.912285
v 0.461029 0.636055 -1.133775
v 0.477500 0.619796 -1.136409
v 0.477500 0.582926 -0.915070
vn -0.707103 -0.697500 -0.116189
f 989/1/248 990/2/248 991/3/248 992/4/248
v 0.477500 0.582926 -0.915070
v 0.477500 0.619796 -1.136409
v 0.500000 0.613845 -1.137372
v 0.500000 0.576984 -0.916089
vn -0.258816 -0.952798 -0.158716
f 993/1/249 994/2/249 995/3/249 996/4/249
v 0.500000 0.576984 -0.916089
v 0.500000 0.613845 -1.137372
v 0.522500 0.619796 -1.136409
v 0.522500 0.582926 -0.915070
vn 0.258816 -0.952798 -0.158716
f 997/1/250 998/2/250 999/3/250 1000/4/250
v 0.522500 0.582926 -0.915070
v 0.522500 0.619796 -1.136409
v 0.538971 0.636055 -1.133775
v 0.538971 0.599160 -0.912285
vn 0.707103 -0.697500 -0.116189
f 1001/1/251 1002/2/251 1003/3/251 1004/4/251
v 0.538971 0.599160 -0.912285
v 0.538971 0.636055 -1.133775
v 0.545000 0.658266 -1.130179
v 0.545000 0.621336 -0.908482
vn 0.965925 -0.255304 -0.042528
f 1005/1/252 1006/2/252 1007/3/252 1008/4/252
v 0.545000 0.658266 -1.130179
v 0.545000 0.693143 -1.351875
v 0.538971 0.715384 -1.348472
v 0.538971 0.680477 -1.126582
vn 0.965925 0.255677 0.040223
f 1009/1/253 1010/2/253 1011/3/253 1012/4/253
v 0.538971 0.680477 -1.126582
v 0.538971 0.715384 -1.348472
v 0.522500 0.731666 -1.345982
v 0.522500 0.696736 -1.123949
vn 0.707103 0.698519 0.109890
f 1013/1/254 1014/2/254 1015/3/254 1016/4/254
v 0.522500 0.696736 -1.123949
v 0.522500 0.731666 -1.345982
v 0.500000 0.737625 -1.345070
v 0.500000 0.702687 -1.122985
vn 0.258817 0.954191 0.150112
f 1017/1/255 1018/2/255 1019/3/255 1020/4/255
v 0.500000 0.702687 -1.122985
v 0.500000 0.737625 -1.345070
v 0.477500 0.731666 -1.345982
v 0.477500 0.696736 -1.123949
vn -0.258817 0.954191 0.150113
f 1021/1/256 1022/2/256 1023/3/256 1024/4/256
v 0.477500 0.696736 -1.123949
v 0.477500 0.731666 -1.345982
v 0.461029 0.715384 -1.348472
v 0.461029 0.680477 -1.126582
vn -0.707103 0.698519 0.109890
f 1025/1/257 1026/2/257 1027/3/257 1028/4/257
v 0.461029 0.680477 -1.126582
v 0.461029 0.715384 -1.348472
v 0.455000 0.693143 -1.351875
v 0.455000 0.658266 -1.130179
vn -0.965925 0.255677 0.040223
f 1029/1/258 1030/2/258 1031/3/258 1032/4/258
v 0.455000 0.658266 -1.130179
v 0.455000 0.693143 -1.351875
v 0.461029 0.670902 -1.355278
v 0.461029 0.636055 -1.133775
vn -0.965925 -0.255677 -0.040223
f 1033/1/259 1034/2/259 1035/3/259 1036/4/259
v 0.461029 0.636055 -1.133775
v 0.461029 0.670902 -1.355278
v 0.477500 0.654620 -1.357768
v 0.477500 0.619796 -1.136409
vn -0.707103 -0.698519 -0.109890
f 1037/1/260 1038/2/260 1039/3/260 1040/4/260
v 0.477500 0.619796 -1.136409
v 0.477500 0.654620 -1.357768
v 0.500000 0.648661 -1.358680
v 0.500000 0.613845 -1.137372
vn -0.258817 -0.954191 -0.150112
f 1041/1/261 1042/2/261 1043/3/261 1044/4/261
v 0.500000 0.613845 -1.137372
v 0.500000 0.648661 -1.358680
v 0.522500 0.654620 -1.357768
v 0.522500 0.619796 -1.136409
vn 0.258817 -0.954191 -0.150112
f 1045/1/262 1046/2/262 1047/3/262 1048/4/262
v 0.522500 0.619796 -1.136409
v 0.522500 0.654620 -1.357768
v 0.538971 0.670902 -1.355278
v 0.538971 0.636055 -1.133775
vn 0.707103 -0.698519 -0.109890
f 1049/1/263 1050/2/263 1051/3/263 1052/4/263
v 0.538971 0.636055 -1.133775
v 0.538971 0.670902 -1.355278
v 0.545000 0.693143 -1.351875
v 0.545000 0.658266 -1.130179
vn 0.965925 -0.255677 -0.040223
f 1053/1/264 1054/2/264 1055/3/264 1056/4/264
v 0.545000 0.693143 -1.351875
v 0.545000 0.726100 -1.573571
v 0.538971 0.748368 -1.570351
v 0.538971 0.715384 -1.348472
vn 0.965925 0.256008 0.038058
f 1057/1/265 1058/2/265 1059/3/265 1060/4/265
v 0.538971 0.715384 -1.348472
v 0.538971 0.748368 -1.570351
v 0.522500 0.764670 -1.567993
v 0.522500 0.731666 -1.345982
vn 0.707104 0.699424 0.103976
f 1061/1/266 1062/2/266 1063/3/266 1064/4/266
v 0.522500 0.731666 -1.345982
v 0.522500 0.764670 -1.567993
v 0.500000 0.770637 -1.567130
v 0.500000 0.737625 -1.345070
vn 0.258817 0.955427 0.142033
f 1065/1/267 1066/2/267 1067/3/267 1068/4/267
v 0.500000 0.737625 -1.345070
v 0.500000 0.770637 -1.567130
v 0.477500 0.764670 -1.567993
v 0.477500 0.731666 -1.345982
vn -0.258817 0.955427 0.142033
f 1069/1/268 1070/2/268 1071/3/268 1072/4/268
v 0.477500 0.731666 -1.345982
v 0.477500 0.764670 -1.567993
v 0.461029 0.748368 -1.570351
v 0.461029 0.715384 -1.348472
vn -0.707104 0.699424 0.103976
f 1073/1/269 1074/2/269 1075/3/269 1076/4/269
v 0.461029 0.715384 -1.348472
v 0.461029 0.748368 -1.570351
v 0.455000 0.726100 -1.573571
v 0.455000 0.693143 -1.351875
vn -0.965925 0.256008 0.038058
f 1077/1/270 1078/2/270 1079/3/270 1080/4/270
v 0.455000 0.693143 -1.351875
v 0.455000 0.726100 -1.573571
v 0.461029 0.703832 -1.576792
v 0.461029 0.670902 -1.355278
vn -0.965925 -0.256008 -0.038058
f 1081/1/271 1082/2/271 1083/3/271 1084/4/271
v 0.461029 0.670902 -1.355278
v 0.461029 0.703832 -1.576792
v 0.477500 0.687530 -1.579150
v 0.477500 0.654620 -1.357768
vn -0.707104 -0.699424 -0.103975
f 1085/1/272 1086/2/272 1087/3/272 1088/4/272
v 0.477500 0.654620 -1.357768
v 0.477500 0.687530 -1.579150
v 0.500000 0.681563 -1.580013
v 0.500000 0.648661 -1.358680
vn -0.258817 -0.955427 -0.142032
f 1089/1/273 1090/2/273 1091/3/273 1092/4/273
v 0.500000 0.648661 -1.358680
v 0.500000 0.681563 -1.580013
v 0.522500 0.687530 -1.579150
v 0.522500 0.654620 -1.357768
vn 0.258817 -0.955427 -0.142032
f 1093/1/274 1094/2/274 1095/3/274 1096/4/274
v 0.522500 0.654620 -1.357768
v 0.522500 0.687530 -1.579150
v 0.538971 0.703832 -1.576792
v 0.538971 0.670902 -1.355278
vn 0.707104 -0.699424 -0.103975
f 1097/1/275 1098/2/275 1099/3/275 1100/4/275
v 0.538971 0.670902 -1.355278
v 0.538971 0.703832 -1.576792
v 0.545000 0.726100 -1.573571
v 0.545000 0.693143 -1.351875
vn 0.965925 -0.256008 -0.038058
f 1101/1/276 1102/2/276 1103/3/276 1104/4/276
v 0.545000 0.726100 -1.573571
v 0.545000 0.757270 -1.795268
v 0.538971 0.779562 -1.792217
v 0.538971 0.748368 -1.570351
vn 0.965925 0.256300 0.036035
f 1105/1/277 1106/2/277 1107/3/277 1108/4/277
v 0.538971 0.748368 -1.570351
v 0.538971 0.779562 -1.792217
v 0.522500 0.795881 -1.789983
v 0.522500 0.764670 -1.567993
vn 0.707104 0.700222 0.098450
f 1109/1/278 1110/2/278 1111/3/278 1112/4/278
v 0.522500 0.764670 -1.567993
v 0.522500 0.795881 -1.789983
v 0.500000 0.801855 -1.789166
v 0.500000 0.770637 -1.567130
vn 0.258817 0.956518 0.134485
f 1113/1/279 1114/2/279 1115/3/279 1116/4/279
v 0.500000 0.770637 -1.567130
v 0.500000 0.801855 -1.789166
v 0.477500 0.795881 -1.789983
v 0.477500 0.764670 -1.567993
vn -0.258817 0.956518 0.134485
f 1117/1/280 1118/2/280 1119/3/280 1120/4/280
v 0.477500 0.764670 -1.567993
v 0.477500 0.795881 -1.789983
v 0.461029 0.779562 -1.792217
v 0.461029 0.748368 -1.570351
vn -0.707104 0.700222 0.098450
f 1121/1/281 1122/2/281 1123/3/281 1124/4/281
v 0.461029 0.748368 -1.570351
v 0.461029 0.779562 -1.792217
v 0.455000 0.757270 -1.795268
v 0.455000 0.726100 -1.573571
vn -0.965925 0.256300 0.036035
f 1125/1/282 1126/2/282 1127/3/282 1128/4/282
v 0.455000 0.726100 -1.573571
v 0.455000 0.757270 -1.795268
v 0.461029 0.734978 -1.798319
v 0.461029 0.703832 -1.576792
vn -0.965925 -0.256300 -0.036035
f 1129/1/283 1130/2/283 1131/3/283 1132/4/283
v 0.461029 0.703832 -1.576792
v 0.461029 0.734978 -1.798319
v 0.477500 0.718659 -1.800552
v 0.477500 0.687530 -1.579150
vn -0.707104 -0.700222 -0.098450
f 1133/1/284 1134/2/284 1135/3/284 1136/4/284
v 0.477500 0.687530 -1.579150
v 0.477500 0.718659 -1.800552
v 0.500000 0.712686 -1.801370
v 0.500000 0.681563 -1.580013
vn -0.258817 -0.956518 -0.134485
f 1137/1/285 1138/2/285 1139/3/285 1140/4/285
v 0.500000 0.681563 -1.580013
v 0.500000 0.712686 -1.801370
v 0.522500 0.718659 -1.800552
v 0.522500 0.687530 -1.579150
vn 0.258817 -0.956518 -0.134485
f 1141/1/286 1142/2/286 1143/3/286 1144/4/286
v 0.522500 0.687530 -1.579150
v 0.522500 0.718659 -1.800552
v 0.538971 0.734978 -1.798319
v 0.538971 0.703832 -1.576792
vn 0.707104 -0.700222 -0.098450
f 1145/1/287 1146/2/287 1147/3/287 1148/4/287
v 0.538971 0.703832 -1.576792
v 0.538971 0.734978 -1.798319
v 0.545000 0.757270 -1.795268
v 0.545000 0.726100 -1.573571
vn 0.965925 -0.256300 -0.036035
f 1149/1/288 1150/2/288 1151/3/288 1152/4/288
v 0.545000 0.757270 -1.795268
v 0.545000 0.786786 -2.016964
v 0.538971 0.809100 -2.014070
v 0.538971 0.779562 -1.792217
vn 0.965925 0.256557 0.034157
f 1153/1/289 1154/2/289 1155/3/289 1156/4/289
v 0.538971 0.779562 -1.792217
v 0.538971 0.809100 -2.014070
v 0.522500 0.825434 -2.011951
v 0.522500 0.795881 -1.789983
vn 0.707104 0.700924 0.093320
f 1157/1/290 1158/2/290 1159/3/290 1160/4/290
v 0.522500 0.795881 -1.789983
v 0.522500 0.825434 -2.011951
v 0.500000 0.831413 -2.011176
v 0.500000 0.801855 -1.789166
vn 0.258817 0.957478 0.127477
f 1161/1/291 1162/2/291 1163/3/291 1164/4/291
v 0.500000 0.801855 -1.789166
v 0.500000 0.831413 -2.011176
v 0.477500 0.825434 -2.011951
v 0.477500 0.795881 -1.789983
vn -0.258817 0.957478 0.127477
f 1165/1/292 1166/2/292 1167/3/292 1168/4/292
v 0.477500 0.795881 -1.789983
v 0.477500 0.825434 -2.011951
v 0.461029 0.809100 -2.014070
v 0.461029 0.779562 -1.792217
vn -0.707104 0.700924 0.093320
f 1169/1/293 1170/2/293 1171/3/293 1172/4/293
v 0.461029 0.779562 -1.792217
v 0.461029 0.809100 -2.014070
v 0.455000 0.786786 -2.016964
v 0.455000 0.757270 -1.795268
vn -0.965925 0.256557 0.034157
f 1173/1/294 1174/2/294 1175/3/294 1176/4/294
v 0.455000 0.757270 -1.795268
v 0.455000 0.786786 -2.016964
v 0.461029 0.764473 -2.019858
v 0.461029 0.734978 -1.798319
vn -0.965925 -0.256557 -0.034157
f 1177/1/295 1178/2/295 1179/3/295 1180/4/295
v 0.461029 0.734978 -1.798319
v 0.461029 0.764473 -2.019858
v 0.477500 0.748139 -2.021977
v 0.477500 0.718659 -1.800552
vn -0.707104 -0.700924 -0.093319
f 1181/1/296 1182/2/296 1183/3/296 1184/4/296
v 0.477500 0.718659 -1.800552
v 0.477500 0.748139 -2.021977
v 0.500000 0.742160 -2.022753
v 0.500000 0.712686 -1.801370
vn -0.258817 -0.957478 -0.127476
f 1185/1/297 1186/2/297 1187/3/297 1188/4/297
v 0.500000 0.712686 -1.801370
v 0.500000 0.742160 -2.022753
v 0.522500 0.748139 -2.021977
v 0.522500 0.718659 -1.800552
vn 0.258817 -0.957478 -0.127476
f 1189/1/298 1190/2/298 1191/3/298 1192/4/298
v 0.522500 0.718659 -1.800552
v 0.522500 0.748139 -2.021977
v 0.538971 0.764473 -2.019858
v 0.538971 0.734978 -1.798319
vn 0.707104 -0.700924 -0.093319
f 1193/1/299 1194/2/299 1195/3/299 1196/4/299
v 0.538971 0.734978 -1.798319
v 0.538971 0.764473 -2.019858
v 0.545000 0.786786 -2.016964
v 0.545000 0.757270 -1.795268
vn 0.965925 -0.256557 -0.034157
f 1197/1/300 1198/2/300 1199/3/300 1200/4/300
v 0.545000 0.786786 -2.016964
v 0.545000 0.814782 -2.238661
v 0.538971 0.837113 -2.235911
v 0.538971 0.809100 -2.014070
vn 0.965925 0.256781 0.032426
f 1201/1/301 1202/2/301 1203/3/301 1204/4/301
v 0.538971 0.809100 -2.014070
v 0.538971 0.837113 -2.235911
v 0.522500 0.853461 -2.233898
v 0.522500 0.825434 -2.011951
vn 0.707105 0.701538 0.088588
f 1205/1/302 1206/2/302 1207/3/302 1208/4/302
v 0.522500 0.825434 -2.011951
v 0.522500 0.853461 -2.233898
v 0.500000 0.859444 -2.233161
v 0.500000 0.831413 -2.011176
vn 0.258818 0.958316 0.121013
f 1209/1/303 1210/2/303 1211/3/303 1212/4/303
v 0.500000 0.831413 -2.011176
v 0.500000 0.859444 -2.233161
v 0.477500 0.853461 -2.233898
v 0.477500 0.825434 -2.011951
vn -0.258818 0.958316 0.121013
f 1213/1/304 1214/2/304 1215/3/304 1216/4/304
v 0.477500 0.825434 -2.011951
v 0.477500 0.853461 -2.233898
v 0.461029 0.837113 -2.235911
v 0.461029 0.809100 -2.014070
vn -0.707105 0.701538 0.088588
f 1217/1/305 1218/2/305 1219/3/305 1220/4/305
v 0.461029 0.809100 -2.014070
v 0.461029 0.837113 -2.235911
v 0.455000 0.814782 -2.238661
v 0.455000 0.786786 -2.016964
vn -0.965925 0.256781 0.032426
f 1221/1/306 1222/2/306 1223/3/306 1224/4/306
v 0.455000 0.786786 -2.016964
v 0.455000 0.814782 -2.238661
v 0.461029 0.792450 -2.241411
v 0.461029 0.764473 -2.019858
vn -0.965925 -0.256781 -0.032426
f 1225/1/307 1226/2/307 1227/3/307 1228/4/307
v 0.461029 0.764473 -2.019858
v 0.461029 0.792450 -2.241411
v 0.477500 0.776103 -2.243424
v 0.477500 0.748139 -2.021977
vn -0.707105 -0.701538 -0.088588
f 1229/1/308 1230/2/308 1231/3/308 1232/4/308
v 0.477500 0.748139 -2.021977
v 0.477500 0.776103 -2.243424
v 0.500000 0.770119 -2.244161
v 0.500000 0.742160 -2.022753
vn -0.258818 -0.958316 -0.121013
f 1233/1/309 1234/2/309 1235/3/309 1236/4/309
v 0.500000 0.742160 -2.022753
v 0.500000 0.770119 -2.244161
v 0.522500 0.776103 -2.243424
v 0.522500 0.748139 -2.021977
vn 0.258818 -0.958316 -0.121013
f 1237/1/310 1238/2/310 1239/3/310 1240/4/310
v 0.522500 0.748139 -2.021977
v 0.522500 0.776103 -2.243424
v 0.538971 0.792450 -2.241411
v 0.538971 0.764473 -2.019858
vn 0.707105 -0.701538 -0.088588
f 1241/1/311 1242/2/311 1243/3/311 1244/4/311
v 0.538971 0.764473 -2.019858
v 0.538971 0.792450 -2.241411
v 0.545000 0.814782 -2.238661
v 0.545000 0.786786 -2.016964
vn 0.965925 -0.256781 -0.032426
f 1245/1/312 1246/2/312 1247/3/312 1248/4/312
v 0.545000 0.814782 -2.238661
v 0.545000 0.841389 -2.460357
v 0.538971 0.863736 -2.457738
v 0.538971 0.837113 -2.235911
vn 0.965926 0.256976 0.030841
f 1249/1/313 1250/2/313 1251/3/313 1252/4/313
v 0.538971 0.837113 -2.235911
v 0.538971 0.863736 -2.457738
v 0.522500 0.880095 -2.455821
v 0.522500 0.853461 -2.233898
vn 0.707105 0.702070 0.084260
f 1253/1/314 1254/2/314 1255/3/314 1256/4/314
v 0.522500 0.853461 -2.233898
v 0.522500 0.880095 -2.455821
v 0.500000 0.886083 -2.455120
v 0.500000 0.859444 -2.233161
vn 0.258818 0.959044 0.115101
f 1257/1/315 1258/2/315 1259/3/315 1260/4/315
v 0.500000 0.859444 -2.233161
v 0.500000 0.886083 -2.455120
v 0.477500 0.880095 -2.455821
v 0.477500 0.853461 -2.233898
vn -0.258818 0.959044 0.115101
f 1261/1/316 1262/2/316 1263/3/316 1264/4/316
v 0.477500 0.853461 -2.233898
v 0.477500 0.880095 -2.455821
v 0.461029 0.863736 -2.457738
v 0.461029 0.837113 -2.235911
vn -0.707105 0.702070 0.084260
f 1265/1/317 1266/2/317 1267/3/317 1268/4/317
v 0.461029 0.837113 -2.235911
v 0.461029 0.863736 -2.457738
v 0.455000 0.841389 -2.460357
v 0.455000 0.814782 -2.238661
vn -0.965926 0.256976 0.030841
f 1269/1/318 1270/2/318 1271/3/318 1272/4/318
v 0.455000 0.814782 -2.238661
v 0.455000 0.841389 -2.460357
v 0.461029 0.819042 -2.462976
v 0.461029 0.792450 -2.241411
vn -0.965926 -0.256976 -0.030841
f 1273/1/319 1274/2/319 1275/3/319 1276/4/319
v 0.461029 0.792450 -2.241411
v 0.461029 0.819042 -2.462976
v 0.477500 0.802682 -2.464893
v 0.477500 0.776103 -2.243424
vn -0.707105 -0.702070 -0.084260
f 1277/1/320 1278/2/320 1279/3/320 1280/4/320
v 0.477500 0.776103 -2.243424
v 0.477500 0.802682 -2.464893
v 0.500000 0.796694 -2.465595
v 0.500000 0.770119 -2.244161
vn -0.258818 -0.959044 -0.115100
f 1281/1/321 1282/2/321 1283/3/321 1284/4/321
v 0.500000 0.770119 -2.244161
v 0.500000 0.796694 -2.465595
v 0.522500 0.802682 -2.464893
v 0.522500 0.776103 -2.243424
vn 0.258818 -0.959044 -0.115100
f 1285/1/322 1286/2/322 1287/3/322 1288/4/322
v 0.522500 0.776103 -2.243424
v 0.522500 0.802682 -2.464893
v 0.538971 0.819042 -2.462976
v 0.538971 0.792450 -2.241411
vn 0.707105 -0.702070 -0.084260
f 1289/1/323 1290/2/323 1291/3/323 1292/4/323
v 0.538971 0.792450 -2.241411
v 0.538971 0.819042 -2.462976
v 0.545000 0.841389 -2.460357
v 0.545000 0.814782 -2.238661
vn 0.965926 -0.256976 -0.030841
f 1293/1/324 1294/2/324 1295/3/324 1296/4/324
v 0.545000 0.841389 -2.460357
v 0.545000 0.866741 -2.682054
v 0.538971 0.889101 -2.679553
v 0.538971 0.863736 -2.457738
vn 0.965926 0.257144 0.029406
f 1297/1/325 1298/2/325 1299/3/325 1300/4/325
v 0.538971 0.863736 -2.457738
v 0.538971 0.889101 -2.679553
v 0.522500 0.905470 -2.677723
v 0.522500 0.880095 -2.455821
vn 0.707105 0.702530 0.080338
f 1301/1/326 1302/2/326 1303/3/326 1304/4/326
v 0.522500 0.880095 -2.455821
v 0.522500 0.905470 -2.677723
v 0.500000 0.911462 -2.677053
v 0.500000 0.886083 -2.455120
vn 0.258818 0.959672 0.109743
f 1305/1/327 1306/2/327 1307/3/327 1308/4/327
v 0.500000 0.886083 -2.455120
v 0.500000 0.911462 -2.677053
v 0.477500 0.905470 -2.677723
v 0.477500 0.880095 -2.455821
vn -0.258818 0.959672 0.109743
f 1309/1/328 1310/2/328 1311/3/328 1312/4/328
v 0.477500 0.880095 -2.455821
v 0.477500 0.905470 -2.677723
v 0.461029 0.889101 -2.679553
v 0.461029 0.863736 -2.457738
vn -0.707105 0.702530 0.080338
f 1313/1/329 1314/2/329 1315/3/329 1316/4/329
v 0.461029 0.863736 -2.457738
v 0.461029 0.889101 -2.679553
v 0.455000 0.866741 -2.682054
v 0.455000 0.841389 -2.460357
vn -0.965926 0.257144 0.029406
f 1317/1/330 1318/2/330 1319/3/330 1320/4/330
v 0.455000 0.841389 -2.460357
v 0.455000 0.866741 -2.682054
v 0.461029 0.844380 -2.684554
v 0.461029 0.819042 -2.462976
vn -0.965926 -0.257144 -0.029406
f 1321/1/331 1322/2/331 1323/3/331 1324/4/331
v 0.461029 0.819042 -2.462976
v 0.461029 0.844380 -2.684554
v 0.477500 0.828011 -2.686384
v 0.477500 0.802682 -2.464893
vn -0.707105 -0.702530 -0.080338
f 1325/1/332 1326/2/332 1327/3/332 1328/4/332
v 0.477500 0.802682 -2.464893
v 0.477500 0.828011 -2.686384
v 0.500000 0.822019 -2.687054
v 0.500000 0.796694 -2.465595
vn -0.258818 -0.959672 -0.109743
f 1329/1/333 1330/2/333 1331/3/333 1332/4/333
v 0.500000 0.796694 -2.465595
v 0.500000 0.822019 -2.687054
v 0.522500 0.828011 -2.686384
v 0.522500 0.802682 -2.464893
vn 0.258818 -0.959672 -0.109743
f 1333/1/334 1334/2/334 1335/3/334 1336/4/334
v 0.522500 0.802682 -2.464893
v 0.522500 0.828011 -2.686384
v 0.538971 0.844380 -2.684554
v 0.538971 0.819042 -2.462976
vn 0.707105 -0.702530 -0.080338
f 1337/1/335 1338/2/335 1339/3/335 1340/4/335
v 0.538971 0.819042 -2.462976
v 0.538971 0.844380 -2.684554
v 0.545000 0.866741 -2.682054
v 0.545000 0.841389 -2.460357
vn 0.965926 -0.257144 -0.029406
f 1341/1/336 1342/2/336 1343/3/336 1344/4/336
v 0.545000 0.866741 -2.682054
v 0.545000 0.890971 -2.903750
v 0.538971 0.913343 -2.901355
v 0.538971 0.889101 -2.679553
vn 0.965926 0.257288 0.028120
f 1345/1/337 1346/2/337 1347/3/337 1348/4/337
v 0.538971 0.889101 -2.679553
v 0.538971 0.913343 -2.901355
v 0.522500 0.929720 -2.899601
v 0.522500 0.905470 -2.677723
vn 0.707106 0.702922 0.076825
f 1349/1/338 1350/2/338 1351/3/338 1352/4/338
v 0.522500 0.905470 -2.677723
v 0.522500 0.929720 -2.899601
v 0.500000 0.935715 -2.898960
v 0.500000 0.911462 -2.677053
vn 0.258818 0.960208 0.104945
f 1353/1/339 1354/2/339 1355/3/339 1356/4/339
v 0.500000 0.911462 -2.677053
v 0.500000 0.935715 -2.898960
v 0.477500 0.929720 -2.899601
v 0.477500 0.905470 -2.677723
vn -0.258818 0.960208 0.104945
f 1357/1/340 1358/2/340 1359/3/340 1360/4/340
v 0.477500 0.905470 -2.677723
v 0.477500 0.929720 -2.899601
v 0.461029 0.913343 -2.901355
v 0.461029 0.889101 -2.679553
vn -0.707106 0.702922 0.076825
f 1361/1/341 1362/2/341 1363/3/341 1364/4/341
v 0.461029 0.889101 -2.679553
v 0.461029 0.913343 -2.901355
v 0.455000 0.890971 -2.903750
v 0.455000 0.866741 -2.682054
vn -0.965926 0.257288 0.028120
f 1365/1/342 1366/2/342 1367/3/342 1368/4/342
v 0.455000 0.866741 -2.682054
v 0.455000 0.890971 -2.903750
v 0.461029 0.868599 -2.906145
v 0.461029 0.844380 -2.684554
vn -0.965926 -0.257288 -0.028120
f 1369/1/343 1370/2/343 1371/3/343 1372/4/343
v 0.461029 0.844380 -2.684554
v 0.461029 0.868599 -2.906145
v 0.477500 0.852221 -2.907899
v 0.477500 0.828011 -2.686384
vn -0.707106 -0.702922 -0.076825
f 1373/1/344 1374/2/344 1375/3/344 1376/4/344
v 0.477500 0.828011 -2.686384
v 0.477500 0.852221 -2.907899
v 0.500000 0.846226 -2.908540
v 0.500000 0.822019 -2.687054
vn -0.258818 -0.960208 -0.104944
f 1377/1/345 1378/2/345 1379/3/345 1380/4/345
v 0.500000 0.822019 -2.687054
v 0.500000 0.846226 -2.908540
v 0.522500 0.852221 -2.907899
v 0.522500 0.828011 -2.686384
vn 0.258818 -0.960208 -0.104944
f 1381/1/346 1382/2/346 1383/3/346 1384/4/346
v 0.522500 0.828011 -2.686384
v 0.522500 0.852221 -2.907899
v 0.538971 0.868599 -2.906145
v 0.538971 0.844380 -2.684554
vn 0.707106 -0.702922 -0.076825
f 1385/1/347 1386/2/347 1387/3/347 1388/4/347
v 0.538971 0.844380 -2.684554
v 0.538971 0.868599 -2.906145
v 0.545000 0.890971 -2.903750
v 0.545000 0.866741 -2.682054
vn 0.965926 -0.257288 -0.028120
f 1389/1/348 1390/2/348 1391/3/348 1392/4/348
v 0.545000 0.890971 -2.903750
v 0.545000 0.914211 -3.125446
v 0.538971 0.936593 -3.123143
v 0.538971 0.913343 -2.901355
vn 0.965926 0.257409 0.026985
f 1393/1/349 1394/2/349 1395/3/349 1396/4/349
v 0.538971 0.913343 -2.901355
v 0.538971 0.936593 -3.123143
v 0.522500 0.952978 -3.121457
v 0.522500 0.929720 -2.899601
vn 0.707106 0.703254 0.073723
f 1397/1/350 1398/2/350 1399/3/350 1400/4/350
v 0.522500 0.929720 -2.899601
v 0.522500 0.952978 -3.121457
v 0.500000 0.958975 -3.120840
v 0.500000 0.935715 -2.898960
vn 0.258818 0.960662 0.100708
f 1401/1/351 1402/2/351 1403/3/351 1404/4/351
v 0.500000 0.935715 -2.898960
v 0.500000 0.958975 -3.120840
v 0.477500 0.952978 -3.121457
v 0.477500 0.929720 -2.899601
vn -0.258818 0.960662 0.100708
f 1405/1/352 1406/2/352 1407/3/352 1408/4/352
v 0.477500 0.929720 -2.899601
v 0.477500 0.952978 -3.121457
v 0.461029 0.936593 -3.123143
v 0.461029 0.913343 -2.901355
vn -0.707106 0.703254 0.073723
f 1409/1/353 1410/2/353 1411/3/353 1412/4/353
v 0.461029 0.913343 -2.901355
v 0.461029 0.936593 -3.123143
v 0.455000 0.914211 -3.125446
v 0.455000 0.890971 -2.903750
vn -0.965926 0.257409 0.026985
f 1413/1/354 1414/2/354 1415/3/354 1416/4/354
v 0.455000 0.890971 -2.903750
v 0.455000 0.914211 -3.125446
v 0.461029 0.891830 -3.127750
v 0.461029 0.868599 -2.906145
vn -0.965926 -0.257409 -0.026985
f 1417/1/355 1418/2/355 1419/3/355 1420/4/355
v 0.461029 0.868599 -2.906145
v 0.461029 0.891830 -3.127750
v 0.477500 0.875445 -3.129436
v 0.477500 0.852221 -2.907899
vn -0.707106 -0.703254 -0.073723
f 1421/1/356 1422/2/356 1423/3/356 1424/4/356
v 0.477500 0.852221 -2.907899
v 0.477500 0.875445 -3.129436
v 0.500000 0.869448 -3.130053
v 0.500000 0.846226 -2.908540
vn -0.258818 -0.960662 -0.100708
f 1425/1/357 1426/2/357 1427/3/357 1428/4/357
v 0.500000 0.846226 -2.908540
v 0.500000 0.869448 -3.130053
v 0.522500 0.875445 -3.129436
v 0.522500 0.852221 -2.907899
vn 0.258818 -0.960662 -0.100708
f 1429/1/358 1430/2/358 1431/3/358 1432/4/358
v 0.522500 0.852221 -2.907899
v 0.522500 0.875445 -3.129436
v 0.538971 0.891830 -3.127750
v 0.538971 0.868599 -2.906145
vn 0.707106 -0.703254 -0.073723
f 1433/1/359 1434/2/359 1435/3/359 1436/4/359
v 0.538971 0.868599 -2.906145
v 0.538971 0.891830 -3.127750
v 0.545000 0.914211 -3.125446
v 0.545000 0.890971 -2.903750
vn 0.965926 -0.257409 -0.026985
f 1437/1/360 1438/2/360 1439/3/360 1440/4/360
v 0.545000 0.914211 -3.125446
v 0.545000 0.936596 -3.347143
v 0.538971 0.958986 -3.344919
v 0.538971 0.936593 -3.123143
vn 0.965926 0.257510 0.026001
f 1441/1/361 1442/2/361 1443/3/361 1444/4/361
v 0.538971 0.936593 -3.123143
v 0.538971 0.958986 -3.344919
v 0.522500 0.975376 -3.343290
v 0.522500 0.952978 -3.121457
vn 0.707106 0.703530 0.071036
f 1445/1/362 1446/2/362 1447/3/362 1448/4/362
v 0.522500 0.952978 -3.121457
v 0.522500 0.975376 -3.343290
v 0.500000 0.981376 -3.342695
v 0.500000 0.958975 -3.120840
vn 0.258819 0.961039 0.097036
f 1449/1/363 1450/2/363 1451/3/363 1452/4/363
v 0.500000 0.958975 -3.120840
v 0.500000 0.981376 -3.342695
v 0.477500 0.975376 -3.343290
v 0.477500 0.952978 -3.121457
vn -0.258819 0.961039 0.097036
f 1453/1/364 1454/2/364 1455/3/364 1456/4/364
v 0.477500 0.952978 -3.121457
v 0.477500 0.975376 -3.343290
v 0.461029 0.958986 -3.344919
v 0.461029 0.936593 -3.123143
vn -0.707106 0.703530 0.071036
f 1457/1/365 1458/2/365 1459/3/365 1460/4/365
v 0.461029 0.936593 -3.123143
v 0.461029 0.958986 -3.344919
v 0.455000 0.936596 -3.347143
v 0.455000 0.914211 -3.125446
vn -0.965926 0.257510 0.026001
f 1461/1/366 1462/2/366 1463/3/366 1464/4/366
v 0.455000 0.914211 -3.125446
v 0.455000 0.936596 -3.347143
v 0.461029 0.914206 -3.349367
v 0.461029 0.891830 -3.127750
vn -0.965926 -0.257510 -0.026001
f 1465/1/367 1466/2/367 1467/3/367 1468/4/367
v 0.461029 0.891830 -3.127750
v 0.461029 0.914206 -3.349367
v 0.477500 0.897816 -3.350995
v 0.477500 0.875445 -3.129436
vn -0.707106 -0.703530 -0.071035
f 1469/1/368 1470/2/368 1471/3/368 1472/4/368
v 0.477500 0.875445 -3.129436
v 0.477500 0.897816 -3.350995
v 0.500000 0.891817 -3.351591
v 0.500000 0.869448 -3.130053
vn -0.258819 -0.961039 -0.097036
f 1473/1/369 1474/2/369 1475/3/369 1476/4/369
v 0.500000 0.869448 -3.130053
v 0.500000 0.891817 -3.351591
v 0.522500 0.897816 -3.350995
v 0.522500 0.875445 -3.129436
vn 0.258819 -0.961039 -0.097036
f 1477/1/370 1478/2/370 1479/3/370 1480/4/370
v 0.522500 0.875445 -3.129436
v 0.522500 0.897816 -3.350995
v 0.538971 0.914206 -3.349367
v 0.538971 0.891830 -3.127750
vn 0.707106 -0.703530 -0.071035
f 1481/1/371 1482/2/371 1483/3/371 1484/4/371
v 0.538971 0.891830 -3.127750
v 0.538971 0.914206 -3.349367
v 0.545000 0.936596 -3.347143
v 0.545000 0.914211 -3.125446
vn 0.965926 -0.257510 -0.026001
f 1485/1/372 1486/2/372 1487/3/372 1488/4/372
v 0.545000 0.936596 -3.347143
v 0.545000 0.958258 -3.568839
v 0.538971 0.980654 -3.566681
v 0.538971 0.958986 -3.344919
vn 0.965926 0.257593 0.025169
f 1489/1/373 1490/2/373 1491/3/373 1492/4/373
v 0.538971 0.958986 -3.344919
v 0.538971 0.980654 -3.566681
v 0.522500 0.997049 -3.565101
v 0.522500 0.975376 -3.343290
vn 0.707106 0.703756 0.068763
f 1493/1/374 1494/2/374 1495/3/374 1496/4/374
v 0.522500 0.975376 -3.343290
v 0.522500 0.997049 -3.565101
v 0.500000 1.003050 -3.564522
v 0.500000 0.981376 -3.342695
vn 0.258819 0.961348 0.093932
f 1497/1/375 1498/2/375 1499/3/375 1500/4/375
v 0.500000 0.981376 -3.342695
v 0.500000 1.003050 -3.564522
v 0.477500 0.997049 -3.565101
v 0.477500 0.975376 -3.343290
vn -0.258819 0.961348 0.093932
f 1501/1/376 1502/2/376 1503/3/376 1504/4/376
v 0.477500 0.975376 -3.343290
v 0.477500 0.997049 -3.565101
v 0.461029 0.980654 -3.566681
v 0.461029 0.958986 -3.344919
vn -0.707106 0.703756 0.068763
f 1505/1/377 1506/2/377 1507/3/377 1508/4/377
v 0.461029 0.958986 -3.344919
v 0.461029 0.980654 -3.566681
v 0.455000 0.958258 -3.568839
v 0.455000 0.936596 -3.347143
vn -0.965926 0.257593 0.025169
f 1509/1/378 1510/2/378 1511/3/378 1512/4/378
v 0.455000 0.936596 -3.347143
v 0.455000 0.958258 -3.568839
v 0.461029 0.935862 -3.570998
v 0.461029 0.914206 -3.349367
vn -0.965926 -0.257593 -0.025169
f 1513/1/379 1514/2/379 1515/3/379 1516/4/379
v 0.461029 0.914206 -3.349367
v 0.461029 0.935862 -3.570998
v 0.477500 0.919466 -3.572578
v 0.477500 0.897816 -3.350995
vn -0.707106 -0.703756 -0.068763
f 1517/1/380 1518/2/380 1519/3/380 1520/4/380
v 0.477500 0.897816 -3.350995
v 0.477500 0.919466 -3.572578
v 0.500000 0.913465 -3.573156
v 0.500000 0.891817 -3.351591
vn -0.258819 -0.961348 -0.093931
f 1521/1/381 1522/2/381 1523/3/381 1524/4/381
v 0.500000 0.891817 -3.351591
v 0.500000 0.913465 -3.573156
v 0.522500 0.919466 -3.572578
v 0.522500 0.897816 -3.350995
vn 0.258819 -0.961348 -0.093931
f 1525/1/382 1526/2/382 1527/3/382 1528/4/382
v 0.522500 0.897816 -3.350995
v 0.522500 0.919466 -3.572578
v 0.538971 0.935862 -3.570998
v 0.538971 0.914206 -3.349367
vn 0.707106 -0.703756 -0.068763
f 1529/1/383 1530/2/383 1531/3/383 1532/4/383
v 0.538971 0.914206 -3.349367
v 0.538971 0.935862 -3.570998
v 0.545000 0.958258 -3.568839
v 0.545000 0.936596 -3.347143
vn 0.965926 -0.257593 -0.025169
f 1533/1/384 1534/2/384 1535/3/384 1536/4/384
v 0.545000 0.958258 -3.568839
v 0.545000 0.979329 -3.790536
v 0.538971 1.001730 -3.788430
v 0.538971 0.980654 -3.566681
vn 0.965926 0.257658 0.024489
f 1537/1/385 1538/2/385 1539/3/385 1540/4/385
v 0.538971 0.980654 -3.566681
v 0.538971 1.001730 -3.788430
v 0.522500 1.018129 -3.786888
v 0.522500 0.997049 -3.565101
vn 0.707106 0.703935 0.066906
f 1541/1/386 1542/2/386 1543/3/386 1544/4/386
v 0.522500 0.997049 -3.565101
v 0.522500 1.018129 -3.786888
v 0.500000 1.024132 -3.786324
v 0.500000 1.003050 -3.564522
vn 0.258819 0.961592 0.091396
f 1545/1/387 1546/2/387 1547/3/387 1548/4/387
v 0.500000 1.003050 -3.564522
v 0.500000 1.024132 -3.786324
v 0.477500 1.018129 -3.786888
v 0.477500 0.997049 -3.565101
vn -0.258819 0.961592 0.091396
f 1549/1/388 1550/2/388 1551/3/388 1552/4/388
v 0.477500 0.997049 -3.565101
v 0.477500 1.018129 -3.786888
v 0.461029 1.001730 -3.788430
v 0.461029 0.980654 -3.566681
vn -0.707106 0.703935 0.066906
f 1553/1/389 1554/2/389 1555/3/389 1556/4/389
v 0.461029 0.980654 -3.566681
v 0.461029 1.001730 -3.788430
v 0.455000 0.979329 -3.790536
v 0.455000 0.958258 -3.568839
vn -0.965926 0.257658 0.024489
f 1557/1/390 1558/2/390 1559/3/390 1560/4/390
v 0.455000 0.958258 -3.568839
v 0.455000 0.979329 -3.790536
v 0.461029 0.956928 -3.792642
v 0.461029 0.935862 -3.570998
vn -0.965926 -0.257658 -0.024489
f 1561/1/391 1562/2/391 1563/3/391 1564/4/391
v 0.461029 0.935862 -3.570998
v 0.461029 0.956928 -3.792642
v 0.477500 0.940529 -3.794183
v 0.477500 0.919466 -3.572578
vn -0.707106 -0.703935 -0.066906
f 1565/1/392 1566/2/392 1567/3/392 1568/4/392
v 0.477500 0.919466 -3.572578
v 0.477500 0.940529 -3.794183
v 0.500000 0.934527 -3.794748
v 0.500000 0.913465 -3.573156
vn -0.258819 -0.961592 -0.091396
f 1569/1/393 1570/2/393 1571/3/393 1572/4/393
v 0.500000 0.913465 -3.573156
v 0.500000 0.934527 -3.794748
v 0.522500 0.940529 -3.794183
v 0.522500 0.919466 -3.572578
vn 0.258819 -0.961592 -0.091396
f 1573/1/394 1574/2/394 1575/3/394 1576/4/394
v 0.522500 0.919466 -3.572578
v 0.522500 0.940529 -3.794183
v 0.538971 0.956928 -3.792642
v 0.538971 0.935862 -3.570998
vn 0.707106 -0.703935 -0.066906
f 1577/1/395 1578/2/395 1579/3/395 1580/4/395
v 0.538971 0.935862 -3.570998
v 0.538971 0.956928 -3.792642
v 0.545000 0.979329 -3.790536
v 0.545000 0.958258 -3.568839
vn 0.965926 -0.257658 -0.024489
f 1581/1/396 1582/2/396 1583/3/396 1584/4/396
v 0.545000 0.979329 -3.790536
v 0.545000 0.999943 -4.012232
v 0.538971 1.022348 -4.010165
v 0.538971 1.001730 -3.788430
vn 0.965926 0.257708 0.023963
f 1585/1/397 1586/2/397 1587/3/397 1588/4/397
v 0.538971 1.001730 -3.788430
v 0.538971 1.022348 -4.010165
v 0.522500 1.038750 -4.008652
v 0.522500 1.018129 -3.786888
vn 0.707107 0.704070 0.065467
f 1589/1/398 1590/2/398 1591/3/398 1592/4/398
v 0.522500 1.018129 -3.786888
v 0.522500 1.038750 -4.008652
v 0.500000 1.044753 -4.008098
v 0.500000 1.024132 -3.786324
vn 0.258819 0.961777 0.089430
f 1593/1/399 1594/2/399 1595/3/399 1596/4/399
v 0.500000 1.024132 -3.786324
v 0.500000 1.044753 -4.008098
v 0.477500 1.038750 -4.008652
v 0.477500 1.018129 -3.786888
vn -0.258819 0.961777 0.089430
f 1597/1/400 1598/2/400 1599/3/400 1600/4/400
v 0.477500 1.018129 -3.786888
v 0.477500 1.038750 -4.008652
v 0.461029 1.022348 -4.010165
v 0.461029 1.001730 -3.788430
vn -0.707107 0.704070 0.065467
f 1601/1/401 1602/2/401 1603/3/401 1604/4/401
v 0.461029 1.001730 -3.788430
v 0.461029 1.022348 -4.010165
v 0.455000 0.999943 -4.012232
v 0.455000 0.979329 -3.790536
vn -0.965926 0.257708 0.023963
f 1605/1/402 1606/2/402 1607/3/402 1608/4/402
v 0.455000 0.979329 -3.790536
v 0.455000 0.999943 -4.012232
v 0.461029 0.977538 -4.014299
v 0.461029 0.956928 -3.792642
vn -0.965926 -0.257708 -0.023963
f 1609/1/403 1610/2/403 1611/3/403 1612/4/403
v 0.461029 0.956928 -3.792642
v 0.461029 0.977538 -4.014299
v 0.477500 0.961137 -4.015812
v 0.477500 0.940529 -3.794183
vn -0.707107 -0.704070 -0.065467
f 1613/1/404 1614/2/404 1615/3/404 1616/4/404
v 0.477500 0.940529 -3.794183
v 0.477500 0.961137 -4.015812
v 0.500000 0.955134 -4.016366
v 0.500000 0.934527 -3.794748
vn -0.258819 -0.961777 -0.089430
f 1617/1/405 1618/2/405 1619/3/405 1620/4/405
v 0.500000 0.934527 -3.794748
v 0.500000 0.955134 -4.016366
v 0.522500 0.961137 -4.015812
v 0.522500 0.940529 -3.794183
vn 0.258819 -0.961777 -0.089430
f 1621/1/406 1622/2/406 1623/3/406 1624/4/406
v 0.522500 0.940529 -3.794183
v 0.522500 0.961137 -4.015812
v 0.538971 0.977538 -4.014299
v 0.538971 0.956928 -3.792642
vn 0.707107 -0.704070 -0.065467
f 1625/1/407 1626/2/407 1627/3/407 1628/4/407
v 0.538971 0.956928 -3.792642
v 0.538971 0.977538 -4.014299
v 0.545000 0.999943 -4.012232
v 0.545000 0.979329 -3.790536
vn 0.965926 -0.257708 -0.023963
f 1629/1/408 1630/2/408 1631/3/408 1632/4/408
v 0.545000 0.999943 -4.012232
v 0.545000 1.020233 -4.233929
v 0.538971 1.042640 -4.231887
v 0.538971 1.022348 -4.010165
vn 0.965926 0.257742 0.023589
f 1633/1/409 1634/2/409 1635/3/409 1636/4/409
v 0.538971 1.022348 -4.010165
v 0.538971 1.042640 -4.231887
v 0.522500 1.059044 -4.230393
v 0.522500 1.038750 -4.008652
vn 0.707107 0.704164 0.064446
f 1637/1/410 1638/2/410 1639/3/410 1640/4/410
v 0.522500 1.038750 -4.008652
v 0.522500 1.059044 -4.230393
v 0.500000 1.065048 -4.229846
v 0.500000 1.044753 -4.008098
vn 0.258819 0.961906 0.088035
f 1641/1/411 1642/2/411 1643/3/411 1644/4/411
v 0.500000 1.044753 -4.008098
v 0.500000 1.065048 -4.229846
v 0.477500 1.059044 -4.230393
v 0.477500 1.038750 -4.008652
vn -0.258819 0.961906 0.088035
f 1645/1/412 1646/2/412 1647/3/412 1648/4/412
v 0.477500 1.038750 -4.008652
v 0.477500 1.059044 -4.230393
v 0.461029 1.042640 -4.231887
v 0.461029 1.022348 -4.010165
vn -0.707107 0.704164 0.064446
f 1649/1/413 1650/2/413 1651/3/413 1652/4/413
v 0.461029 1.022348 -4.010165
v 0.461029 1.042640 -4.231887
v 0.455000 1.020233 -4.233929
v 0.455000 0.999943 -4.012232
vn -0.965926 0.257742 0.023589
f 1653/1/414 1654/2/414 1655/3/414 1656/4/414
v 0.455000 0.999943 -4.012232
v 0.455000 1.020233 -4.233929
v 0.461029 0.997826 -4.235970
v 0.461029 0.977538 -4.014299
vn -0.965926 -0.257742 -0.023589
f 1657/1/415 1658/2/415 1659/3/415 1660/4/415
v 0.461029 0.977538 -4.014299
v 0.461029 0.997826 -4.235970
v 0.477500 0.981423 -4.237464
v 0.477500 0.961137 -4.015812
vn -0.707107 -0.704164 -0.064446
f 1661/1/416 1662/2/416 1663/3/416 1664/4/416
v 0.477500 0.961137 -4.015812
v 0.477500 0.981423 -4.237464
v 0.500000 0.975419 -4.238011
v 0.500000 0.955134 -4.016366
vn -0.258819 -0.961906 -0.088035
f 1665/1/417 1666/2/417 1667/3/417 1668/4/417
v 0.500000 0.955134 -4.016366
v 0.500000 0.975419 -4.238011
v 0.522500 0.981423 -4.237464
v 0.522500 0.961137 -4.015812
vn 0.258819 -0.961906 -0.088035
f 1669/1/418 1670/2/418 1671/3/418 1672/4/418
v 0.522500 0.961137 -4.015812
v 0.522500 0.981423 -4.237464
v 0.538971 0.997826 -4.235970
v 0.538971 0.977538 -4.014299
vn 0.707107 -0.704164 -0.064446
f 1673/1/419 1674/2/419 1675/3/419 1676/4/419
v 0.538971 0.977538 -4.014299
v 0.538971 0.997826 -4.235970
v 0.545000 1.020233 -4.233929
v 0.545000 0.999943 -4.012232
vn 0.965926 -0.257742 -0.023589
f 1677/1/420 1678/2/420 1679/3/420 1680/4/420
v 0.545000 1.020233 -4.233929
v 0.545000 1.040332 -4.455625
v 0.538971 1.062740 -4.453596
v 0.538971 1.042640 -4.231887
vn 0.965926 0.257762 0.023368
f 1681/1/421 1682/2/421 1683/3/421 1684/4/421
v 0.538971 1.042640 -4.231887
v 0.538971 1.062740 -4.453596
v 0.522500 1.079144 -4.452111
v 0.522500 1.059044 -4.230393
vn 0.707107 0.704219 0.063843
f 1685/1/422 1686/2/422 1687/3/422 1688/4/422
v 0.522500 1.059044 -4.230393
v 0.522500 1.079144 -4.452111
v 0.500000 1.085149 -4.451568
v 0.500000 1.065048 -4.229846
vn 0.258819 0.961981 0.087212
f 1689/1/423 1690/2/423 1691/3/423 1692/4/423
v 0.500000 1.065048 -4.229846
v 0.500000 1.085149 -4.451568
v 0.477500 1.079144 -4.452111
v 0.477500 1.059044 -4.230393
vn -0.258819 0.961981 0.087212
f 1693/1/424 1694/2/424 1695/3/424 1696/4/424
v 0.477500 1.059044 -4.230393
v 0.477500 1.079144 -4.452111
v 0.461029 1.062740 -4.453596
v 0.461029 1.042640 -4.231887
vn -0.707107 0.704219 0.063843
f 1697/1/425 1698/2/425 1699/3/425 1700/4/425
v 0.461029 1.042640 -4.231887
v 0.461029 1.062740 -4.453596
v 0.455000 1.040332 -4.455625
v 0.455000 1.020233 -4.233929
vn -0.965926 0.257762 0.023368
f 1701/1/426 1702/2/426 1703/3/426 1704/4/426
v 0.455000 1.020233 -4.233929
v 0.455000 1.040332 -4.455625
v 0.461029 1.017924 -4.457654
v 0.461029 0.997826 -4.235970
vn -0.965926 -0.257762 -0.023368
f 1705/1/427 1706/2/427 1707/3/427 1708/4/427
v 0.461029 0.997826 -4.235970
v 0.461029 1.017924 -4.457654
v 0.477500 1.001520 -4.459139
v 0.477500 0.981423 -4.237464
vn -0.707107 -0.704219 -0.063843
f 1709/1/428 1710/2/428 1711/3/428 1712/4/428
v 0.477500 0.981423 -4.237464
v 0.477500 1.001520 -4.459139
v 0.500000 0.995515 -4.459682
v 0.500000 0.975419 -4.238011
vn -0.258819 -0.961981 -0.087212
f 1713/1/429 1714/2/429 1715/3/429 1716/4/429
v 0.500000 0.975419 -4.238011
v 0.500000 0.995515 -4.459682
v 0.522500 1.001520 -4.459139
v 0.522500 0.981423 -4.237464
vn 0.258819 -0.961981 -0.087212
f 1717/1/430 1718/2/430 1719/3/430 1720/4/430
v 0.522500 0.981423 -4.237464
v 0.522500 1.001520 -4.459139
v 0.538971 1.017924 -4.457654
v 0.538971 0.997826 -4.235970
vn 0.707107 -0.704219 -0.063843
f 1721/1/431 1722/2/431 1723/3/431 1724/4/431
v 0.538971 0.997826 -4.235970
v 0.538971 1.017924 -4.457654
v 0.545000 1.040332 -4.455625
v 0.545000 1.020233 -4.233929
vn 0.965926 -0.257762 -0.023368
f 1725/1/432 1726/2/432 1727/3/432 1728/4/432
v 0.545000 1.040332 -4.455625
v 0.545000 1.060372 -4.677321
v 0.538971 1.082781 -4.675292
v 0.538971 1.062740 -4.453596
vn 0.965926 0.257768 0.023301
f 1729/1/433 1730/2/433 1731/3/433 1732/4/433
v 0.538971 1.062740 -4.453596
v 0.538971 1.082781 -4.675292
v 0.522500 1.099185 -4.673806
v 0.522500 1.079144 -4.452111
vn 0.707107 0.704235 0.063660
f 1733/1/434 1734/2/434 1735/3/434 1736/4/434
v 0.522500 1.079144 -4.452111
v 0.522500 1.099185 -4.673806
v 0.500000 1.105189 -4.673263
v 0.500000 1.085149 -4.451568
vn 0.258819 0.962003 0.086961
f 1737/1/435 1738/2/435 1739/3/435 1740/4/435
v 0.500000 1.085149 -4.451568
v 0.500000 1.105189 -4.673263
v 0.477500 1.099185 -4.673806
v 0.477500 1.079144 -4.452111
vn -0.258819 0.962003 0.086961
f 1741/1/436 1742/2/436 1743/3/436 1744/4/436
v 0.477500 1.079144 -4.452111
v 0.477500 1.099185 -4.673806
v 0.461029 1.082781 -4.675292
v 0.461029 1.062740 -4.453596
vn -0.707107 0.704235 0.063660
f 1745/1/437 1746/2/437 1747/3/437 1748/4/437
v 0.461029 1.062740 -4.453596
v 0.461029 1.082781 -4.675292
v 0.455000 1.060372 -4.677321
v 0.455000 1.040332 -4.455625
vn -0.965926 0.257768 0.023301
f 1749/1/438 1750/2/438 1751/3/438 1752/4/438
v 0.455000 1.040332 -4.455625
v 0.455000 1.060372 -4.677321
v 0.461029 1.037964 -4.679351
v 0.461029 1.017924 -4.457654
vn -0.965926 -0.257768 -0.023301
f 1753/1/439 1754/2/439 1755/3/439 1756/4/439
v 0.461029 1.017924 -4.457654
v 0.461029 1.037964 -4.679351
v 0.477500 1.021560 -4.680836
v 0.477500 1.001520 -4.459139
vn -0.707107 -0.704235 -0.063660
f 1757/1/440 1758/2/440 1759/3/440 1760/4/440
v 0.477500 1.001520 -4.459139
v 0.477500 1.021560 -4.680836
v 0.500000 1.015556 -4.681380
v 0.500000 0.995515 -4.459682
vn -0.258819 -0.962003 -0.086961
f 1761/1/441 1762/2/441 1763/3/441 1764/4/441
v 0.500000 0.995515 -4.459682
v 0.500000 1.015556 -4.681380
v 0.522500 1.021560 -4.680836
v 0.522500 1.001520 -4.459139
vn 0.258819 -0.962003 -0.086961
f 1765/1/442 1766/2/442 1767/3/442 1768/4/442
v 0.522500 1.001520 -4.459139
v 0.522500 1.021560 -4.680836
v 0.538971 1.037964 -4.679351
v 0.538971 1.017924 -4.457654
vn 0.707107 -0.704235 -0.063660
f 1769/1/443 1770/2/443 1771/3/443 1772/4/443
v 0.538971 1.017924 -4.457654
v 0.538971 1.037964 -4.679351
v 0.545000 1.060372 -4.677321
v 0.545000 1.040332 -4.455625
vn 0.965926 -0.257768 -0.023301
f 1773/1/444 1774/2/444 1775/3/444 1776/4/444
v 0.545000 1.060372 -4.677321
v 0.545000 1.080487 -4.899018
v 0.538971 1.102894 -4.896974
v 0.538971 1.082781 -4.675292
vn 0.965926 0.257760 0.023387
f 1777/1/445 1778/2/445 1779/3/445 1780/4/445
v 0.538971 1.082781 -4.675292
v 0.538971 1.102894 -4.896974
v 0.522500 1.119298 -4.895478
v 0.522500 1.099185 -4.673806
vn 0.707107 0.704214 0.063895
f 1781/1/446 1782/2/446 1783/3/446 1784/4/446
v 0.522500 1.099185 -4.673806
v 0.522500 1.119298 -4.895478
v 0.500000 1.125301 -4.894931
v 0.500000 1.105189 -4.673263
vn 0.258819 0.961974 0.087282
f 1785/1/447 1786/2/447 1787/3/447 1788/4/447
v 0.500000 1.105189 -4.673263
v 0.500000 1.125301 -4.894931
v 0.477500 1.119298 -4.895478
v 0.477500 1.099185 -4.673806
vn -0.258819 0.961974 0.087282
f 1789/1/448 1790/2/448 1791/3/448 1792/4/448
v 0.477500 1.099185 -4.673806
v 0.477500 1.119298 -4.895478
v 0.461029 1.102894 -4.896974
v 0.461029 1.082781 -4.675292
vn -0.707107 0.704214 0.063895
f 1793/1/449 1794/2/449 1795/3/449 1796/4/449
v 0.461029 1.082781 -4.675292
v 0.461029 1.102894 -4.896974
v 0.455000 1.080487 -4.899018
v 0.455000 1.060372 -4.677321
vn -0.965926 0.257760 0.023387
f 1797/1/450 1798/2/450 1799/3/450 1800/4/450
v 0.455000 1.060372 -4.677321
v 0.455000 1.080487 -4.899018
v 0.461029 1.058080 -4.901061
v 0.461029 1.037964 -4.679351
vn -0.965926 -0.257760 -0.023387
f 1801/1/451 1802/2/451 1803/3/451 1804/4/451
v 0.461029 1.037964 -4.679351
v 0.461029 1.058080 -4.901061
v 0.477500 1.041677 -4.902557
v 0.477500 1.021560 -4.680836
vn -0.707107 -0.704214 -0.063895
f 1805/1/452 1806/2/452 1807/3/452 1808/4/452
v 0.477500 1.021560 -4.680836
v 0.477500 1.041677 -4.902557
v 0.500000 1.035673 -4.903105
v 0.500000 1.015556 -4.681380
vn -0.258819 -0.961974 -0.087282
f 1809/1/453 1810/2/453 1811/3/453 1812/4/453
v 0.500000 1.015556 -4.681380
v 0.500000 1.035673 -4.903105
v 0.522500 1.041677 -4.902557
v 0.522500 1.021560 -4.680836
vn 0.258819 -0.961974 -0.087282
f 1813/1/454 1814/2/454 1815/3/454 1816/4/454
v 0.522500 1.021560 -4.680836
v 0.522500 1.041677 -4.902557
v 0.538971 1.058080 -4.901061
v 0.538971 1.037964 -4.679351
vn 0.707107 -0.704214 -0.063895
f 1817/1/455 1818/2/455 1819/3/455 1820/4/455
v 0.538971 1.037964 -4.679351
v 0.538971 1.058080 -4.901061
v 0.545000 1.080487 -4.899018
v 0.545000 1.060372 -4.677321
vn 0.965926 -0.257760 -0.023387
f 1821/1/456 1822/2/456 1823/3/456 1824/4/456
v 0.545000 1.080487 -4.899018
v 0.545000 1.100810 -5.120714
v 0.538971 1.123215 -5.118645
v 0.538971 1.102894 -4.896974
vn 0.965926 0.257738 0.023627
f 1825/1/457 1826/2/457 1827/3/457 1828/4/457
v 0.538971 1.102894 -4.896974
v 0.538971 1.123215 -5.118645
v 0.522500 1.139616 -5.117130
v 0.522500 1.119298 -4.895478
vn 0.707107 0.704154 0.064549
f 1829/1/458 1830/2/458 1831/3/458 1832/4/458
v 0.522500 1.119298 -4.895478
v 0.522500 1.139616 -5.117130
v 0.500000 1.145619 -5.116575
v 0.500000 1.125301 -4.894931
vn 0.258819 0.961893 0.088176
f 1833/1/459 1834/2/459 1835/3/459 1836/4/459
v 0.500000 1.125301 -4.894931
v 0.500000 1.145619 -5.116575
v 0.477500 1.139616 -5.117130
v 0.477500 1.119298 -4.895478
vn -0.258819 0.961893 0.088176
f 1837/1/460 1838/2/460 1839/3/460 1840/4/460
v 0.477500 1.119298 -4.895478
v 0.477500 1.139616 -5.117130
v 0.461029 1.123215 -5.118645
v 0.461029 1.102894 -4.896974
vn -0.707107 0.704154 0.064549
f 1841/1/461 1842/2/461 1843/3/461 1844/4/461
v 0.461029 1.102894 -4.896974
v 0.461029 1.123215 -5.118645
v 0.455000 1.100810 -5.120714
v 0.455000 1.080487 -4.899018
vn -0.965926 0.257738 0.023627
f 1845/1/462 1846/2/462 1847/3/462 1848/4/462
v 0.455000 1.080487 -4.899018
v 0.455000 1.100810 -5.120714
v 0.461029 1.078406 -5.122784
v 0.461029 1.058080 -4.901061
vn -0.965926 -0.257738 -0.023627
f 1849/1/463 1850/2/463 1851/3/463 1852/4/463
v 0.461029 1.058080 -4.901061
v 0.461029 1.078406 -5.122784
v 0.477500 1.062004 -5.124299
v 0.477500 1.041677 -4.902557
vn -0.707107 -0.704154 -0.064549
f 1853/1/464 1854/2/464 1855/3/464 1856/4/464
v 0.477500 1.041677 -4.902557
v 0.477500 1.062004 -5.124299
v 0.500000 1.056001 -5.124853
v 0.500000 1.035673 -4.903105
vn -0.258819 -0.961893 -0.088176
f 1857/1/465 1858/2/465 1859/3/465 1860/4/465
v 0.500000 1.035673 -4.903105
v 0.500000 1.056001 -5.124853
v 0.522500 1.062004 -5.124299
v 0.522500 1.041677 -4.902557
vn 0.258819 -0.961893 -0.088176
f 1861/1/466 1862/2/466 1863/3/466 1864/4/466
v 0.522500 1.041677 -4.902557
v 0.522500 1.062004 -5.124299
v 0.538971 1.078406 -5.122784
v 0.538971 1.058080 -4.901061
vn 0.707107 -0.704154 -0.064549
f 1865/1/467 1866/2/467 1867/3/467 1868/4/467
v 0.538971 1.058080 -4.901061
v 0.538971 1.078406 -5.122784
v 0.545000 1.100810 -5.120714
v 0.545000 1.080487 -4.899018
vn 0.965926 -0.257738 -0.023627
f 1869/1/468 1870/2/468 1871/3/468 1872/4/468
v 0.545000 1.100810 -5.120714
v 0.545000 1.121443 -5.342411
v 0.538971 1.143870 -5.340593
v 0.538971 1.123215 -5.118645
vn 0.965926 0.257705 0.023985
f 1873/1/469 1874/2/469 1875/3/469 1876/4/469
v 0.538971 1.123215 -5.118645
v 0.538971 1.143870 -5.340593
v 0.522500 1.160287 -5.339263
v 0.522500 1.139616 -5.117130
vn 0.707107 0.704065 0.065522
f 1877/1/470 1878/2/470 1879/3/470 1880/4/470
v 0.522500 1.139616 -5.117130
v 0.522500 1.160287 -5.339263
v 0.500000 1.166296 -5.338776
v 0.500000 1.145619 -5.116575
vn 0.258819 0.961771 0.089500
f 1881/1/471 1882/2/471 1883/3/471 1884/4/471
v 0.500000 1.145619 -5.116575
v 0.500000 1.166296 -5.338776
v 0.477500 1.160287 -5.339263
v 0.477500 1.139616 -5.117130
vn -0.258819 0.961771 0.089498
f 1885/1/472 1886/2/472 1887/3/472 1888/4/472
v 0.477500 1.139616 -5.117130
v 0.477500 1.160287 -5.339263
v 0.461029 1.143870 -5.340593
v 0.461029 1.123215 -5.118645
vn -0.707107 0.704065 0.065518
f 1889/1/473 1890/2/473 1891/3/473 1892/4/473
v 0.461029 1.123215 -5.118645
v 0.461029 1.143870 -5.340593
v 0.455000 1.121443 -5.342411
v 0.455000 1.100810 -5.120714
vn -0.965926 0.257706 0.023983
f 1893/1/474 1894/2/474 1895/3/474 1896/4/474
v 0.455000 1.100810 -5.120714
v 0.455000 1.121443 -5.342411
v 0.461029 1.099017 -5.344228
v 0.461029 1.078406 -5.122784
vn -0.965926 -0.257705 -0.023985
f 1897/1/475 1898/2/475 1899/3/475 1900/4/475
v 0.461029 1.078406 -5.122784
v 0.461029 1.099017 -5.344228
v 0.477500 1.082600 -5.345558
v 0.477500 1.062004 -5.124299
vn -0.707107 -0.704064 -0.065532
f 1901/1/476 1902/2/476 1903/3/476 1904/4/476
v 0.477500 1.062004 -5.124299
v 0.477500 1.082600 -5.345558
v 0.500000 1.076590 -5.346045
v 0.500000 1.056001 -5.124853
vn -0.258819 -0.961768 -0.089524
f 1905/1/477 1906/2/477 1907/3/477 1908/4/477
v 0.500000 1.056001 -5.124853
v 0.500000 1.076590 -5.346045
v 0.522500 1.082600 -5.345558
v 0.522500 1.062004 -5.124299
vn 0.258819 -0.961768 -0.089525
f 1909/1/478 1910/2/478 1911/3/478 1912/4/478
v 0.522500 1.062004 -5.124299
v 0.522500 1.082600 -5.345558
v 0.538971 1.099017 -5.344228
v 0.538971 1.078406 -5.122784
vn 0.707107 -0.704063 -0.065536
f 1913/1/479 1914/2/479 1915/3/479 1916/4/479
v 0.538971 1.078406 -5.122784
v 0.538971 1.099017 -5.344228
v 0.545000 1.121443 -5.342411
v 0.545000 1.100810 -5.120714
vn 0.965926 -0.257705 -0.023986
f 1917/1/480 1918/2/480 1919/3/480 1920/4/480
v 0.545000 1.121443 -5.342411
v 0.545000 1.136745 -5.564107
v 0.538971 1.159209 -5.562841
v 0.538971 1.143870 -5.340593
vn 0.965921 0.258222 0.017823
f 1921/1/481 1922/2/481 1923/3/481 1924/4/481
v 0.538971 1.143870 -5.340593
v 0.538971 1.159209 -5.562841
v 0.522500 1.175654 -5.561915
v 0.522500 1.160287 -5.339263
vn 0.707082 0.705454 0.048690
f 1925/1/482 1926/2/482 1927/3/482 1928/4/482
v 0.522500 1.160287 -5.339263
v 0.522500 1.175654 -5.561915
v 0.500000 1.181674 -5.561576
v 0.500000 1.166296 -5.338776
vn 0.258802 0.963638 0.066509
f 1929/1/483 1930/2/483 1931/3/483 1932/4/483
v 0.500000 1.166296 -5.338776
v 0.500000 1.181674 -5.561576
v 0.477500 1.175654 -5.561915
v 0.477500 1.160287 -5.339263
vn -0.258802 0.963638 0.066509
f 1933/1/484 1934/2/484 1935/3/484 1936/4/484
v 0.477500 1.160287 -5.339263
v 0.477500 1.175654 -5.561915
v 0.461029 1.159209 -5.562841
v 0.461029 1.143870 -5.340593
vn -0.707082 0.705454 0.048690
f 1937/1/485 1938/2/485 1939/3/485 1940/4/485
v 0.461029 1.143870 -5.340593
v 0.461029 1.159209 -5.562841
v 0.455000 1.136745 -5.564107
v 0.455000 1.121443 -5.342411
vn -0.965921 0.258222 0.017822
f 1941/1/486 1942/2/486 1943/3/486 1944/4/486
v 0.455000 1.121443 -5.342411
v 0.455000 1.136745 -5.564107
v 0.461029 1.114281 -5.565373
v 0.461029 1.099017 -5.344228
vn -0.965921 -0.258222 -0.017823
f 1945/1/487 1946/2/487 1947/3/487 1948/4/487
v 0.461029 1.099017 -5.344228
v 0.461029 1.114281 -5.565373
v 0.477500 1.097836 -5.566299
v 0.477500 1.082600 -5.345558
vn -0.707082 -0.705454 -0.048691
f 1949/1/488 1950/2/488 1951/3/488 1952/4/488
v 0.477500 1.082600 -5.345558
v 0.477500 1.097836 -5.566299
v 0.500000 1.091816 -5.566639
v 0.500000 1.076590 -5.346045
vn -0.258802 -0.963638 -0.066512
f 1953/1/489 1954/2/489 1955/3/489 1956/4/489
v 0.500000 1.076590 -5.346045
v 0.500000 1.091816 -5.566639
v 0.522500 1.097836 -5.566299
v 0.522500 1.082600 -5.345558
vn 0.258802 -0.963638 -0.066512
f 1957/1/490 1958/2/490 1959/3/490 1960/4/490
v 0.522500 1.082600 -5.345558
v 0.522500 1.097836 -5.566299
v 0.538971 1.114281 -5.565373
v 0.538971 1.099017 -5.344228
vn 0.707082 -0.705454 -0.048692
f 1961/1/491 1962/2/491 1963/3/491 1964/4/491
v 0.538971 1.099017 -5.344228
v 0.538971 1.114281 -5.565373
v 0.545000 1.136745 -5.564107
v 0.545000 1.121443 -5.342411
vn 0.965921 -0.258222 -0.017823
f 1965/1/492 1966/2/492 1967/3/492 1968/4/492
v 0.545000 1.136745 -5.564107
v 0.545000 1.146430 -5.785804
v 0.538971 1.168908 -5.784815
v 0.538971 1.159209 -5.562841
vn 0.965921 0.258592 0.011297
f 1969/1/493 1970/2/493 1971/3/493 1972/4/493
v 0.538971 1.159209 -5.562841
v 0.538971 1.168908 -5.784815
v 0.522500 1.185363 -5.784091
v 0.522500 1.175654 -5.561915
vn 0.707079 0.706461 0.030867
f 1973/1/494 1974/2/494 1975/3/494 1976/4/494
v 0.522500 1.175654 -5.561915
v 0.522500 1.185363 -5.784091
v 0.500000 1.191386 -5.783826
v 0.500000 1.181674 -5.561576
vn 0.258800 0.965010 0.042170
f 1977/1/495 1978/2/495 1979/3/495 1980/4/495
v 0.500000 1.181674 -5.561576
v 0.500000 1.191386 -5.783826
v 0.477500 1.185363 -5.784091
v 0.477500 1.175654 -5.561915
vn -0.258800 0.965010 0.042172
f 1981/1/496 1982/2/496 1983/3/496 1984/4/496
v 0.477500 1.175654 -5.561915
v 0.477500 1.185363 -5.784091
v 0.461029 1.168908 -5.784815
v 0.461029 1.159209 -5.562841
vn -0.707079 0.706461 0.030871
f 1985/1/497 1986/2/497 1987/3/497 1988/4/497
v 0.461029 1.159209 -5.562841
v 0.461029 1.168908 -5.784815
v 0.455000 1.146430 -5.785804
v 0.455000 1.136745 -5.564107
vn -0.965921 0.258592 0.011299
f 1989/1/498 1990/2/498 1991/3/498 1992/4/498
v 0.455000 1.136745 -5.564107
v 0.455000 1.146430 -5.785804
v 0.461029 1.123952 -5.786792
v 0.461029 1.114281 -5.565373
vn -0.965921 -0.258592 -0.011297
f 1993/1/499 1994/2/499 1995/3/499 1996/4/499
v 0.461029 1.114281 -5.565373
v 0.461029 1.123952 -5.786792
v 0.477500 1.107496 -5.787516
v 0.477500 1.097836 -5.566299
vn -0.707079 -0.706461 -0.030856
f 1997/1/500 1998/2/500 1999/3/500 2000/4/500
v 0.477500 1.097836 -5.566299
v 0.477500 1.107496 -5.787516
v 0.500000 1.101473 -5.787781
v 0.500000 1.091816 -5.566639
vn -0.258800 -0.965011 -0.042143
f 2001/1/501 2002/2/501 2003/3/501 2004/4/501
v 0.500000 1.091816 -5.566639
v 0.500000 1.101473 -5.787781
v 0.522500 1.107496 -5.787516
v 0.522500 1.097836 -5.566299
vn 0.258800 -0.965011 -0.042141
f 2005/1/502 2006/2/502 2007/3/502 2008/4/502
v 0.522500 1.097836 -5.566299
v 0.522500 1.107496 -5.787516
v 0.538971 1.123952 -5.786792
v 0.538971 1.114281 -5.565373
vn 0.707079 -0.706462 -0.030852
f 2009/1/503 2010/2/503 2011/3/503 2012/4/503
v 0.538971 1.114281 -5.565373
v 0.538971 1.123952 -5.786792
v 0.545000 1.146430 -5.785804
v 0.545000 1.136745 -5.564107
vn 0.965921 -0.258592 -0.011294
f 2013/1/504 2014/2/504 2015/3/504 2016/4/504
v 0.545000 1.146430 -5.785804
v 0.545000 1.156250 -6.007500
v 0.538971 1.178728 -6.006504
v 0.538971 1.168908 -5.784815
vn 0.965926 0.258566 0.011453
f 2017/1/505 2018/2/505 2019/3/505 2020/4/505
v 0.538971 1.168908 -5.784815
v 0.538971 1.178728 -6.006504
v 0.522500 1.195183 -6.005775
v 0.522500 1.185363 -5.784091
vn 0.707107 0.706414 0.031291
f 2021/1/506 2022/2/506 2023/3/506 2024/4/506
v 0.522500 1.185363 -5.784091
v 0.522500 1.195183 -6.005775
v 0.500000 1.201206 -6.005509
v 0.500000 1.191386 -5.783826
vn 0.258819 0.964980 0.042744
f 2025/1/507 2026/2/507 2027/3/507 2028/4/507
v 0.500000 1.191386 -5.783826
v 0.500000 1.201206 -6.005509
v 0.477500 1.195183 -6.005775
v 0.477500 1.185363 -5.784091
vn -0.258819 0.964980 0.042744
f 2029/1/508 2030/2/508 2031/3/508 2032/4/508
v 0.477500 1.185363 -5.784091
v 0.477500 1.195183 -6.005775
v 0.461029 1.178728 -6.006504
v 0.461029 1.168908 -5.784815
vn -0.707107 0.706414 0.031291
f 2033/1/509 2034/2/509 2035/3/509 2036/4/509
v 0.461029 1.168908 -5.784815
v 0.461029 1.178728 -6.006504
v 0.455000 1.156250 -6.007500
v 0.455000 1.146430 -5.785804
vn -0.965926 0.258566 0.011453
f 2037/1/510 2038/2/510 2039/3/510 2040/4/510
v 0.455000 1.146430 -5.785804
v 0.455000 1.156250 -6.007500
v 0.461029 1.133772 -6.008496
v 0.461029 1.123952 -5.786792
vn -0.965926 -0.258566 -0.011453
f 2041/1/511 2042/2/511 2043/3/511 2044/4/511
v 0.461029 1.123952 -5.786792
v 0.461029 1.133772 -6.008496
v 0.477500 1.117317 -6.009225
v 0.477500 1.107496 -5.787516
vn -0.707107 -0.706414 -0.031291
f 2045/1/512 2046/2/512 2047/3/512 2048/4/512
v 0.477500 1.107496 -5.787516
v 0.477500 1.117317 -6.009225
v 0.500000 1.111294 -6.009491
v 0.500000 1.101473 -5.787781
vn -0.258819 -0.964980 -0.042744
f 2049/1/513 2050/2/513 2051/3/513 2052/4/513
v 0.500000 1.101473 -5.787781
v 0.500000 1.111294 -6.009491
v 0.522500 1.117317 -6.009225
v 0.522500 1.107496 -5.787516
vn 0.258819 -0.964980 -0.042744
f 2053/1/514 2054/2/514 2055/3/514 2056/4/514
v 0.522500 1.107496 -5.787516
v 0.522500 1.117317 -6.009225
v 0.538971 1.133772 -6.008496
v 0.538971 1.123952 -5.786792
vn 0.707107 -0.706414 -0.031291
f 2057/1/515 2058/2/515 2059/3/515 2060/4/515
v 0.538971 1.123952 -5.786792
v 0.538971 1.133772 -6.008496
v 0.545000 1.156250 -6.007500
v 0.545000 1.146430 -5.785804
vn 0.965926 -0.258566 -0.011453
f 2061/1/516 2062/2/516 2063/3/516 2064/4/516
v 0.545000 1.156250 -6.007500
v 0.500000 1.201206 -6.005509
v 0.522500 1.195183 -6.005775
v 0.538971 1.178728 -6.006504
vn 0.000000 0.044252 -0.999020
f 2065/1/517 2066/2/517 2067/3/517 2068/4/517
v 0.545000 1.156250 -6.007500
v 0.461029 1.178728 -6.006504
v 0.477500 1.195183 -6.005775
v 0.500000 1.201206 -6.005509
vn -0.000000 0.044252 -0.999020
f 2069/1/518 2070/2/518 2071/3/518 2072/4/518
v 0.545000 1.156250 -6.007500
v 0.461029 1.133772 -6.008496
v 0.455000 1.156250 -6.007500
v 0.461029 1.178728 -6.006504
vn 0.000000 0.044252 -0.999020
f 2073/1/519 2074/2/519 2075/3/519 2076/4/519
v 0.545000 1.156250 -6.007500
v 0.500000 1.111294 -6.009491
v 0.477500 1.117317 -6.009225
v 0.461029 1.133772 -6.008496
vn 0.000000 0.044252 -0.999020
f 2077/1/520 2078/2/520 2079/3/520 2080/4/520
v 0.545000 1.156250 -6.007500
v 0.538971 1.133772 -6.008496
v 0.522500 1.117317 -6.009225
v 0.500000 1.111294 -6.009491
vn -0.000000 0.044252 -0.999020
f 2081/1/521 2082/2/521 2083/3/521 2084/4/521
v 0.534000 1.155723 -5.997500
v 0.534000 1.156250 -6.060833
v 0.529445 1.173250 -6.060763
v 0.529445 1.172723 -5.997359
vn 0.965926 0.258810 0.002152
f 2085/1/522 2086/2/522 2087/3/522 2088/4/522
v 0.529445 1.172723 -5.997359
v 0.529445 1.173250 -6.060763
v 0.517000 1.185695 -6.060711
v 0.517000 1.185167 -5.997255
vn 0.707107 0.707082 0.005878
f 2089/1/523 2090/2/523 2091/3/523 2092/4/523
v 0.517000 1.185167 -5.997255
v 0.517000 1.185695 -6.060711
v 0.500000 1.190250 -6.060692
v 0.500000 1.189722 -5.997217
vn 0.258819 0.965892 0.008027
f 2093/1/524 2094/2/524 2095/3/524 2096/4/524
v 0.500000 1.189722 -5.997217
v 0.500000 1.190250 -6.060692
v 0.483000 1.185695 -6.060711
v 0.483000 1.185167 -5.997255
vn -0.258819 0.965892 0.008027
f 2097/1/525 2098/2/525 2099/3/525 2100/4/525
v 0.483000 1.185167 -5.997255
v 0.483000 1.185695 -6.060711
v 0.470555 1.173250 -6.060763
v 0.470555 1.172723 -5.997359
vn -0.707107 0.707082 0.005876
f 2101/1/526 2102/2/526 2103/3/526 2104/4/526
v 0.470555 1.172723 -5.997359
v 0.470555 1.173250 -6.060763
v 0.466000 1.156250 -6.060833
v 0.466000 1.155723 -5.997500
vn -0.965926 0.258810 0.002151
f 2105/1/527 2106/2/527 2107/3/527 2108/4/527
v 0.466000 1.155723 -5.997500
v 0.466000 1.156250 -6.060833
v 0.470555 1.139250 -6.060904
v 0.470555 1.138724 -5.997641
vn -0.965926 -0.258810 -0.002152
f 2109/1/528 2110/2/528 2111/3/528 2112/4/528
v 0.470555 1.138724 -5.997641
v 0.470555 1.139250 -6.060904
v 0.483000 1.126805 -6.060956
v 0.483000 1.126280 -5.997745
vn -0.707107 -0.707082 -0.005881
f 2113/1/529 2114/2/529 2115/3/529 2116/4/529
v 0.483000 1.126280 -5.997745
v 0.483000 1.126805 -6.060956
v 0.500000 1.122250 -6.060975
v 0.500000 1.121725 -5.997783
vn -0.258819 -0.965892 -0.008035
f 2117/1/530 2118/2/530 2119/3/530 2120/4/530
v 0.500000 1.121725 -5.997783
v 0.500000 1.122250 -6.060975
v 0.517000 1.126805 -6.060956
v 0.517000 1.126280 -5.997745
vn 0.258819 -0.965892 -0.008036
f 2121/1/531 2122/2/531 2123/3/531 2124/4/531
v 0.517000 1.126280 -5.997745
v 0.517000 1.126805 -6.060956
v 0.529445 1.139250 -6.060904
v 0.529445 1.138724 -5.997641
vn 0.707107 -0.707082 -0.005882
f 2125/1/532 2126/2/532 2127/3/532 2128/4/532
v 0.529445 1.138724 -5.997641
v 0.529445 1.139250 -6.060904
v 0.534000 1.156250 -6.060833
v 0.534000 1.155723 -5.997500
vn 0.965926 -0.258810 -0.002153
f 2129/1/533 2130/2/533 2131/3/533 2132/4/533
v 0.534000 1.156250 -6.060833
v 0.534000 1.156250 -6.124167
v 0.529445 1.173250 -6.124167
v 0.529445 1.173250 -6.060763
vn 0.965925 0.258821 0.000000
f 2133/1/534 2134/2/534 2135/3/534 2136/4/534
v 0.529445 1.173250 -6.060763
v 0.529445 1.173250 -6.124167
v 0.517000 1.185695 -6.124167
v 0.517000 1.185695 -6.060711
vn 0.707104 0.707110 0.000002
f 2137/1/535 2138/2/535 2139/3/535 2140/4/535
v 0.517000 1.185695 -6.060711
v 0.517000 1.185695 -6.124167
v 0.500000 1.190250 -6.124167
v 0.500000 1.190250 -6.060692
vn 0.258817 0.965926 0.000004
f 2141/1/536 2142/2/536 2143/3/536 2144/4/536
v 0.500000 1.190250 -6.060692
v 0.500000 1.190250 -6.124167
v 0.483000 1.185695 -6.124167
v 0.483000 1.185695 -6.060711
vn -0.258817 0.965926 0.000004
f 2145/1/537 2146/2/537 2147/3/537 2148/4/537
v 0.483000 1.185695 -6.060711
v 0.483000 1.185695 -6.124167
v 0.470555 1.173250 -6.124167
v 0.470555 1.173250 -6.060763
vn -0.707104 0.707110 0.000003
f 2149/1/538 2150/2/538 2151/3/538 2152/4/538
v 0.470555 1.173250 -6.060763
v 0.470555 1.173250 -6.124167
v 0.466000 1.156250 -6.124167
v 0.466000 1.156250 -6.060833
vn -0.965925 0.258821 0.000001
f 2153/1/539 2154/2/539 2155/3/539 2156/4/539
v 0.466000 1.156250 -6.060833
v 0.466000 1.156250 -6.124167
v 0.470555 1.139250 -6.124167
v 0.470555 1.139250 -6.060904
vn -0.965925 -0.258821 -0.000000
f 2157/1/540 2158/2/540 2159/3/540 2160/4/540
v 0.470555 1.139250 -6.060904
v 0.470555 1.139250 -6.124167
v 0.483000 1.126805 -6.124167
v 0.483000 1.126805 -6.060956
vn -0.707104 -0.707110 0.000002
f 2161/1/541 2162/2/541 2163/3/541 2164/4/541
v 0.483000 1.126805 -6.060956
v 0.483000 1.126805 -6.124167
v 0.500000 1.122250 -6.124167
v 0.500000 1.122250 -6.060975
vn -0.258817 -0.965926 0.000004
f 2165/1/542 2166/2/542 2167/3/542 2168/4/542
v 0.500000 1.122250 -6.060975
v 0.500000 1.122250 -6.124167
v 0.517000 1.126805 -6.124167
v 0.517000 1.126805 -6.060956
vn 0.258817 -0.965926 0.000004
f 2169/1/543 2170/2/543 2171/3/543 2172/4/543
v 0.517000 1.126805 -6.060956
v 0.517000 1.126805 -6.124167
v 0.529445 1.139250 -6.124167
v 0.529445 1.139250 -6.060904
vn 0.707104 -0.707110 0.000003
f 2173/1/544 2174/2/544 2175/3/544 2176/4/544
v 0.529445 1.139250 -6.060904
v 0.529445 1.139250 -6.124167
v 0.534000 1.156250 -6.124167
v 0.534000 1.156250 -6.060833
vn 0.965925 -0.258821 0.000001
f 2177/1/545 2178/2/545 2179/3/545 2180/4/545
v 0.534000 1.156250 -6.124167
v 0.534000 1.156250 -6.187500
v 0.529445 1.173250 -6.187500
v 0.529445 1.173250 -6.124167
vn 0.965926 0.258819 0.000000
f 2181/1/546 2182/2/546 2183/3/546 2184/4/546
v 0.529445 1.173250 -6.124167
v 0.529445 1.173250 -6.187500
v 0.517000 1.185695 -6.187500
v 0.517000 1.185695 -6.124167
vn 0.707107 0.707107 0.000000
f 2185/1/547 2186/2/547 2187/3/547 2188/4/547
v 0.517000 1.185695 -6.124167
v 0.517000 1.185695 -6.187500
v 0.500000 1.190250 -6.187500
v 0.500000 1.190250 -6.124167
vn 0.258819 0.965926 0.000000
f 2189/1/548 2190/2/548 2191/3/548 2192/4/548
v 0.500000 1.190250 -6.124167
v 0.500000 1.190250 -6.187500
v 0.483000 1.185695 -6.187500
v 0.483000 1.185695 -6.124167
vn -0.258819 0.965926 0.000000
f 2193/1/549 2194/2/549 2195/3/549 2196/4/549
v 0.483000 1.185695 -6.124167
v 0.483000 1.185695 -6.187500
v 0.470555 1.173250 -6.187500
v 0.470555 1.173250 -6.124167
vn -0.707107 0.707107 0.000000
f 2197/1/550 2198/2/550 2199/3/550 2200/4/550
v 0.470555 1.173250 -6.124167
v 0.470555 1.173250 -6.187500
v 0.466000 1.156250 -6.187500
v 0.466000 1.156250 -6.124167
vn -0.965926 0.258819 0.000000
f 2201/1/551 2202/2/551 2203/3/551 2204/4/551
v 0.466000 1.156250 -6.124167
v 0.466000 1.156250 -6.187500
v 0.470555 1.139250 -6.187500
v 0.470555 1.139250 -6.124167
vn -0.965926 -0.258819 -0.000000
f 2205/1/552 2206/2/552 2207/3/552 2208/4/552
v 0.470555 1.139250 -6.124167
v 0.470555 1.139250 -6.187500
v 0.483000 1.126805 -6.187500
v 0.483000 1.126805 -6.124167
vn -0.707107 -0.707107 -0.000000
f 2209/1/553 2210/2/553 2211/3/553 2212/4/553
v 0.483000 1.126805 -6.124167
v 0.483000 1.126805 -6.187500
v 0.500000 1.122250 -6.187500
v 0.500000 1.122250 -6.124167
vn -0.258819 -0.965926 -0.000000
f 2213/1/554 2214/2/554 2215/3/554 2216/4/554
v 0.500000 1.122250 -6.124167
v 0.500000 1.122250 -6.187500
v 0.517000 1.126805 -6.187500
v 0.517000 1.126805 -6.124167
vn 0.258819 -0.965926 0.000000
f 2217/1/555 2218/2/555 2219/3/555 2220/4/555
v 0.517000 1.126805 -6.124167
v 0.517000 1.126805 -6.187500
v 0.529445 1.139250 -6.187500
v 0.529445 1.139250 -6.124167
vn 0.707107 -0.707107 0.000000
f 2221/1/556 2222/2/556 2223/3/556 2224/4/556
v 0.529445 1.139250 -6.124167
v 0.529445 1.139250 -6.187500
v 0.534000 1.156250 -6.187500
v 0.534000 1.156250 -6.124167
vn 0.965926 -0.258819 0.000000
f 2225/1/557 2226/2/557 2227/3/557 2228/4/557
v 0.534000 1.156250 -6.187500
v 0.500000 1.190250 -6.187500
v 0.517000 1.185695 -6.187500
v 0.529445 1.173250 -6.187500
vn 0.000000 0.000000 -1.000000
f 2229/1/558 2230/2/558 2231/3/558 2232/4/558
v 0.534000 1.156250 -6.187500
v 0.470555 1.173250 -6.187500
v 0.483000 1.185695 -6.187500
v 0.500000 1.190250 -6.187500
vn 0.000000 0.000000 -1.000000
f 2233/1/559 2234/2/559 2235/3/559 2236/4/559
v 0.534000 1.156250 -6.187500
v 0.470555 1.139250 -6.187500
v 0.466000 1.156250 -6.187500
v 0.470555 1.173250 -6.187500
vn -0.000000 0.000000 -1.000000
f 2237/1/560 2238/2/560 2239/3/560 2240/4/560
v 0.534000 1.156250 -6.187500
v 0.500000 1.122250 -6.187500
v 0.483000 1.126805 -6.187500
v 0.470555 1.139250 -6.187500
vn 0.000000 0.000000 -1.000000
f 2241/1/561 2242/2/561 2243/3/561 2244/4/561
v 0.534000 1.156250 -6.187500
v 0.529445 1.139250 -6.187500
v 0.517000 1.126805 -6.187500
v 0.500000 1.122250 -6.187500
vn 0.000000 0.000000 -1.000000
f 2245/1/562 2246/2/562 2247/3/562 2248/4/562
v 0.526000 1.620000 0.900000
v 0.526000 1.620000 0.800000
v 0.518385 1.638373 0.799352
v 0.518385 1.638385 0.900000
vn 0.923880 0.382683 0.000000
f 2249/1/563 2250/2/563 2251/3/563 2252/4/563
v 0.518385 1.638385 0.900000
v 0.518385 1.638373 0.799352
v 0.500000 1.645984 0.799083
v 0.500000 1.646000 0.900000
vn 0.382683 0.923880 -0.000105
f 2253/1/564 2254/2/564 2255/3/564 2256/4/564
v 0.500000 1.646000 0.900000
v 0.500000 1.645984 0.799083
v 0.481615 1.638373 0.799352
v 0.481615 1.638385 0.900000
vn -0.382683 0.923880 -0.000148
f 2257/1/565 2258/2/565 2259/3/565 2260/4/565
v 0.481615 1.638385 0.900000
v 0.481615 1.638373 0.799352
v 0.474000 1.620000 0.800000
v 0.474000 1.620000 0.900000
vn -0.923880 0.382683 -0.000043
f 2261/1/566 2262/2/566 2263/3/566 2264/4/566
v 0.474000 1.620000 0.900000
v 0.474000 1.620000 0.800000
v 0.481615 1.601627 0.800648
v 0.481615 1.601615 0.900000
vn -0.923880 -0.382683 -0.000000
f 2265/1/567 2266/2/567 2267/3/567 2268/4/567
v 0.481615 1.601615 0.900000
v 0.481615 1.601627 0.800648
v 0.500000 1.594016 0.800917
v 0.500000 1.594000 0.900000
vn -0.382683 -0.923880 -0.000106
f 2269/1/568 2270/2/568 2271/3/568 2272/4/568
v 0.500000 1.594000 0.900000
v 0.500000 1.594016 0.800917
v 0.518385 1.601627 0.800648
v 0.518385 1.601615 0.900000
vn 0.382683 -0.923880 -0.000151
f 2273/1/569 2274/2/569 2275/3/569 2276/4/569
v 0.518385 1.601615 0.900000
v 0.518385 1.601627 0.800648
v 0.526000 1.620000 0.800000
v 0.526000 1.620000 0.900000
vn 0.923880 -0.382683 -0.000044
f 2277/1/570 2278/2/570 2279/3/570 2280/4/570
v 0.526000 1.620000 0.800000
v 0.526000 1.598270 0.492500
v 0.518385 1.616609 0.491204
v 0.518385 1.638373 0.799352
vn 0.923795 0.381934 -0.026990
f 2281/1/571 2282/2/571 2283/3/571 2284/4/571
v 0.518385 1.638373 0.799352
v 0.518385 1.616609 0.491204
v 0.500000 1.624206 0.490667
v 0.500000 1.645984 0.799083
vn 0.382481 0.921668 -0.065096
f 2285/1/572 2286/2/572 2287/3/572 2288/4/572
v 0.500000 1.645984 0.799083
v 0.500000 1.624206 0.490667
v 0.481615 1.616609 0.491204
v 0.481615 1.638373 0.799352
vn -0.382481 0.921668 -0.065082
f 2289/1/573 2290/2/573 2291/3/573 2292/4/573
v 0.481615 1.638373 0.799352
v 0.481615 1.616609 0.491204
v 0.474000 1.598270 0.492500
v 0.474000 1.620000 0.800000
vn -0.923795 0.381935 -0.026975
f 2293/1/574 2294/2/574 2295/3/574 2296/4/574
v 0.474000 1.620000 0.800000
v 0.474000 1.598270 0.492500
v 0.481615 1.579931 0.493796
v 0.481615 1.601627 0.800648
vn -0.923795 -0.381934 0.026990
f 2297/1/575 2298/2/575 2299/3/575 2300/4/575
v 0.481615 1.601627 0.800648
v 0.481615 1.579931 0.493796
v 0.500000 1.572335 0.494333
v 0.500000 1.594016 0.800917
vn -0.382480 -0.921663 0.065164
f 2301/1/576 2302/2/576 2303/3/576 2304/4/576
v 0.500000 1.594016 0.800917
v 0.500000 1.572335 0.494333
v 0.518385 1.579931 0.493796
v 0.518385 1.601627 0.800648
vn 0.382480 -0.921662 0.065178
f 2305/1/577 2306/2/577 2307/3/577 2308/4/577
v 0.518385 1.601627 0.800648
v 0.518385 1.579931 0.493796
v 0.526000 1.598270 0.492500
v 0.526000 1.620000 0.800000
vn 0.923795 -0.381934 0.027004
f 2309/1/578 2310/2/578 2311/3/578 2312/4/578
v 0.526000 1.598270 0.492500
v 0.526000 1.576541 0.185000
v 0.518385 1.594880 0.183704
v 0.518385 1.616609 0.491204
vn 0.923880 0.381732 -0.026975
f 2313/1/579 2314/2/579 2315/3/579 2316/4/579
v 0.518385 1.616609 0.491204
v 0.518385 1.594880 0.183704
v 0.500000 1.602476 0.183167
v 0.500000 1.624206 0.490667
vn 0.382683 0.921581 -0.065124
f 2317/1/580 2318/2/580 2319/3/580 2320/4/580
v 0.500000 1.624206 0.490667
v 0.500000 1.602476 0.183167
v 0.481615 1.594880 0.183704
v 0.481615 1.616609 0.491204
vn -0.382683 0.921581 -0.065124
f 2321/1/581 2322/2/581 2323/3/581 2324/4/581
v 0.481615 1.616609 0.491204
v 0.481615 1.594880 0.183704
v 0.474000 1.576541 0.185000
v 0.474000 1.598270 0.492500
vn -0.923880 0.381732 -0.026975
f 2325/1/582 2326/2/582 2327/3/582 2328/4/582
v 0.474000 1.598270 0.492500
v 0.474000 1.576541 0.185000
v 0.481615 1.558202 0.186296
v 0.481615 1.579931 0.493796
vn -0.923880 -0.381732 0.026975
f 2329/1/583 2330/2/583 2331/3/583 2332/4/583
v 0.481615 1.579931 0.493796
v 0.481615 1.558202 0.186296
v 0.500000 1.550605 0.186833
v 0.500000 1.572335 0.494333
vn -0.382683 -0.921581 0.065124
f 2333/1/584 2334/2/584 2335/3/584 2336/4/584
v 0.500000 1.572335 0.494333
v 0.500000 1.550605 0.186833
v 0.518385 1.558202 0.186296
v 0.518385 1.579931 0.493796
vn 0.382683 -0.921581 0.065124
f 2337/1/585 2338/2/585 2339/3/585 2340/4/585
v 0.518385 1.579931 0.493796
v 0.518385 1.558202 0.186296
v 0.526000 1.576541 0.185000
v 0.526000 1.598270 0.492500
vn 0.923880 -0.381732 0.026975
f 2341/1/586 2342/2/586 2343/3/586 2344/4/586
v 0.526000 1.576541 0.185000
v 0.526000 1.554811 -0.122500
v 0.518385 1.573150 -0.123796
v 0.518385 1.594880 0.183704
vn 0.923880 0.381732 -0.026975
f 2345/1/587 2346/2/587 2347/3/587 2348/4/587
v 0.518385 1.594880 0.183704
v 0.518385 1.573150 -0.123796
v 0.500000 1.580746 -0.124333
v 0.500000 1.602476 0.183167
vn 0.382683 0.921581 -0.065124
f 2349/1/588 2350/2/588 2351/3/588 2352/4/588
v 0.500000 1.602476 0.183167
v 0.500000 1.580746 -0.124333
v 0.481615 1.573150 -0.123796
v 0.481615 1.594880 0.183704
vn -0.382683 0.921581 -0.065124
f 2353/1/589 2354/2/589 2355/3/589 2356/4/589
v 0.481615 1.594880 0.183704
v 0.481615 1.573150 -0.123796
v 0.474000 1.554811 -0.122500
v 0.474000 1.576541 0.185000
vn -0.923880 0.381732 -0.026975
f 2357/1/590 2358/2/590 2359/3/590 2360/4/590
v 0.474000 1.576541 0.185000
v 0.474000 1.554811 -0.122500
v 0.481615 1.536472 -0.121204
v 0.481615 1.558202 0.186296
vn -0.923880 -0.381732 0.026975
f 2361/1/591 2362/2/591 2363/3/591 2364/4/591
v 0.481615 1.558202 0.186296
v 0.481615 1.536472 -0.121204
v 0.500000 1.528876 -0.120667
v 0.500000 1.550605 0.186833
vn -0.382683 -0.921581 0.065124
f 2365/1/592 2366/2/592 2367/3/592 2368/4/592
v 0.500000 1.550605 0.186833
v 0.500000 1.528876 -0.120667
v 0.518385 1.536472 -0.121204
v 0.518385 1.558202 0.186296
vn 0.382683 -0.921581 0.065124
f 2369/1/593 2370/2/593 2371/3/593 2372/4/593
v 0.518385 1.558202 0.186296
v 0.518385 1.536472 -0.121204
v 0.526000 1.554811 -0.122500
v 0.526000 1.576541 0.185000
vn 0.923880 -0.381732 0.026975
f 2373/1/594 2374/2/594 2375/3/594 2376/4/594
v 0.526000 1.554811 -0.122500
v 0.526000 1.533081 -0.430000
v 0.518385 1.551420 -0.431296
v 0.518385 1.573150 -0.123796
vn 0.923880 0.381732 -0.026975
f 2377/1/595 2378/2/595 2379/3/595 2380/4/595
v 0.518385 1.573150 -0.123796
v 0.518385 1.551420 -0.431296
v 0.500000 1.559017 -0.431833
v 0.500000 1.580746 -0.124333
vn 0.382683 0.921581 -0.065124
f 2381/1/596 2382/2/596 2383/3/596 2384/4/596
v 0.500000 1.580746 -0.124333
v 0.500000 1.559017 -0.431833
v 0.481615 1.551420 -0.431296
v 0.481615 1.573150 -0.123796
vn -0.382683 0.921581 -0.065124
f 2385/1/597 2386/2/597 2387/3/597 2388/4/597
v 0.481615 1.573150 -0.123796
v 0.481615 1.551420 -0.431296
v 0.474000 1.533081 -0.430000
v 0.474000 1.554811 -0.122500
vn -0.923880 0.381732 -0.026975
f 2389/1/598 2390/2/598 2391/3/598 2392/4/598
v 0.474000 1.554811 -0.122500
v 0.474000 1.533081 -0.430000
v 0.481615 1.514742 -0.428704
v 0.481615 1.536472 -0.121204
vn -0.923880 -0.381732 0.026975
f 2393/1/599 2394/2/599 2395/3/599 2396/4/599
v 0.481615 1.536472 -0.121204
v 0.481615 1.514742 -0.428704
v 0.500000 1.507146 -0.428167
v 0.500000 1.528876 -0.120667
vn -0.382683 -0.921581 0.065124
f 2397/1/600 2398/2/600 2399/3/600 2400/4/600
v 0.500000 1.528876 -0.120667
v 0.500000 1.507146 -0.428167
v 0.518385 1.514742 -0.428704
v 0.518385 1.536472 -0.121204
vn 0.382683 -0.921581 0.065124
f 2401/1/601 2402/2/601 2403/3/601 2404/4/601
v 0.518385 1.536472 -0.121204
v 0.518385 1.514742 -0.428704
v 0.526000 1.533081 -0.430000
v 0.526000 1.554811 -0.122500
vn 0.923880 -0.381732 0.026975
f 2405/1/602 2406/2/602 2407/3/602 2408/4/602
v 0.526000 1.533081 -0.430000
v 0.526000 1.511352 -0.737500
v 0.518385 1.529691 -0.738796
v 0.518385 1.551420 -0.431296
vn 0.923880 0.381732 -0.026975
f 2409/1/603 2410/2/603 2411/3/603 2412/4/603
v 0.518385 1.551420 -0.431296
v 0.518385 1.529691 -0.738796
v 0.500000 1.537287 -0.739333
v 0.500000 1.559017 -0.431833
vn 0.382683 0.921581 -0.065124
f 2413/1/604 2414/2/604 2415/3/604 2416/4/604
v 0.500000 1.559017 -0.431833
v 0.500000 1.537287 -0.739333
v 0.481615 1.529691 -0.738796
v 0.481615 1.551420 -0.431296
vn -0.382683 0.921581 -0.065124
f 2417/1/605 2418/2/605 2419/3/605 2420/4/605
v 0.481615 1.551420 -0.431296
v 0.481615 1.529691 -0.738796
v 0.474000 1.511352 -0.737500
v 0.474000 1.533081 -0.430000
vn -0.923880 0.381732 -0.026975
f 2421/1/606 2422/2/606 2423/3/606 2424/4/606
v 0.474000 1.533081 -0.430000
v 0.474000 1.511352 -0.737500
v 0.481615 1.493013 -0.736204
v 0.481615 1.514742 -0.428704
vn -0.923880 -0.381732 0.026975
f 2425/1/607 2426/2/607 2427/3/607 2428/4/607
v 0.481615 1.514742 -0.428704
v 0.481615 1.493013 -0.736204
v 0.500000 1.485416 -0.735667
v 0.500000 1.507146 -0.428167
vn -0.382683 -0.921581 0.065124
f 2429/1/608 2430/2/608 2431/3/608 2432/4/608
v 0.500000 1.507146 -0.428167
v 0.500000 1.485416 -0.735667
v 0.518385 1.493013 -0.736204
v 0.518385 1.514742 -0.428704
vn 0.382683 -0.921581 0.065124
f 2433/1/609 2434/2/609 2435/3/609 2436/4/609
v 0.518385 1.514742 -0.428704
v 0.518385 1.493013 -0.736204
v 0.526000 1.511352 -0.737500
v 0.526000 1.533081 -0.430000
vn 0.923880 -0.381732 0.026975
f 2437/1/610 2438/2/610 2439/3/610 2440/4/610
v 0.526000 1.511352 -0.737500
v 0.526000 1.489622 -1.045000
v 0.518385 1.507961 -1.046296
v 0.518385 1.529691 -0.738796
vn 0.923880 0.381732 -0.026975
f 2441/1/611 2442/2/611 2443/3/611 2444/4/611
v 0.518385 1.529691 -0.738796
v 0.518385 1.507961 -1.046296
v 0.500000 1.515557 -1.046833
v 0.500000 1.537287 -0.739333
vn 0.382683 0.921581 -0.065124
f 2445/1/612 2446/2/612 2447/3/612 2448/4/612
v 0.500000 1.537287 -0.739333
v 0.500000 1.515557 -1.046833
v 0.481615 1.507961 -1.046296
v 0.481615 1.529691 -0.738796
vn -0.382683 0.921581 -0.065124
f 2449/1/613 2450/2/613 2451/3/613 2452/4/613
v 0.481615 1.529691 -0.738796
v 0.481615 1.507961 -1.046296
v 0.474000 1.489622 -1.045000
v 0.474000 1.511352 -0.737500
vn -0.923880 0.381732 -0.026975
f 2453/1/614 2454/2/614 2455/3/614 2456/4/614
v 0.474000 1.511352 -0.737500
v 0.474000 1.489622 -1.045000
v 0.481615 1.471283 -1.043704
v 0.481615 1.493013 -0.736204
vn -0.923880 -0.381732 0.026975
f 2457/1/615 2458/2/615 2459/3/615 2460/4/615
v 0.481615 1.493013 -0.736204
v 0.481615 1.471283 -1.043704
v 0.500000 1.463687 -1.043167
v 0.500000 1.485416 -0.735667
vn -0.382683 -0.921581 0.065124
f 2461/1/616 2462/2/616 2463/3/616 2464/4/616
v 0.500000 1.485416 -0.735667
v 0.500000 1.463687 -1.043167
v 0.518385 1.471283 -1.043704
v 0.518385 1.493013 -0.736204
vn 0.382683 -0.921581 0.065124
f 2465/1/617 2466/2/617 2467/3/617 2468/4/617
v 0.518385 1.493013 -0.736204
v 0.518385 1.471283 -1.043704
v 0.526000 1.489622 -1.045000
v 0.526000 1.511352 -0.737500
vn 0.923880 -0.381732 0.026975
f 2469/1/618 2470/2/618 2471/3/618 2472/4/618
v 0.526000 1.489622 -1.045000
v 0.526000 1.467892 -1.352500
v 0.518385 1.486232 -1.353796
v 0.518385 1.507961 -1.046296
vn 0.923880 0.381732 -0.026975
f 2473/1/619 2474/2/619 2475/3/619 2476/4/619
v 0.518385 1.507961 -1.046296
v 0.518385 1.486232 -1.353796
v 0.500000 1.493828 -1.354333
v 0.500000 1.515557 -1.046833
vn 0.382683 0.921581 -0.065124
f 2477/1/620 2478/2/620 2479/3/620 2480/4/620
v 0.500000 1.515557 -1.046833
v 0.500000 1.493828 -1.354333
v 0.481615 1.486232 -1.353796
v 0.481615 1.507961 -1.046296
vn -0.382683 0.921581 -0.065124
f 2481/1/621 2482/2/621 2483/3/621 2484/4/621
v 0.481615 1.507961 -1.046296
v 0.481615 1.486232 -1.353796
v 0.474000 1.467892 -1.352500
v 0.474000 1.489622 -1.045000
vn -0.923880 0.381732 -0.026975
f 2485/1/622 2486/2/622 2487/3/622 2488/4/622
v 0.474000 1.489622 -1.045000
v 0.474000 1.467892 -1.352500
v 0.481615 1.449553 -1.351204
v 0.481615 1.471283 -1.043704
vn -0.923880 -0.381732 0.026975
f 2489/1/623 2490/2/623 2491/3/623 2492/4/623
v 0.481615 1.471283 -1.043704
v 0.481615 1.449553 -1.351204
v 0.500000 1.441957 -1.350667
v 0.500000 1.463687 -1.043167
vn -0.382683 -0.921581 0.065124
f 2493/1/624 2494/2/624 2495/3/624 2496/4/624
v 0.500000 1.463687 -1.043167
v 0.500000 1.441957 -1.350667
v 0.518385 1.449553 -1.351204
v 0.518385 1.471283 -1.043704
vn 0.382683 -0.921581 0.065124
f 2497/1/625 2498/2/625 2499/3/625 2500/4/625
v 0.518385 1.471283 -1.043704
v 0.518385 1.449553 -1.351204
v 0.526000 1.467892 -1.352500
v 0.526000 1.489622 -1.045000
vn 0.923880 -0.381732 0.026975
f 2501/1/626 2502/2/626 2503/3/626 2504/4/626
v 0.526000 1.467892 -1.352500
v 0.526000 1.446163 -1.660000
v 0.518385 1.464502 -1.661296
v 0.518385 1.486232 -1.353796
vn 0.923880 0.381732 -0.026975
f 2505/1/627 2506/2/627 2507/3/627 2508/4/627
v 0.518385 1.486232 -1.353796
v 0.518385 1.464502 -1.661296
v 0.500000 1.472098 -1.661833
v 0.500000 1.493828 -1.354333
vn 0.382683 0.921581 -0.065124
f 2509/1/628 2510/2/628 2511/3/628 2512/4/628
v 0.500000 1.493828 -1.354333
v 0.500000 1.472098 -1.661833
v 0.481615 1.464502 -1.661296
v 0.481615 1.486232 -1.353796
vn -0.382683 0.921581 -0.065124
f 2513/1/629 2514/2/629 2515/3/629 2516/4/629
v 0.481615 1.486232 -1.353796
v 0.481615 1.464502 -1.661296
v 0.474000 1.446163 -1.660000
v 0.474000 1.467892 -1.352500
vn -0.923880 0.381732 -0.026975
f 2517/1/630 2518/2/630 2519/3/630 2520/4/630
v 0.474000 1.467892 -1.352500
v 0.474000 1.446163 -1.660000
v 0.481615 1.427824 -1.658704
v 0.481615 1.449553 -1.351204
vn -0.923880 -0.381732 0.026975
f 2521/1/631 2522/2/631 2523/3/631 2524/4/631
v 0.481615 1.449553 -1.351204
v 0.481615 1.427824 -1.658704
v 0.500000 1.420227 -1.658167
v 0.500000 1.441957 -1.350667
vn -0.382683 -0.921581 0.065124
f 2525/1/632 2526/2/632 2527/3/632 2528/4/632
v 0.500000 1.441957 -1.350667
v 0.500000 1.420227 -1.658167
v 0.518385 1.427824 -1.658704
v 0.518385 1.449553 -1.351204
vn 0.382683 -0.921581 0.065124
f 2529/1/633 2530/2/633 2531/3/633 2532/4/633
v 0.518385 1.449553 -1.351204
v 0.518385 1.427824 -1.658704
v 0.526000 1.446163 -1.660000
v 0.526000 1.467892 -1.352500
vn 0.923880 -0.381732 0.026975
f 2533/1/634 2534/2/634 2535/3/634 2536/4/634
v 0.526000 1.446163 -1.660000
v 0.526000 1.424433 -1.967500
v 0.518385 1.442772 -1.968796
v 0.518385 1.464502 -1.661296
vn 0.923880 0.381732 -0.026975
f 2537/1/635 2538/2/635 2539/3/635 2540/4/635
v 0.518385 1.464502 -1.661296
v 0.518385 1.442772 -1.968796
v 0.500000 1.450368 -1.969333
v 0.500000 1.472098 -1.661833
vn 0.382683 0.921581 -0.065124
f 2541/1/636 2542/2/636 2543/3/636 2544/4/636
v 0.500000 1.472098 -1.661833
v 0.500000 1.450368 -1.969333
v 0.481615 1.442772 -1.968796
v 0.481615 1.464502 -1.661296
vn -0.382683 0.921581 -0.065124
f 2545/1/637 2546/2/637 2547/3/637 2548/4/637
v 0.481615 1.464502 -1.661296
v 0.481615 1.442772 -1.968796
v 0.474000 1.424433 -1.967500
v 0.474000 1.446163 -1.660000
vn -0.923880 0.381732 -0.026975
f 2549/1/638 2550/2/638 2551/3/638 2552/4/638
v 0.474000 1.446163 -1.660000
v 0.474000 1.424433 -1.967500
v 0.481615 1.406094 -1.966204
v 0.481615 1.427824 -1.658704
vn -0.923880 -0.381732 0.026975
f 2553/1/639 2554/2/639 2555/3/639 2556/4/639
v 0.481615 1.427824 -1.658704
v 0.481615 1.406094 -1.966204
v 0.500000 1.398498 -1.965667
v 0.500000 1.420227 -1.658167
vn -0.382683 -0.921581 0.065124
f 2557/1/640 2558/2/640 2559/3/640 2560/4/640
v 0.500000 1.420227 -1.658167
v 0.500000 1.398498 -1.965667
v 0.518385 1.406094 -1.966204
v 0.518385 1.427824 -1.658704
vn 0.382683 -0.921581 0.065124
f 2561/1/641 2562/2/641 2563/3/641 2564/4/641
v 0.518385 1.427824 -1.658704
v 0.518385 1.406094 -1.966204
v 0.526000 1.424433 -1.967500
v 0.526000 1.446163 -1.660000
vn 0.923880 -0.381732 0.026975
f 2565/1/642 2566/2/642 2567/3/642 2568/4/642
v 0.526000 1.424433 -1.967500
v 0.526000 1.402704 -2.275000
v 0.518385 1.421043 -2.276296
v 0.518385 1.442772 -1.968796
vn 0.923880 0.381732 -0.026975
f 2569/1/643 2570/2/643 2571/3/643 2572/4/643
v 0.518385 1.442772 -1.968796
v 0.518385 1.421043 -2.276296
v 0.500000 1.428639 -2.276833
v 0.500000 1.450368 -1.969333
vn 0.382683 0.921581 -0.065124
f 2573/1/644 2574/2/644 2575/3/644 2576/4/644
v 0.500000 1.450368 -1.969333
v 0.500000 1.428639 -2.276833
v 0.481615 1.421043 -2.276296
v 0.481615 1.442772 -1.968796
vn -0.382683 0.921581 -0.065124
f 2577/1/645 2578/2/645 2579/3/645 2580/4/645
v 0.481615 1.442772 -1.968796
v 0.481615 1.421043 -2.276296
v 0.474000 1.402704 -2.275000
v 0.474000 1.424433 -1.967500
vn -0.923880 0.381732 -0.026975
f 2581/1/646 2582/2/646 2583/3/646 2584/4/646
v 0.474000 1.424433 -1.967500
v 0.474000 1.402704 -2.275000
v 0.481615 1.384364 -2.273704
v 0.481615 1.406094 -1.966204
vn -0.923880 -0.381732 0.026975
f 2585/1/647 2586/2/647 2587/3/647 2588/4/647
v 0.481615 1.406094 -1.966204
v 0.481615 1.384364 -2.273704
v 0.500000 1.376768 -2.273167
v 0.500000 1.398498 -1.965667
vn -0.382683 -0.921581 0.065124
f 2589/1/648 2590/2/648 2591/3/648 2592/4/648
v 0.500000 1.398498 -1.965667
v 0.500000 1.376768 -2.273167
v 0.518385 1.384364 -2.273704
v 0.518385 1.406094 -1.966204
vn 0.382683 -0.921581 0.065124
f 2593/1/649 2594/2/649 2595/3/649 2596/4/649
v 0.518385 1.406094 -1.966204
v 0.518385 1.384364 -2.273704
v 0.526000 1.402704 -2.275000
v 0.526000 1.424433 -1.967500
vn 0.923880 -0.381732 0.026975
f 2597/1/650 2598/2/650 2599/3/650 2600/4/650
v 0.526000 1.402704 -2.275000
v 0.526000 1.380974 -2.582500
v 0.518385 1.399313 -2.583796
v 0.518385 1.421043 -2.276296
vn 0.923880 0.381732 -0.026975
f 2601/1/651 2602/2/651 2603/3/651 2604/4/651
v 0.518385 1.421043 -2.276296
v 0.518385 1.399313 -2.583796
v 0.500000 1.406909 -2.584333
v 0.500000 1.428639 -2.276833
vn 0.382683 0.921581 -0.065124
f 2605/1/652 2606/2/652 2607/3/652 2608/4/652
v 0.500000 1.428639 -2.276833
v 0.500000 1.406909 -2.584333
v 0.481615 1.399313 -2.583796
v 0.481615 1.421043 -2.276296
vn -0.382683 0.921581 -0.065124
f 2609/1/653 2610/2/653 2611/3/653 2612/4/653
v 0.481615 1.421043 -2.276296
v 0.481615 1.399313 -2.583796
v 0.474000 1.380974 -2.582500
v 0.474000 1.402704 -2.275000
vn -0.923880 0.381732 -0.026975
f 2613/1/654 2614/2/654 2615/3/654 2616/4/654
v 0.474000 1.402704 -2.275000
v 0.474000 1.380974 -2.582500
v 0.481615 1.362635 -2.581204
v 0.481615 1.384364 -2.273704
vn -0.923880 -0.381732 0.026975
f 2617/1/655 2618/2/655 2619/3/655 2620/4/655
v 0.481615 1.384364 -2.273704
v 0.481615 1.362635 -2.581204
v 0.500000 1.355039 -2.580667
v 0.500000 1.376768 -2.273167
vn -0.382683 -0.921581 0.065124
f 2621/1/656 2622/2/656 2623/3/656 2624/4/656
v 0.500000 1.376768 -2.273167
v 0.500000 1.355039 -2.580667
v 0.518385 1.362635 -2.581204
v 0.518385 1.384364 -2.273704
vn 0.382683 -0.921581 0.065124
f 2625/1/657 2626/2/657 2627/3/657 2628/4/657
v 0.518385 1.384364 -2.273704
v 0.518385 1.362635 -2.581204
v 0.526000 1.380974 -2.582500
v 0.526000 1.402704 -2.275000
vn 0.923880 -0.381732 0.026975
f 2629/1/658 2630/2/658 2631/3/658 2632/4/658
v 0.526000 1.380974 -2.582500
v 0.526000 1.359244 -2.890000
v 0.518385 1.377583 -2.891296
v 0.518385 1.399313 -2.583796
vn 0.923880 0.381732 -0.026975
f 2633/1/659 2634/2/659 2635/3/659 2636/4/659
v 0.518385 1.399313 -2.583796
v 0.518385 1.377583 -2.891296
v 0.500000 1.385180 -2.891833
v 0.500000 1.406909 -2.584333
vn 0.382683 0.921581 -0.065124
f 2637/1/660 2638/2/660 2639/3/660 2640/4/660
v 0.500000 1.406909 -2.584333
v 0.500000 1.385180 -2.891833
v 0.481615 1.377583 -2.891296
v 0.481615 1.399313 -2.583796
vn -0.382683 0.921581 -0.065124
f 2641/1/661 2642/2/661 2643/3/661 2644/4/661
v 0.481615 1.399313 -2.583796
v 0.481615 1.377583 -2.891296
v 0.474000 1.359244 -2.890000
v 0.474000 1.380974 -2.582500
vn -0.923880 0.381732 -0.026975
f 2645/1/662 2646/2/662 2647/3/662 2648/4/662
v 0.474000 1.380974 -2.582500
v 0.474000 1.359244 -2.890000
v 0.481615 1.340905 -2.888704
v 0.481615 1.362635 -2.581204
vn -0.923880 -0.381732 0.026975
f 2649/1/663 2650/2/663 2651/3/663 2652/4/663
v 0.481615 1.362635 -2.581204
v 0.481615 1.340905 -2.888704
v 0.500000 1.333309 -2.888167
v 0.500000 1.355039 -2.580667
vn -0.382683 -0.921581 0.065124
f 2653/1/664 2654/2/664 2655/3/664 2656/4/664
v 0.500000 1.355039 -2.580667
v 0.500000 1.333309 -2.888167
v 0.518385 1.340905 -2.888704
v 0.518385 1.362635 -2.581204
vn 0.382683 -0.921581 0.065124
f 2657/1/665 2658/2/665 2659/3/665 2660/4/665
v 0.518385 1.362635 -2.581204
v 0.518385 1.340905 -2.888704
v 0.526000 1.359244 -2.890000
v 0.526000 1.380974 -2.582500
vn 0.923880 -0.381732 0.026975
f 2661/1/666 2662/2/666 2663/3/666 2664/4/666
v 0.526000 1.359244 -2.890000
v 0.526000 1.337515 -3.197500
v 0.518385 1.355854 -3.198796
v 0.518385 1.377583 -2.891296
vn 0.923880 0.381732 -0.026975
f 2665/1/667 2666/2/667 2667/3/667 2668/4/667
v 0.518385 1.377583 -2.891296
v 0.518385 1.355854 -3.198796
v 0.500000 1.363450 -3.199333
v 0.500000 1.385180 -2.891833
vn 0.382683 0.921581 -0.065124
f 2669/1/668 2670/2/668 2671/3/668 2672/4/668
v 0.500000 1.385180 -2.891833
v 0.500000 1.363450 -3.199333
v 0.481615 1.355854 -3.198796
v 0.481615 1.377583 -2.891296
vn -0.382683 0.921581 -0.065124
f 2673/1/669 2674/2/669 2675/3/669 2676/4/669
v 0.481615 1.377583 -2.891296
v 0.481615 1.355854 -3.198796
v 0.474000 1.337515 -3.197500
v 0.474000 1.359244 -2.890000
vn -0.923880 0.381732 -0.026975
f 2677/1/670 2678/2/670 2679/3/670 2680/4/670
v 0.474000 1.359244 -2.890000
v 0.474000 1.337515 -3.197500
v 0.481615 1.319176 -3.196204
v 0.481615 1.340905 -2.888704
vn -0.923880 -0.381732 0.026975
f 2681/1/671 2682/2/671 2683/3/671 2684/4/671
v 0.481615 1.340905 -2.888704
v 0.481615 1.319176 -3.196204
v 0.500000 1.311579 -3.195667
v 0.500000 1.333309 -2.888167
vn -0.382683 -0.921581 0.065124
f 2685/1/672 2686/2/672 2687/3/672 2688/4/672
v 0.500000 1.333309 -2.888167
v 0.500000 1.311579 -3.195667
v 0.518385 1.319176 -3.196204
v 0.518385 1.340905 -2.888704
vn 0.382683 -0.921581 0.065124
f 2689/1/673 2690/2/673 2691/3/673 2692/4/673
v 0.518385 1.340905 -2.888704
v 0.518385 1.319176 -3.196204
v 0.526000 1.337515 -3.197500
v 0.526000 1.359244 -2.890000
vn 0.923880 -0.381732 0.026975
f 2693/1/674 2694/2/674 2695/3/674 2696/4/674
v 0.526000 1.337515 -3.197500
v 0.526000 1.315785 -3.505000
v 0.518385 1.334124 -3.506296
v 0.518385 1.355854 -3.198796
vn 0.923880 0.381732 -0.026975
f 2697/1/675 2698/2/675 2699/3/675 2700/4/675
v 0.518385 1.355854 -3.198796
v 0.518385 1.334124 -3.506296
v 0.500000 1.341720 -3.506833
v 0.500000 1.363450 -3.199333
vn 0.382683 0.921581 -0.065124
f 2701/1/676 2702/2/676 2703/3/676 2704/4/676
v 0.500000 1.363450 -3.199333
v 0.500000 1.341720 -3.506833
v 0.481615 1.334124 -3.506296
v 0.481615 1.355854 -3.198796
vn -0.382683 0.921581 -0.065124
f 2705/1/677 2706/2/677 2707/3/677 2708/4/677
v 0.481615 1.355854 -3.198796
v 0.481615 1.334124 -3.506296
v 0.474000 1.315785 -3.505000
v 0.474000 1.337515 -3.197500
vn -0.923880 0.381732 -0.026975
f 2709/1/678 2710/2/678 2711/3/678 2712/4/678
v 0.474000 1.337515 -3.197500
v 0.474000 1.315785 -3.505000
v 0.481615 1.297446 -3.503704
v 0.481615 1.319176 -3.196204
vn -0.923880 -0.381732 0.026975
f 2713/1/679 2714/2/679 2715/3/679 2716/4/679
v 0.481615 1.319176 -3.196204
v 0.481615 1.297446 -3.503704
v 0.500000 1.289850 -3.503167
v 0.500000 1.311579 -3.195667
vn -0.382683 -0.921581 0.065124
f 2717/1/680 2718/2/680 2719/3/680 2720/4/680
v 0.500000 1.311579 -3.195667
v 0.500000 1.289850 -3.503167
v 0.518385 1.297446 -3.503704
v 0.518385 1.319176 -3.196204
vn 0.382683 -0.921581 0.065124
f 2721/1/681 2722/2/681 2723/3/681 2724/4/681
v 0.518385 1.319176 -3.196204
v 0.518385 1.297446 -3.503704
v 0.526000 1.315785 -3.505000
v 0.526000 1.337515 -3.197500
vn 0.923880 -0.381732 0.026975
f 2725/1/682 2726/2/682 2727/3/682 2728/4/682
v 0.526000 1.315785 -3.505000
v 0.526000 1.294055 -3.812500
v 0.518385 1.312394 -3.813796
v 0.518385 1.334124 -3.506296
vn 0.923880 0.381732 -0.026975
f 2729/1/683 2730/2/683 2731/3/683 2732/4/683
v 0.518385 1.334124 -3.506296
v 0.518385 1.312394 -3.813796
v 0.500000 1.319991 -3.814333
v 0.500000 1.341720 -3.506833
vn 0.382683 0.921581 -0.065124
f 2733/1/684 2734/2/684 2735/3/684 2736/4/684
v 0.500000 1.341720 -3.506833
v 0.500000 1.319991 -3.814333
v 0.481615 1.312394 -3.813796
v 0.481615 1.334124 -3.506296
vn -0.382683 0.921581 -0.065124
f 2737/1/685 2738/2/685 2739/3/685 2740/4/685
v 0.481615 1.334124 -3.506296
v 0.481615 1.312394 -3.813796
v 0.474000 1.294055 -3.812500
v 0.474000 1.315785 -3.505000
vn -0.923880 0.381732 -0.026975
f 2741/1/686 2742/2/686 2743/3/686 2744/4/686
v 0.474000 1.315785 -3.505000
v 0.474000 1.294055 -3.812500
v 0.481615 1.275716 -3.811204
v 0.481615 1.297446 -3.503704
vn -0.923880 -0.381732 0.026975
f 2745/1/687 2746/2/687 2747/3/687 2748/4/687
v 0.481615 1.297446 -3.503704
v 0.481615 1.275716 -3.811204
v 0.500000 1.268120 -3.810667
v 0.500000 1.289850 -3.503167
vn -0.382683 -0.921581 0.065124
f 2749/1/688 2750/2/688 2751/3/688 2752/4/688
v 0.500000 1.289850 -3.503167
v 0.500000 1.268120 -3.810667
v 0.518385 1.275716 -3.811204
v 0.518385 1.297446 -3.503704
vn 0.382683 -0.921581 0.065124
f 2753/1/689 2754/2/689 2755/3/689 2756/4/689
v 0.518385 1.297446 -3.503704
v 0.518385 1.275716 -3.811204
v 0.526000 1.294055 -3.812500
v 0.526000 1.315785 -3.505000
vn 0.923880 -0.381732 0.026975
f 2757/1/690 2758/2/690 2759/3/690 2760/4/690
v 0.526000 1.294055 -3.812500
v 0.526000 1.272326 -4.120000
v 0.518385 1.290665 -4.121296
v 0.518385 1.312394 -3.813796
vn 0.923880 0.381732 -0.026975
f 2761/1/691 2762/2/691 2763/3/691 2764/4/691
v 0.518385 1.312394 -3.813796
v 0.518385 1.290665 -4.121296
v 0.500000 1.298261 -4.121833
v 0.500000 1.319991 -3.814333
vn 0.382683 0.921581 -0.065124
f 2765/1/692 2766/2/692 2767/3/692 2768/4/692
v 0.500000 1.319991 -3.814333
v 0.500000 1.298261 -4.121833
v 0.481615 1.290665 -4.121296
v 0.481615 1.312394 -3.813796
vn -0.382683 0.921581 -0.065124
f 2769/1/693 2770/2/693 2771/3/693 2772/4/693
v 0.481615 1.312394 -3.813796
v 0.481615 1.290665 -4.121296
v 0.474000 1.272326 -4.120000
v 0.474000 1.294055 -3.812500
vn -0.923880 0.381732 -0.026975
f 2773/1/694 2774/2/694 2775/3/694 2776/4/694
v 0.474000 1.294055 -3.812500
v 0.474000 1.272326 -4.120000
v 0.481615 1.253987 -4.118704
v 0.481615 1.275716 -3.811204
vn -0.923880 -0.381732 0.026975
f 2777/1/695 2778/2/695 2779/3/695 2780/4/695
v 0.481615 1.275716 -3.811204
v 0.481615 1.253987 -4.118704
v 0.500000 1.246390 -4.118167
v 0.500000 1.268120 -3.810667
vn -0.382683 -0.921581 0.065124
f 2781/1/696 2782/2/696 2783/3/696 2784/4/696
v 0.500000 1.268120 -3.810667
v 0.500000 1.246390 -4.118167
v 0.518385 1.253987 -4.118704
v 0.518385 1.275716 -3.811204
vn 0.382683 -0.921581 0.065124
f 2785/1/697 2786/2/697 2787/3/697 2788/4/697
v 0.518385 1.275716 -3.811204
v 0.518385 1.253987 -4.118704
v 0.526000 1.272326 -4.120000
v 0.526000 1.294055 -3.812500
vn 0.923880 -0.381732 0.026975
f 2789/1/698 2790/2/698 2791/3/698 2792/4/698
v 0.526000 1.272326 -4.120000
v 0.526000 1.250596 -4.427500
v 0.518385 1.268935 -4.428796
v 0.518385 1.290665 -4.121296
vn 0.923880 0.381732 -0.026975
f 2793/1/699 2794/2/699 2795/3/699 2796/4/699
v 0.518385 1.290665 -4.121296
v 0.518385 1.268935 -4.428796
v 0.500000 1.276531 -4.429333
v 0.500000 1.298261 -4.121833
vn 0.382683 0.921581 -0.065124
f 2797/1/700 2798/2/700 2799/3/700 2800/4/700
v 0.500000 1.298261 -4.121833
v 0.500000 1.276531 -4.429333
v 0.481615 1.268935 -4.428796
v 0.481615 1.290665 -4.121296
vn -0.382683 0.921581 -0.065124
f 2801/1/701 2802/2/701 2803/3/701 2804/4/701
v 0.481615 1.290665 -4.121296
v 0.481615 1.268935 -4.428796
v 0.474000 1.250596 -4.427500
v 0.474000 1.272326 -4.120000
vn -0.923880 0.381732 -0.026975
f 2805/1/702 2806/2/702 2807/3/702 2808/4/702
v 0.474000 1.272326 -4.120000
v 0.474000 1.250596 -4.427500
v 0.481615 1.232257 -4.426204
v 0.481615 1.253987 -4.118704
vn -0.923880 -0.381732 0.026975
f 2809/1/703 2810/2/703 2811/3/703 2812/4/703
v 0.481615 1.253987 -4.118704
v 0.481615 1.232257 -4.426204
v 0.500000 1.224661 -4.425667
v 0.500000 1.246390 -4.118167
vn -0.382683 -0.921581 0.065124
f 2813/1/704 2814/2/704 2815/3/704 2816/4/704
v 0.500000 1.246390 -4.118167
v 0.500000 1.224661 -4.425667
v 0.518385 1.232257 -4.426204
v 0.518385 1.253987 -4.118704
vn 0.382683 -0.921581 0.065124
f 2817/1/705 2818/2/705 2819/3/705 2820/4/705
v 0.518385 1.253987 -4.118704
v 0.518385 1.232257 -4.426204
v 0.526000 1.250596 -4.427500
v 0.526000 1.272326 -4.120000
vn 0.923880 -0.381732 0.026975
f 2821/1/706 2822/2/706 2823/3/706 2824/4/706
v 0.526000 1.250596 -4.427500
v 0.526000 1.228866 -4.735000
v 0.518385 1.247205 -4.736296
v 0.518385 1.268935 -4.428796
vn 0.923880 0.381732 -0.026975
f 2825/1/707 2826/2/707 2827/3/707 2828/4/707
v 0.518385 1.268935 -4.428796
v 0.518385 1.247205 -4.736296
v 0.500000 1.254802 -4.736833
v 0.500000 1.276531 -4.429333
vn 0.382683 0.921581 -0.065124
f 2829/1/708 2830/2/708 2831/3/708 2832/4/708
v 0.500000 1.276531 -4.429333
v 0.500000 1.254802 -4.736833
v 0.481615 1.247205 -4.736296
v 0.481615 1.268935 -4.428796
vn -0.382683 0.921581 -0.065124
f 2833/1/709 2834/2/709 2835/3/709 2836/4/709
v 0.481615 1.268935 -4.428796
v 0.481615 1.247205 -4.736296
v 0.474000 1.228866 -4.735000
v 0.474000 1.250596 -4.427500
vn -0.923880 0.381732 -0.026975
f 2837/1/710 2838/2/710 2839/3/710 2840/4/710
v 0.474000 1.250596 -4.427500
v 0.474000 1.228866 -4.735000
v 0.481615 1.210527 -4.733704
v 0.481615 1.232257 -4.426204
vn -0.923880 -0.381732 0.026975
f 2841/1/711 2842/2/711 2843/3/711 2844/4/711
v 0.481615 1.232257 -4.426204
v 0.481615 1.210527 -4.733704
v 0.500000 1.202931 -4.733167
v 0.500000 1.224661 -4.425667
vn -0.382683 -0.921581 0.065124
f 2845/1/712 2846/2/712 2847/3/712 2848/4/712
v 0.500000 1.224661 -4.425667
v 0.500000 1.202931 -4.733167
v 0.518385 1.210527 -4.733704
v 0.518385 1.232257 -4.426204
vn 0.382683 -0.921581 0.065124
f 2849/1/713 2850/2/713 2851/3/713 2852/4/713
v 0.518385 1.232257 -4.426204
v 0.518385 1.210527 -4.733704
v 0.526000 1.228866 -4.735000
v 0.526000 1.250596 -4.427500
vn 0.923880 -0.381732 0.026975
f 2853/1/714 2854/2/714 2855/3/714 2856/4/714
v 0.526000 1.228866 -4.735000
v 0.526000 1.207137 -5.042500
v 0.518385 1.225476 -5.043796
v 0.518385 1.247205 -4.736296
vn 0.923880 0.381732 -0.026975
f 2857/1/715 2858/2/715 2859/3/715 2860/4/715
v 0.518385 1.247205 -4.736296
v 0.518385 1.225476 -5.043796
v 0.500000 1.233072 -5.044333
v 0.500000 1.254802 -4.736833
vn 0.382683 0.921581 -0.065124
f 2861/1/716 2862/2/716 2863/3/716 2864/4/716
v 0.500000 1.254802 -4.736833
v 0.500000 1.233072 -5.044333
v 0.481615 1.225476 -5.043796
v 0.481615 1.247205 -4.736296
vn -0.382683 0.921581 -0.065124
f 2865/1/717 2866/2/717 2867/3/717 2868/4/717
v 0.481615 1.247205 -4.736296
v 0.481615 1.225476 -5.043796
v 0.474000 1.207137 -5.042500
v 0.474000 1.228866 -4.735000
vn -0.923880 0.381732 -0.026975
f 2869/1/718 2870/2/718 2871/3/718 2872/4/718
v 0.474000 1.228866 -4.735000
v 0.474000 1.207137 -5.042500
v 0.481615 1.188798 -5.041204
v 0.481615 1.210527 -4.733704
vn -0.923880 -0.381732 0.026975
f 2873/1/719 2874/2/719 2875/3/719 2876/4/719
v 0.481615 1.210527 -4.733704
v 0.481615 1.188798 -5.041204
v 0.500000 1.181201 -5.040667
v 0.500000 1.202931 -4.733167
vn -0.382683 -0.921581 0.065124
f 2877/1/720 2878/2/720 2879/3/720 2880/4/720
v 0.500000 1.202931 -4.733167
v 0.500000 1.181201 -5.040667
v 0.518385 1.188798 -5.041204
v 0.518385 1.210527 -4.733704
vn 0.382683 -0.921581 0.065124
f 2881/1/721 2882/2/721 2883/3/721 2884/4/721
v 0.518385 1.210527 -4.733704
v 0.518385 1.188798 -5.041204
v 0.526000 1.207137 -5.042500
v 0.526000 1.228866 -4.735000
vn 0.923880 -0.381732 0.026975
f 2885/1/722 2886/2/722 2887/3/722 2888/4/722
v 0.526000 1.207137 -5.042500
v 0.526000 1.185407 -5.350000
v 0.518385 1.203746 -5.351296
v 0.518385 1.225476 -5.043796
vn 0.923880 0.381732 -0.026975
f 2889/1/723 2890/2/723 2891/3/723 2892/4/723
v 0.518385 1.225476 -5.043796
v 0.518385 1.203746 -5.351296
v 0.500000 1.211342 -5.351833
v 0.500000 1.233072 -5.044333
vn 0.382683 0.921581 -0.065124
f 2893/1/724 2894/2/724 2895/3/724 2896/4/724
v 0.500000 1.233072 -5.044333
v 0.500000 1.211342 -5.351833
v 0.481615 1.203746 -5.351296
v 0.481615 1.225476 -5.043796
vn -0.382683 0.921581 -0.065124
f 2897/1/725 2898/2/725 2899/3/725 2900/4/725
v 0.481615 1.225476 -5.043796
v 0.481615 1.203746 -5.351296
v 0.474000 1.185407 -5.350000
v 0.474000 1.207137 -5.042500
vn -0.923880 0.381732 -0.026975
f 2901/1/726 2902/2/726 2903/3/726 2904/4/726
v 0.474000 1.207137 -5.042500
v 0.474000 1.185407 -5.350000
v 0.481615 1.167068 -5.348704
v 0.481615 1.188798 -5.041204
vn -0.923880 -0.381732 0.026975
f 2905/1/727 2906/2/727 2907/3/727 2908/4/727
v 0.481615 1.188798 -5.041204
v 0.481615 1.167068 -5.348704
v 0.500000 1.159472 -5.348167
v 0.500000 1.181201 -5.040667
vn -0.382683 -0.921581 0.065124
f 2909/1/728 2910/2/728 2911/3/728 2912/4/728
v 0.500000 1.181201 -5.040667
v 0.500000 1.159472 -5.348167
v 0.518385 1.167068 -5.348704
v 0.518385 1.188798 -5.041204
vn 0.382683 -0.921581 0.065124
f 2913/1/729 2914/2/729 2915/3/729 2916/4/729
v 0.518385 1.188798 -5.041204
v 0.518385 1.167068 -5.348704
v 0.526000 1.185407 -5.350000
v 0.526000 1.207137 -5.042500
vn 0.923880 -0.381732 0.026975
f 2917/1/730 2918/2/730 2919/3/730 2920/4/730
v 0.526000 1.185407 -5.350000
v 0.526000 1.163677 -5.657500
v 0.518385 1.182016 -5.658796
v 0.518385 1.203746 -5.351296
vn 0.923880 0.381732 -0.026975
f 2921/1/731 2922/2/731 2923/3/731 2924/4/731
v 0.518385 1.203746 -5.351296
v 0.518385 1.182016 -5.658796
v 0.500000 1.189613 -5.659333
v 0.500000 1.211342 -5.351833
vn 0.382683 0.921581 -0.065124
f 2925/1/732 2926/2/732 2927/3/732 2928/4/732
v 0.500000 1.211342 -5.351833
v 0.500000 1.189613 -5.659333
v 0.481615 1.182016 -5.658796
v 0.481615 1.203746 -5.351296
vn -0.382683 0.921581 -0.065124
f 2929/1/733 2930/2/733 2931/3/733 2932/4/733
v 0.481615 1.203746 -5.351296
v 0.481615 1.182016 -5.658796
v 0.474000 1.163677 -5.657500
v 0.474000 1.185407 -5.350000
vn -0.923880 0.381732 -0.026975
f 2933/1/734 2934/2/734 2935/3/734 2936/4/734
v 0.474000 1.185407 -5.350000
v 0.474000 1.163677 -5.657500
v 0.481615 1.145338 -5.656204
v 0.481615 1.167068 -5.348704
vn -0.923880 -0.381732 0.026975
f 2937/1/735 2938/2/735 2939/3/735 2940/4/735
v 0.481615 1.167068 -5.348704
v 0.481615 1.145338 -5.656204
v 0.500000 1.137742 -5.655667
v 0.500000 1.159472 -5.348167
vn -0.382683 -0.921581 0.065124
f 2941/1/736 2942/2/736 2943/3/736 2944/4/736
v 0.500000 1.159472 -5.348167
v 0.500000 1.137742 -5.655667
v 0.518385 1.145338 -5.656204
v 0.518385 1.167068 -5.348704
vn 0.382683 -0.921581 0.065124
f 2945/1/737 2946/2/737 2947/3/737 2948/4/737
v 0.518385 1.167068 -5.348704
v 0.518385 1.145338 -5.656204
v 0.526000 1.163677 -5.657500
v 0.526000 1.185407 -5.350000
vn 0.923880 -0.381732 0.026975
f 2949/1/738 2950/2/738 2951/3/738 2952/4/738
v 0.526000 1.163677 -5.657500
v 0.481615 1.182016 -5.658796
v 0.500000 1.189613 -5.659333
v 0.518385 1.182016 -5.658796
vn 0.000000 -0.070490 -0.997513
f 2953/1/739 2954/2/739 2955/3/739 2956/4/739
v 0.526000 1.163677 -5.657500
v 0.481615 1.145338 -5.656204
v 0.474000 1.163677 -5.657500
v 0.481615 1.182016 -5.658796
vn 0.000000 -0.070490 -0.997513
f 2957/1/740 2958/2/740 2959/3/740 2960/4/740
v 0.526000 1.163677 -5.657500
v 0.518385 1.145338 -5.656204
v 0.500000 1.137742 -5.655667
v 0.481615 1.145338 -5.656204
vn 0.000000 -0.070490 -0.997513
f 2961/1/741 2962/2/741 2963/3/741 2964/4/741
v 0.522000 0.627507 -0.814375
v 0.522000 1.369023 -2.751625
v 0.515556 1.383551 -2.746064
v 0.515556 0.642035 -0.808814
vn 0.923880 0.357397 0.136800
f 2965/1/742 2966/2/742 2967/3/742 2968/4/742
v 0.515556 0.642035 -0.808814
v 0.515556 1.383551 -2.746064
v 0.500000 1.389569 -2.743761
v 0.500000 0.648053 -0.806511
vn 0.382683 0.862832 0.330264
f 2969/1/743 2970/2/743 2971/3/743 2972/4/743
v 0.500000 0.648053 -0.806511
v 0.500000 1.389569 -2.743761
v 0.484444 1.383551 -2.746064
v 0.484444 0.642035 -0.808814
vn -0.382683 0.862832 0.330264
f 2973/1/744 2974/2/744 2975/3/744 2976/4/744
v 0.484444 0.642035 -0.808814
v 0.484444 1.383551 -2.746064
v 0.478000 1.369023 -2.751625
v 0.478000 0.627507 -0.814375
vn -0.923880 0.357397 0.136800
f 2977/1/745 2978/2/745 2979/3/745 2980/4/745
v 0.478000 0.627507 -0.814375
v 0.478000 1.369023 -2.751625
v 0.484444 1.354494 -2.757186
v 0.484444 0.612978 -0.819936
vn -0.923880 -0.357397 -0.136800
f 2981/1/746 2982/2/746 2983/3/746 2984/4/746
v 0.484444 0.612978 -0.819936
v 0.484444 1.354494 -2.757186
v 0.500000 1.348476 -2.759489
v 0.500000 0.606960 -0.822239
vn -0.382683 -0.862832 -0.330264
f 2985/1/747 2986/2/747 2987/3/747 2988/4/747
v 0.500000 0.606960 -0.822239
v 0.500000 1.348476 -2.759489
v 0.515556 1.354494 -2.757186
v 0.515556 0.612978 -0.819936
vn 0.382683 -0.862832 -0.330264
f 2989/1/748 2990/2/748 2991/3/748 2992/4/748
v 0.515556 0.612978 -0.819936
v 0.515556 1.354494 -2.757186
v 0.522000 1.369023 -2.751625
v 0.522000 0.627507 -0.814375
vn 0.923880 -0.357397 -0.136800
f 2993/1/749 2994/2/749 2995/3/749 2996/4/749
v 0.522000 1.369023 -2.751625
v 0.484444 1.383551 -2.746064
v 0.500000 1.389569 -2.743761
v 0.515556 1.383551 -2.746064
vn 0.000000 0.357475 -0.933923
f 2997/1/750 2998/2/750 2999/3/750 3000/4/750
v 0.522000 1.369023 -2.751625
v 0.484444 1.354494 -2.757186
v 0.478000 1.369023 -2.751625
v 0.484444 1.383551 -2.746064
vn 0.000000 0.357475 -0.933923
f 3001/1/751 3002/2/751 3003/3/751 3004/4/751
v 0.522000 1.369023 -2.751625
v 0.515556 1.354494 -2.757186
v 0.500000 1.348476 -2.759489
v 0.484444 1.354494 -2.757186
vn 0.000000 0.357475 -0.933923
f 3005/1/752 3006/2/752 3007/3/752 3008/4/752
v 0.497146 1.620000 0.878186
v -0.051535 1.620000 0.955488
v -0.046692 1.635556 0.959738
v 0.497982 1.635556 0.884575
vn -0.128891 0.382668 -0.914851
f 3009/1/753 3010/2/753 3011/3/753 3012/4/753
v 0.497982 1.635556 0.884575
v -0.046692 1.635556 0.959738
v -0.035000 1.642000 0.970000
v 0.500000 1.642000 0.900000
vn -0.052314 0.923876 -0.379099
f 3013/1/754 3014/2/754 3015/3/754 3016/4/754
v 0.500000 1.642000 0.900000
v -0.035000 1.642000 0.970000
v -0.023308 1.635556 0.980262
v 0.502018 1.635556 0.915425
vn 0.049648 0.923880 0.379449
f 3017/1/755 3018/2/755 3019/3/755 3020/4/755
v 0.502018 1.635556 0.915425
v -0.023308 1.635556 0.980262
v -0.018465 1.620000 0.984512
v 0.502854 1.620000 0.921814
vn 0.113169 0.382675 0.916926
f 3021/1/756 3022/2/756 3023/3/756 3024/4/756
v 0.502854 1.620000 0.921814
v -0.018465 1.620000 0.984512
v -0.023308 1.604444 0.980262
v 0.502018 1.604444 0.915425
vn 0.110319 -0.382666 0.917277
f 3025/1/757 3026/2/757 3027/3/757 3028/4/757
v 0.502018 1.604444 0.915425
v -0.023308 1.604444 0.980262
v -0.035000 1.598000 0.970000
v 0.500000 1.598000 0.900000
vn 0.046877 -0.923876 0.379810
f 3029/1/758 3030/2/758 3031/3/758 3032/4/758
v 0.500000 1.598000 0.900000
v -0.035000 1.598000 0.970000
v -0.046692 1.604444 0.959738
v 0.497982 1.604444 0.884575
vn -0.049648 -0.923880 -0.379449
f 3033/1/759 3034/2/759 3035/3/759 3036/4/759
v 0.497982 1.604444 0.884575
v -0.046692 1.604444 0.959738
v -0.051535 1.620000 0.955488
v 0.497146 1.620000 0.878186
vn -0.126296 -0.382675 -0.915210
f 3037/1/760 3038/2/760 3039/3/760 3040/4/760
v -0.051535 1.620000 0.955488
v -0.057000 1.620000 1.400000
v -0.050556 1.635556 1.400000
v -0.046692 1.635556 0.959738
vn -0.953822 0.300142 -0.011727
f 3041/1/761 3042/2/761 3043/3/761 3044/4/761
v -0.046692 1.635556 0.959738
v -0.050556 1.635556 1.400000
v -0.035000 1.642000 1.400000
v -0.035000 1.642000 0.970000
vn -0.479833 0.877349 -0.004212
f 3045/1/762 3046/2/762 3047/3/762 3048/4/762
v -0.035000 1.642000 0.970000
v -0.035000 1.642000 1.400000
v -0.019444 1.635556 1.400000
v -0.023308 1.635556 0.980262
vn 0.482676 0.875799 -0.000000
f 3049/1/763 3050/2/763 3051/3/763 3052/4/763
v -0.023308 1.635556 0.980262
v -0.019444 1.635556 1.400000
v -0.013000 1.620000 1.400000
v -0.018465 1.620000 0.984512
vn 0.955445 0.295039 -0.008797
f 3053/1/764 3054/2/764 3055/3/764 3056/4/764
v -0.018465 1.620000 0.984512
v -0.013000 1.620000 1.400000
v -0.019444 1.604444 1.400000
v -0.023308 1.604444 0.980262
vn 0.955696 -0.294086 -0.012571
f 3057/1/765 3058/2/765 3059/3/765 3060/4/765
v -0.023308 1.604444 0.980262
v -0.019444 1.604444 1.400000
v -0.035000 1.598000 1.400000
v -0.035000 1.598000 0.970000
vn 0.485678 -0.874126 -0.004472
f 3061/1/766 3062/2/766 3063/3/766 3064/4/766
v -0.035000 1.598000 0.970000
v -0.035000 1.598000 1.400000
v -0.050556 1.604444 1.400000
v -0.046692 1.604444 0.959738
vn -0.482676 -0.875799 0.000000
f 3065/1/767 3066/2/767 3067/3/767 3068/4/767
v -0.046692 1.604444 0.959738
v -0.050556 1.604444 1.400000
v -0.057000 1.620000 1.400000
v -0.051535 1.620000 0.955488
vn -0.954117 -0.299318 -0.008375
f 3069/1/768 3070/2/768 3071/3/768 3072/4/768
v -0.057000 1.620000 1.400000
v -0.019444 1.635556 1.400000
v -0.035000 1.642000 1.400000
v -0.050556 1.635556 1.400000
vn 0.000000 0.000000 1.000000
f 3073/1/769 3074/2/769 3075/3/769 3076/4/769
v -0.057000 1.620000 1.400000
v -0.019444 1.604444 1.400000
v -0.013000 1.620000 1.400000
v -0.019444 1.635556 1.400000
vn -0.000000 0.000000 1.000000
f 3077/1/770 3078/2/770 3079/3/770 3080/4/770
v -0.057000 1.620000 1.400000
v -0.050556 1.604444 1.400000
v -0.035000 1.598000 1.400000
v -0.019444 1.604444 1.400000
vn 0.000000 0.000000 1.000000
f 3081/1/771 3082/2/771 3083/3/771 3084/4/771
usemtl clamp
v -0.097500 1.495000 1.500000
v 0.027500 1.495000 1.500000
v 0.027500 1.745000 1.500000
v -0.097500 1.745000 1.500000
vn 0.000000 0.000000 1.000000
f 3085/1/772 3086/2/772 3087/3/772 3088/4/772
v 0.027500 1.495000 1.250000
v -0.097500 1.495000 1.250000
v -0.097500 1.745000 1.250000
v 0.027500 1.745000 1.250000
vn 0.000000 0.000000 -1.000000
f 3089/1/773 3090/2/773 3091/3/773 3092/4/773
v 0.027500 1.495000 1.500000
v 0.027500 1.495000 1.250000
v 0.027500 1.745000 1.250000
v 0.027500 1.745000 1.500000
vn 1.000000 -0.000000 0.000000
f 3093/1/774 3094/2/774 3095/3/774 3096/4/774
v -0.097500 1.495000 1.250000
v -0.097500 1.495000 1.500000
v -0.097500 1.745000 1.500000
v -0.097500 1.745000 1.250000
vn -1.000000 0.000000 0.000000
f 3097/1/775 3098/2/775 3099/3/775 3100/4/775
v -0.097500 1.745000 1.500000
v 0.027500 1.745000 1.500000
v 0.027500 1.745000 1.250000
v -0.097500 1.745000 1.250000
vn -0.000000 1.000000 0.000000
f 3101/1/776 3102/2/776 3103/3/776 3104/4/776
v -0.097500 1.495000 1.250000
v 0.027500 1.495000 1.250000
v 0.027500 1.495000 1.500000
v -0.097500 1.495000 1.500000
vn 0.000000 -1.000000 0.000000
f 3105/1/777 3106/2/777 3107/3/777 3108/4/777
usemtl metal
v 0.497146 1.620000 0.921814
v 1.018465 1.620000 0.984512
v 1.023308 1.635556 0.980262
v 0.497982 1.635556 0.915425
vn -0.110319 0.382666 0.917277
f 3109/1/778 3110/2/778 3111/3/778 3112/4/778
v 0.497982 1.635556 0.915425
v 1.023308 1.635556 0.980262
v 1.035000 1.642000 0.970000
v 0.500000 1.642000 0.900000
vn -0.046877 0.923876 0.379810
f 3113/1/779 3114/2/779 3115/3/779 3116/4/779
v 0.500000 1.642000 0.900000
v 1.035000 1.642000 0.970000
v 1.046692 1.635556 0.959738
v 0.502018 1.635556 0.884575
vn 0.049648 0.923880 -0.379449
f 3117/1/780 3118/2/780 3119/3/780 3120/4/780
v 0.502018 1.635556 0.884575
v 1.046692 1.635556 0.959738
v 1.051535 1.620000 0.955488
v 0.502854 1.620000 0.878186
vn 0.126296 0.382675 -0.915210
f 3121/1/781 3122/2/781 3123/3/781 3124/4/781
v 0.502854 1.620000 0.878186
v 1.051535 1.620000 0.955488
v 1.046692 1.604444 0.959738
v 0.502018 1.604444 0.884575
vn 0.128891 -0.382668 -0.914851
f 3125/1/782 3126/2/782 3127/3/782 3128/4/782
v 0.502018 1.604444 0.884575
v 1.046692 1.604444 0.959738
v 1.035000 1.598000 0.970000
v 0.500000 1.598000 0.900000
vn 0.052314 -0.923876 -0.379099
f 3129/1/783 3130/2/783 3131/3/783 3132/4/783
v 0.500000 1.598000 0.900000
v 1.035000 1.598000 0.970000
v 1.023308 1.604444 0.980262
v 0.497982 1.604444 0.915425
vn -0.049648 -0.923880 0.379449
f 3133/1/784 3134/2/784 3135/3/784 3136/4/784
v 0.497982 1.604444 0.915425
v 1.023308 1.604444 0.980262
v 1.018465 1.620000 0.984512
v 0.497146 1.620000 0.921814
vn -0.113169 -0.382675 0.916926
f 3137/1/785 3138/2/785 3139/3/785 3140/4/785
v 1.018465 1.620000 0.984512
v 1.013000 1.620000 1.400000
v 1.019444 1.635556 1.400000
v 1.023308 1.635556 0.980262
vn -0.955696 0.294086 -0.012571
f 3141/1/786 3142/2/786 3143/3/786 3144/4/786
v 1.023308 1.635556 0.980262
v 1.019444 1.635556 1.400000
v 1.035000 1.642000 1.400000
v 1.035000 1.642000 0.970000
vn -0.485678 0.874126 -0.004472
f 3145/1/787 3146/2/787 3147/3/787 3148/4/787
v 1.035000 1.642000 0.970000
v 1.035000 1.642000 1.400000
v 1.050556 1.635556 1.400000
v 1.046692 1.635556 0.959738
vn 0.482676 0.875799 -0.000000
f 3149/1/788 3150/2/788 3151/3/788 3152/4/788
v 1.046692 1.635556 0.959738
v 1.050556 1.635556 1.400000
v 1.057000 1.620000 1.400000
v 1.051535 1.620000 0.955488
vn 0.954117 0.299318 -0.008375
f 3153/1/789 3154/2/789 3155/3/789 3156/4/789
v 1.051535 1.620000 0.955488
v 1.057000 1.620000 1.400000
v 1.050556 1.604444 1.400000
v 1.046692 1.604444 0.959738
vn 0.953822 -0.300142 -0.011727
f 3157/1/790 3158/2/790 3159/3/790 3160/4/790
v 1.046692 1.604444 0.959738
v 1.050556 1.604444 1.400000
v 1.035000 1.598000 1.400000
v 1.035000 1.598000 0.970000
vn 0.479833 -0.877349 -0.004212
f 3161/1/791 3162/2/791 3163/3/791 3164/4/791
v 1.035000 1.598000 0.970000
v 1.035000 1.598000 1.400000
v 1.019444 1.604444 1.400000
v 1.023308 1.604444 0.980262
vn -0.482676 -0.875799 0.000000
f 3165/1/792 3166/2/792 3167/3/792 3168/4/792
v 1.023308 1.604444 0.980262
v 1.019444 1.604444 1.400000
v 1.013000 1.620000 1.400000
v 1.018465 1.620000 0.984512
vn -0.955445 -0.295039 -0.008797
f 3169/1/793 3170/2/793 3171/3/793 3172/4/793
v 1.013000 1.620000 1.400000
v 1.050556 1.635556 1.400000
v 1.035000 1.642000 1.400000
v 1.019444 1.635556 1.400000
vn 0.000000 0.000000 1.000000
f 3173/1/794 3174/2/794 3175/3/794 3176/4/794
v 1.013000 1.620000 1.400000
v 1.050556 1.604444 1.400000
v 1.057000 1.620000 1.400000
v 1.050556 1.635556 1.400000
vn -0.000000 0.000000 1.000000
f 3177/1/795 3178/2/795 3179/3/795 3180/4/795
v 1.013000 1.620000 1.400000
v 1.019444 1.604444 1.400000
v 1.035000 1.598000 1.400000
v 1.050556 1.604444 1.400000
vn 0.000000 0.000000 1.000000
f 3181/1/796 3182/2/796 3183/3/796 3184/4/796
usemtl clamp
v 0.972500 1.495000 1.500000
v 1.097500 1.495000 1.500000
v 1.097500 1.745000 1.500000
v 0.972500 1.745000 1.500000
vn 0.000000 0.000000 1.000000
f 3185/1/797 3186/2/797 3187/3/797 3188/4/797
v 1.097500 1.495000 1.250000
v 0.972500 1.495000 1.250000
v 0.972500 1.745000 1.250000
v 1.097500 1.745000 1.250000
vn 0.000000 0.000000 -1.000000
f 3189/1/798 3190/2/798 3191/3/798 3192/4/798
v 1.097500 1.495000 1.500000
v 1.097500 1.495000 1.250000
v 1.097500 1.745000 1.250000
v 1.097500 1.745000 1.500000
vn 1.000000 -0.000000 0.000000
f 3193/1/799 3194/2/799 3195/3/799 3196/4/799
v 0.972500 1.495000 1.250000
v 0.972500 1.495000 1.500000
v 0.972500 1.745000 1.500000
v 0.972500 1.745000 1.250000
vn -1.000000 0.000000 0.000000
f 3197/1/800 3198/2/800 3199/3/800 3200/4/800
v 0.972500 1.745000 1.500000
v 1.097500 1.745000 1.500000
v 1.097500 1.745000 1.250000
v 0.972500 1.745000 1.250000
vn -0.000000 1.000000 0.000000
f 3201/1/801 3202/2/801 3203/3/801 3204/4/801
v 0.972500 1.495000 1.250000
v 1.097500 1.495000 1.250000
v 1.097500 1.495000 1.500000
v 0.972500 1.495000 1.500000
vn 0.000000 -1.000000 0.000000
f 3205/1/802 3206/2/802 3207/3/802 3208/4/802
usemtl metal
usemtl clamp
v 0.500000 1.157078 -5.958750
v 0.500000 1.282078 -5.958750
v 0.531250 1.282078 -5.927500
v 0.531250 1.157078 -5.927500
vn 0.707107 0.000000 -0.707107
f 3209/1/803 3210/2/803 3211/3/803 3212/4/803
v 0.531250 1.157078 -5.927500
v 0.531250 1.282078 -5.927500
v 0.500000 1.282078 -5.896250
v 0.500000 1.157078 -5.896250
vn 0.707107 -0.000000 0.707107
f 3213/1/804 3214/2/804 3215/3/804 3216/4/804
v 0.500000 1.157078 -5.896250
v 0.500000 1.282078 -5.896250
v 0.468750 1.282078 -5.927500
v 0.468750 1.157078 -5.927500
vn -0.707107 0.000000 0.707107
f 3217/1/805 3218/2/805 3219/3/805 3220/4/805
v 0.468750 1.157078 -5.927500
v 0.468750 1.282078 -5.927500
v 0.500000 1.282078 -5.958750
v 0.500000 1.157078 -5.958750
vn -0.707107 0.000000 -0.707107
f 3221/1/806 3222/2/806 3223/3/806 3224/4/806
v 0.500000 1.282078 -5.958750
v 0.468750 1.282078 -5.927500
v 0.500000 1.282078 -5.896250
v 0.531250 1.282078 -5.927500
vn 0.000000 1.000000 -0.000000
f 3225/1/807 3226/2/807 3227/3/807 3228/4/807
usemtl porcelain
v 0.406250 1.282078 -5.833750
v 0.593750 1.282078 -5.833750
v 0.593750 1.469578 -5.833750
v 0.406250 1.469578 -5.833750
vn 0.000000 0.000000 1.000000
f 3229/1/808 3230/2/808 3231/3/808 3232/4/808
v 0.593750 1.282078 -6.021250
v 0.406250 1.282078 -6.021250
v 0.406250 1.469578 -6.021250
v 0.593750 1.469578 -6.021250
vn 0.000000 0.000000 -1.000000
f 3233/1/809 3234/2/809 3235/3/809 3236/4/809
v 0.593750 1.282078 -5.833750
v 0.593750 1.282078 -6.021250
v 0.593750 1.469578 -6.021250
v 0.593750 1.469578 -5.833750
vn 1.000000 -0.000000 0.000000
f 3237/1/810 3238/2/810 3239/3/810 3240/4/810
v 0.406250 1.282078 -6.021250
v 0.406250 1.282078 -5.833750
v 0.406250 1.469578 -5.833750
v 0.406250 1.469578 -6.021250
vn -1.000000 0.000000 0.000000
f 3241/1/811 3242/2/811 3243/3/811 3244/4/811
v 0.406250 1.469578 -5.833750
v 0.593750 1.469578 -5.833750
v 0.593750 1.469578 -6.021250
v 0.406250 1.469578 -6.021250
vn -0.000000 1.000000 0.000000
f 3245/1/812 3246/2/812 3247/3/812 3248/4/812
v 0.406250 1.282078 -6.021250
v 0.593750 1.282078 -6.021250
v 0.593750 1.282078 -5.833750
v 0.406250 1.282078 -5.833750
vn 0.000000 -1.000000 0.000000
f 3249/1/813 3250/2/813 3251/3/813 3252/4/813
usemtl cable
v 0.593750 1.280135 -5.910611
v 0.593750 1.106194 -5.930625
v 0.608472 1.107223 -5.939062
v 0.608472 1.281107 -5.919056
vn 0.500000 -0.098991 0.860349
f 3253/1/814 3254/2/814 3255/3/814 3256/4/814
v 0.608472 1.281107 -5.919056
v 0.608472 1.107223 -5.939062
v 0.608472 1.109280 -5.955938
v 0.608472 1.283050 -5.935944
vn 1.000000 0.000000 0.000000
f 3257/1/815 3258/2/815 3259/3/815 3260/4/815
v 0.608472 1.283050 -5.935944
v 0.608472 1.109280 -5.955938
v 0.593750 1.110309 -5.964375
v 0.593750 1.284021 -5.944389
vn 0.500000 0.098988 -0.860350
f 3261/1/816 3262/2/816 3263/3/816 3264/4/816
v 0.593750 1.284021 -5.944389
v 0.593750 1.110309 -5.964375
v 0.579028 1.109280 -5.955938
v 0.579028 1.283050 -5.935944
vn -0.500000 0.098987 -0.860350
f 3265/1/817 3266/2/817 3267/3/817 3268/4/817
v 0.579028 1.283050 -5.935944
v 0.579028 1.109280 -5.955938
v 0.579028 1.107223 -5.939062
v 0.579028 1.281107 -5.919056
vn -1.000000 -0.000000 0.000000
f 3269/1/818 3270/2/818 3271/3/818 3272/4/818
v 0.579028 1.281107 -5.919056
v 0.579028 1.107223 -5.939062
v 0.593750 1.106194 -5.930625
v 0.593750 1.280135 -5.910611
vn -0.500000 -0.098990 0.860349
f 3273/1/819 3274/2/819 3275/3/819 3276/4/819
v 0.593750 1.106194 -5.930625
v 0.610750 0.797708 -5.987500
v 0.602250 0.811685 -5.992127
v 0.608472 1.107223 -5.939062
vn 0.499834 -0.130322 0.856260
f 3277/1/820 3278/2/820 3279/3/820 3280/4/820
v 0.608472 1.107223 -5.939062
v 0.602250 0.811685 -5.992127
v 0.585250 0.811685 -5.992127
v 0.608472 1.109280 -5.955938
vn 0.999785 -0.020599 -0.002512
f 3281/1/821 3282/2/821 3283/3/821 3284/4/821
v 0.608472 1.109280 -5.955938
v 0.585250 0.811685 -5.992127
v 0.576750 0.797708 -5.987500
v 0.593750 1.110309 -5.964375
vn 0.499620 0.066048 -0.863723
f 3285/1/822 3286/2/822 3287/3/822 3288/4/822
v 0.593750 1.110309 -5.964375
v 0.576750 0.797708 -5.987500
v 0.585250 0.783732 -5.982873
v 0.579028 1.109280 -5.955938
vn -0.499951 0.090902 -0.861270
f 3289/1/823 3290/2/823 3291/3/823 3292/4/823
v 0.579028 1.109280 -5.955938
v 0.585250 0.783732 -5.982873
v 0.602250 0.783732 -5.982873
v 0.579028 1.107223 -5.939062
vn -0.999818 -0.018919 -0.002307
f 3293/1/824 3294/2/824 3295/3/824 3296/4/824
v 0.579028 1.107223 -5.939062
v 0.602250 0.783732 -5.982873
v 0.610750 0.797708 -5.987500
v 0.593750 1.106194 -5.930625
vn -0.499447 -0.151377 0.853017
f 3297/1/825 3298/2/825 3299/3/825 3300/4/825
v 0.610750 0.797708 -5.987500
v 0.610750 0.870250 -6.057500
v 0.602250 0.878629 -6.045395
v 0.602250 0.811685 -5.992127
vn 0.600002 0.555509 0.575680
f 3301/1/826 3302/2/826 3303/3/826 3304/4/826
v 0.602250 0.811685 -5.992127
v 0.602250 0.878629 -6.045395
v 0.585250 0.878629 -6.045395
v 0.585250 0.811685 -5.992127
vn 0.000000 0.622636 0.782511
f 3305/1/827 3306/2/827 3307/3/827 3308/4/827
v 0.585250 0.811685 -5.992127
v 0.585250 0.878629 -6.045395
v 0.576750 0.870250 -6.057500
v 0.576750 0.797708 -5.987500
vn -0.513092 0.534430 0.671656
f 3309/1/828 3310/2/828 3311/3/828 3312/4/828
v 0.576750 0.797708 -5.987500
v 0.576750 0.870250 -6.057500
v 0.585250 0.861871 -6.069605
v 0.585250 0.783732 -5.982873
vn -0.600002 -0.555509 -0.575680
f 3313/1/829 3314/2/829 3315/3/829 3316/4/829
v 0.585250 0.783732 -5.982873
v 0.585250 0.861871 -6.069605
v 0.602250 0.861871 -6.069605
v 0.602250 0.783732 -5.982873
vn 0.000000 -0.742957 -0.669340
f 3317/1/830 3318/2/830 3319/3/830 3320/4/830
v 0.602250 0.783732 -5.982873
v 0.602250 0.861871 -6.069605
v 0.610750 0.870250 -6.057500
v 0.610750 0.797708 -5.987500
vn 0.650828 -0.564071 -0.508179
f 3321/1/831 3322/2/831 3323/3/831 3324/4/831
v 0.610750 0.870250 -6.057500
v 0.605879 1.059750 -6.159412
v 0.608338 1.068043 -6.144777
v 0.602250 0.878629 -6.045395
vn 0.865448 0.254370 0.431620
f 3325/1/832 3326/2/832 3327/3/832 3328/4/832
v 0.602250 0.878629 -6.045395
v 0.608338 1.068043 -6.144777
v 0.596210 1.068043 -6.132865
v 0.585250 0.878629 -6.045395
vn 0.000000 0.464615 0.885513
f 3329/1/833 3330/2/833 3331/3/833 3332/4/833
v 0.585250 0.878629 -6.045395
v 0.596210 1.068043 -6.132865
v 0.581621 1.059750 -6.135588
v 0.576750 0.870250 -6.057500
vn -0.865294 0.250556 0.434152
f 3333/1/834 3334/2/834 3335/3/834 3336/4/834
v 0.576750 0.870250 -6.057500
v 0.581621 1.059750 -6.135588
v 0.579162 1.051457 -6.150223
v 0.585250 0.861871 -6.069605
vn -0.858793 -0.176165 -0.481082
f 3337/1/835 3338/2/835 3339/3/835 3340/4/835
v 0.585250 0.861871 -6.069605
v 0.579162 1.051457 -6.150223
v 0.591290 1.051457 -6.162135
v 0.602250 0.861871 -6.069605
vn 0.000000 -0.391319 -0.920255
f 3341/1/836 3342/2/836 3343/3/836 3344/4/836
v 0.602250 0.861871 -6.069605
v 0.591290 1.051457 -6.162135
v 0.605879 1.059750 -6.159412
v 0.610750 0.870250 -6.057500
vn 0.859671 -0.183070 -0.476918
f 3345/1/837 3346/2/837 3347/3/837 3348/4/837
v 0.605879 1.059750 -6.159412
v 0.506671 1.139250 -6.203136
v 0.511664 1.150859 -6.191765
v 0.608338 1.068043 -6.144777
vn 0.670973 0.591075 -0.447689
f 3349/1/838 3350/2/838 3351/3/838 3352/4/838
v 0.608338 1.068043 -6.144777
v 0.511664 1.150859 -6.191765
v 0.504992 1.150859 -6.176129
v 0.596210 1.068043 -6.132865
vn 0.443597 0.774092 0.451667
f 3353/1/839 3354/2/839 3355/3/839 3356/4/839
v 0.596210 1.068043 -6.132865
v 0.504992 1.150859 -6.176129
v 0.493329 1.139250 -6.171864
v 0.581621 1.059750 -6.135588
vn -0.280222 0.183571 0.942219
f 3357/1/840 3358/2/840 3359/3/840 3360/4/840
v 0.581621 1.059750 -6.135588
v 0.493329 1.139250 -6.171864
v 0.488336 1.127641 -6.183235
v 0.579162 1.051457 -6.150223
vn -0.693997 -0.570125 0.439688
f 3361/1/841 3362/2/841 3363/3/841 3364/4/841
v 0.579162 1.051457 -6.150223
v 0.488336 1.127641 -6.183235
v 0.495008 1.127641 -6.198871
v 0.591290 1.051457 -6.162135
vn -0.461035 -0.753053 -0.469422
f 3365/1/842 3366/2/842 3367/3/842 3368/4/842
v 0.591290 1.051457 -6.162135
v 0.495008 1.127641 -6.198871
v 0.506671 1.139250 -6.203136
v 0.605879 1.059750 -6.159412
vn 0.256539 -0.137136 -0.956756
f 3369/1/843 3370/2/843 3371/3/843 3372/4/843
v 0.506671 1.139250 -6.203136
v 0.493329 1.139250 -6.171864
v 0.504992 1.150859 -6.176129
v 0.511664 1.150859 -6.191765
vn -0.725257 0.615018 -0.309443
f 3373/1/844 3374/2/844 3375/3/844 3376/4/844
v 0.506671 1.139250 -6.203136
v 0.495008 1.127641 -6.198871
v 0.488336 1.127641 -6.183235
v 0.493329 1.139250 -6.171864
vn -0.725257 0.615018 -0.309443
f 3377/1/845 3378/2/845 3379/3/845 3380/4/845
