# Generated by scripts/gen_pole_light_mounts.py
mtllib pole_light_mount.mtl
o pole_light_mount_6_straight
vt 0 0
vt 1 0
vt 1 1
vt 0 1
usemtl clamp
v 0.312500 0.062500 1.000000
v 0.687500 0.062500 1.000000
v 0.687500 0.937500 1.000000
v 0.312500 0.937500 1.000000
vn 0.000000 0.000000 1.000000
f 1/1/1 2/2/1 3/3/1 4/4/1
v 0.687500 0.062500 0.900000
v 0.312500 0.062500 0.900000
v 0.312500 0.937500 0.900000
v 0.687500 0.937500 0.900000
vn 0.000000 0.000000 -1.000000
f 5/1/2 6/2/2 7/3/2 8/4/2
v 0.687500 0.062500 1.000000
v 0.687500 0.062500 0.900000
v 0.687500 0.937500 0.900000
v 0.687500 0.937500 1.000000
vn 1.000000 -0.000000 0.000000
f 9/1/3 10/2/3 11/3/3 12/4/3
v 0.312500 0.062500 0.900000
v 0.312500 0.062500 1.000000
v 0.312500 0.937500 1.000000
v 0.312500 0.937500 0.900000
vn -1.000000 0.000000 0.000000
f 13/1/4 14/2/4 15/3/4 16/4/4
v 0.312500 0.937500 1.000000
v 0.687500 0.937500 1.000000
v 0.687500 0.937500 0.900000
v 0.312500 0.937500 0.900000
vn -0.000000 1.000000 0.000000
f 17/1/5 18/2/5 19/3/5 20/4/5
v 0.312500 0.062500 0.900000
v 0.687500 0.062500 0.900000
v 0.687500 0.062500 1.000000
v 0.312500 0.062500 1.000000
vn 0.000000 -1.000000 0.000000
f 21/1/6 22/2/6 23/3/6 24/4/6
v 0.406250 0.110625 0.900000
v 0.593750 0.110625 0.900000
v 0.593750 0.329375 0.900000
v 0.406250 0.329375 0.900000
vn 0.000000 0.000000 1.000000
f 25/1/7 26/2/7 27/3/7 28/4/7
v 0.593750 0.110625 0.800000
v 0.406250 0.110625 0.800000
v 0.406250 0.329375 0.800000
v 0.593750 0.329375 0.800000
vn 0.000000 0.000000 -1.000000
f 29/1/8 30/2/8 31/3/8 32/4/8
v 0.593750 0.110625 0.900000
v 0.593750 0.110625 0.800000
v 0.593750 0.329375 0.800000
v 0.593750 0.329375 0.900000
vn 1.000000 -0.000000 0.000000
f 33/1/9 34/2/9 35/3/9 36/4/9
v 0.406250 0.110625 0.800000
v 0.406250 0.110625 0.900000
v 0.406250 0.329375 0.900000
v 0.406250 0.329375 0.800000
vn -1.000000 0.000000 0.000000
f 37/1/10 38/2/10 39/3/10 40/4/10
v 0.406250 0.329375 0.900000
v 0.593750 0.329375 0.900000
v 0.593750 0.329375 0.800000
v 0.406250 0.329375 0.800000
vn -0.000000 1.000000 0.000000
f 41/1/11 42/2/11 43/3/11 44/4/11
v 0.406250 0.110625 0.800000
v 0.593750 0.110625 0.800000
v 0.593750 0.110625 0.900000
v 0.406250 0.110625 0.900000
vn 0.000000 -1.000000 0.000000
f 45/1/12 46/2/12 47/3/12 48/4/12
v 0.468750 0.125000 0.900000
v 0.531250 0.125000 0.900000
v 0.531250 0.187500 0.900000
v 0.468750 0.187500 0.900000
vn 0.000000 0.000000 1.000000
f 49/1/13 50/2/13 51/3/13 52/4/13
v 0.531250 0.125000 0.880000
v 0.468750 0.125000 0.880000
v 0.468750 0.187500 0.880000
v 0.531250 0.187500 0.880000
vn 0.000000 0.000000 -1.000000
f 53/1/14 54/2/14 55/3/14 56/4/14
v 0.531250 0.125000 0.900000
v 0.531250 0.125000 0.880000
v 0.531250 0.187500 0.880000
v 0.531250 0.187500 0.900000
vn 1.000000 -0.000000 0.000000
f 57/1/15 58/2/15 59/3/15 60/4/15
v 0.468750 0.125000 0.880000
v 0.468750 0.125000 0.900000
v 0.468750 0.187500 0.900000
v 0.468750 0.187500 0.880000
vn -1.000000 0.000000 0.000000
f 61/1/16 62/2/16 63/3/16 64/4/16
v 0.468750 0.187500 0.900000
v 0.531250 0.187500 0.900000
v 0.531250 0.187500 0.880000
v 0.468750 0.187500 0.880000
vn -0.000000 1.000000 0.000000
f 65/1/17 66/2/17 67/3/17 68/4/17
v 0.468750 0.125000 0.880000
v 0.531250 0.125000 0.880000
v 0.531250 0.125000 0.900000
v 0.468750 0.125000 0.900000
vn 0.000000 -1.000000 0.000000
f 69/1/18 70/2/18 71/3/18 72/4/18
v 0.468750 0.812500 0.900000
v 0.531250 0.812500 0.900000
v 0.531250 0.875000 0.900000
v 0.468750 0.875000 0.900000
vn 0.000000 0.000000 1.000000
f 73/1/19 74/2/19 75/3/19 76/4/19
v 0.531250 0.812500 0.880000
v 0.468750 0.812500 0.880000
v 0.468750 0.875000 0.880000
v 0.531250 0.875000 0.880000
vn 0.000000 0.000000 -1.000000
f 77/1/20 78/2/20 79/3/20 80/4/20
v 0.531250 0.812500 0.900000
v 0.531250 0.812500 0.880000
v 0.531250 0.875000 0.880000
v 0.531250 0.875000 0.900000
vn 1.000000 -0.000000 0.000000
f 81/1/21 82/2/21 83/3/21 84/4/21
v 0.468750 0.812500 0.880000
v 0.468750 0.812500 0.900000
v 0.468750 0.875000 0.900000
v 0.468750 0.875000 0.880000
vn -1.000000 0.000000 0.000000
f 85/1/22 86/2/22 87/3/22 88/4/22
v 0.468750 0.875000 0.900000
v 0.531250 0.875000 0.900000
v 0.531250 0.875000 0.880000
v 0.468750 0.875000 0.880000
vn -0.000000 1.000000 0.000000
f 89/1/23 90/2/23 91/3/23 92/4/23
v 0.468750 0.812500 0.880000
v 0.531250 0.812500 0.880000
v 0.531250 0.812500 0.900000
v 0.468750 0.812500 0.900000
vn 0.000000 -1.000000 0.000000
f 93/1/24 94/2/24 95/3/24 96/4/24
usemtl metal
v 0.545000 0.220000 0.860000
v 0.545000 0.220000 0.800000
v 0.538971 0.241442 0.806817
v 0.538971 0.242500 0.860000
vn 0.965926 0.258819 0.000000
f 97/1/25 98/2/25 99/3/25 100/4/25
v 0.538971 0.242500 0.860000
v 0.538971 0.241442 0.806817
v 0.522500 0.257139 0.811807
v 0.522500 0.258971 0.860000
vn 0.707037 0.707037 -0.014060
f 101/1/26 102/2/26 103/3/26 104/4/26
v 0.522500 0.258971 0.860000
v 0.522500 0.257139 0.811807
v 0.500000 0.262885 0.813634
v 0.500000 0.265000 0.860000
vn 0.258645 0.965275 -0.036689
f 105/1/27 106/2/27 107/3/27 108/4/27
v 0.500000 0.265000 0.860000
v 0.500000 0.262885 0.813634
v 0.477500 0.257139 0.811807
v 0.477500 0.258971 0.860000
vn -0.258568 0.964989 -0.044021
f 109/1/28 110/2/28 111/3/28 112/4/28
v 0.477500 0.258971 0.860000
v 0.477500 0.257139 0.811807
v 0.461029 0.241442 0.806817
v 0.461029 0.242500 0.860000
vn -0.706852 0.706852 -0.026867
f 113/1/29 114/2/29 115/3/29 116/4/29
v 0.461029 0.242500 0.860000
v 0.461029 0.241442 0.806817
v 0.455000 0.220000 0.800000
v 0.455000 0.220000 0.860000
vn -0.965913 0.258816 -0.005147
f 117/1/30 118/2/30 119/3/30 120/4/30
v 0.455000 0.220000 0.860000
v 0.455000 0.220000 0.800000
v 0.461029 0.198558 0.793183
v 0.461029 0.197500 0.860000
vn -0.965926 -0.258819 -0.000000
f 121/1/31 122/2/31 123/3/31 124/4/31
v 0.461029 0.197500 0.860000
v 0.461029 0.198558 0.793183
v 0.477500 0.182861 0.788193
v 0.477500 0.181029 0.860000
vn -0.707062 -0.707062 -0.011191
f 125/1/32 126/2/32 127/3/32 128/4/32
v 0.477500 0.181029 0.860000
v 0.477500 0.182861 0.788193
v 0.500000 0.177115 0.786366
v 0.500000 0.175000 0.860000
vn -0.258741 -0.965633 -0.024633
f 129/1/33 130/2/33 131/3/33 132/4/33
v 0.500000 0.175000 0.860000
v 0.500000 0.177115 0.786366
v 0.522500 0.182861 0.788193
v 0.522500 0.181029 0.860000
vn 0.258719 -0.965554 -0.027735
f 133/1/34 134/2/34 135/3/34 136/4/34
v 0.522500 0.181029 0.860000
v 0.522500 0.182861 0.788193
v 0.538971 0.198558 0.793183
v 0.538971 0.197500 0.860000
vn 0.706992 -0.706992 -0.018035
f 137/1/35 138/2/35 139/3/35 140/4/35
v 0.538971 0.197500 0.860000
v 0.538971 0.198558 0.793183
v 0.545000 0.220000 0.800000
v 0.545000 0.220000 0.860000
vn 0.965918 -0.258817 -0.004096
f 141/1/36 142/2/36 143/3/36 144/4/36
v 0.545000 0.220000 0.800000
v 0.545000 0.255367 0.750000
v 0.538971 0.273621 0.763154
v 0.538971 0.241442 0.806817
vn 0.962672 0.220977 0.156305
f 145/1/37 146/2/37 147/3/37 148/4/37
v 0.538971 0.241442 0.806817
v 0.538971 0.273621 0.763154
v 0.522500 0.286984 0.772784
v 0.522500 0.257139 0.811807
vn 0.687571 0.584526 0.430785
f 149/1/38 150/2/38 151/3/38 152/4/38
v 0.522500 0.257139 0.811807
v 0.522500 0.286984 0.772784
v 0.500000 0.291875 0.776309
v 0.500000 0.262885 0.813634
vn 0.244500 0.770219 0.589053
f 153/1/39 154/2/39 155/3/39 156/4/39
v 0.500000 0.262885 0.813634
v 0.500000 0.291875 0.776309
v 0.477500 0.286984 0.772784
v 0.477500 0.257139 0.811807
vn -0.243876 0.765922 0.594885
f 157/1/40 158/2/40 159/3/40 160/4/40
v 0.477500 0.257139 0.811807
v 0.477500 0.286984 0.772784
v 0.461029 0.273621 0.763154
v 0.461029 0.241442 0.806817
vn -0.685315 0.578466 0.442403
f 161/1/41 162/2/41 163/3/41 164/4/41
v 0.461029 0.241442 0.806817
v 0.461029 0.273621 0.763154
v 0.455000 0.255367 0.750000
v 0.455000 0.220000 0.800000
vn -0.962218 0.219186 0.161536
f 165/1/42 166/2/42 167/3/42 168/4/42
v 0.455000 0.220000 0.800000
v 0.455000 0.255367 0.750000
v 0.461029 0.237113 0.736846
v 0.461029 0.198558 0.793183
vn -0.962672 -0.220977 -0.156305
f 169/1/43 170/2/43 171/3/43 172/4/43
v 0.461029 0.198558 0.793183
v 0.461029 0.237113 0.736846
v 0.477500 0.223750 0.727216
v 0.477500 0.182861 0.788193
vn -0.691619 -0.596046 -0.407912
f 173/1/44 174/2/44 175/3/44 176/4/44
v 0.477500 0.182861 0.788193
v 0.477500 0.223750 0.727216
v 0.500000 0.218859 0.723691
v 0.500000 0.177115 0.786366
vn -0.249183 -0.804351 -0.539376
f 177/1/45 178/2/45 179/3/45 180/4/45
v 0.500000 0.177115 0.786366
v 0.500000 0.218859 0.723691
v 0.522500 0.223750 0.727216
v 0.522500 0.182861 0.788193
vn 0.249395 -0.805994 -0.536820
f 181/1/46 182/2/46 183/3/46 184/4/46
v 0.522500 0.182861 0.788193
v 0.522500 0.223750 0.727216
v 0.538971 0.237113 0.736846
v 0.538971 0.198558 0.793183
vn 0.692627 -0.599072 -0.401721
f 185/1/47 186/2/47 187/3/47 188/4/47
v 0.538971 0.198558 0.793183
v 0.538971 0.237113 0.736846
v 0.545000 0.255367 0.750000
v 0.545000 0.220000 0.800000
vn 0.963009 -0.222380 -0.152189
f 189/1/48 190/2/48 191/3/48 192/4/48
v 0.545000 0.255367 0.750000
v 0.545000 0.292070 0.700000
v 0.538971 0.310160 0.713379
v 0.538971 0.273621 0.763154
vn 0.965923 0.208648 0.153161
f 193/1/49 194/2/49 195/3/49 196/4/49
v 0.538971 0.273621 0.763154
v 0.538971 0.310160 0.713379
v 0.522500 0.323403 0.723174
v 0.522500 0.286984 0.772784
vn 0.707093 0.570021 0.418444
f 197/1/50 198/2/50 199/3/50 200/4/50
v 0.522500 0.286984 0.772784
v 0.522500 0.323403 0.723174
v 0.500000 0.328250 0.726759
v 0.500000 0.291875 0.776309
vn 0.258810 0.778646 0.571602
f 201/1/51 202/2/51 203/3/51 204/4/51
v 0.500000 0.291875 0.776309
v 0.500000 0.328250 0.726759
v 0.477500 0.323403 0.723174
v 0.477500 0.286984 0.772784
vn -0.258810 0.778644 0.571604
f 205/1/52 206/2/52 207/3/52 208/4/52
v 0.477500 0.286984 0.772784
v 0.477500 0.323403 0.723174
v 0.461029 0.310160 0.713379
v 0.461029 0.273621 0.763154
vn -0.707093 0.570018 0.418449
f 209/1/53 210/2/53 211/3/53 212/4/53
v 0.461029 0.273621 0.763154
v 0.461029 0.310160 0.713379
v 0.455000 0.292070 0.700000
v 0.455000 0.255367 0.750000
vn -0.965923 0.208646 0.153164
f 213/1/54 214/2/54 215/3/54 216/4/54
v 0.455000 0.255367 0.750000
v 0.455000 0.292070 0.700000
v 0.461029 0.273980 0.686621
v 0.461029 0.237113 0.736846
vn -0.965923 -0.208648 -0.153161
f 217/1/55 218/2/55 219/3/55 220/4/55
v 0.461029 0.237113 0.736846
v 0.461029 0.273980 0.686621
v 0.477500 0.260738 0.676826
v 0.477500 0.223750 0.727216
vn -0.707093 -0.570031 -0.418430
f 221/1/56 222/2/56 223/3/56 224/4/56
v 0.477500 0.223750 0.727216
v 0.477500 0.260738 0.676826
v 0.500000 0.255890 0.673241
v 0.500000 0.218859 0.723691
vn -0.258810 -0.778669 -0.571570
f 225/1/57 226/2/57 227/3/57 228/4/57
v 0.500000 0.218859 0.723691
v 0.500000 0.255890 0.673241
v 0.522500 0.260738 0.676826
v 0.522500 0.223750 0.727216
vn 0.258810 -0.778670 -0.571568
f 229/1/58 230/2/58 231/3/58 232/4/58
v 0.522500 0.223750 0.727216
v 0.522500 0.260738 0.676826
v 0.538971 0.273980 0.686621
v 0.538971 0.237113 0.736846
vn 0.707093 -0.570035 -0.418425
f 233/1/59 234/2/59 235/3/59 236/4/59
v 0.538971 0.237113 0.736846
v 0.538971 0.273980 0.686621
v 0.545000 0.292070 0.700000
v 0.545000 0.255367 0.750000
vn 0.965923 -0.208649 -0.153159
f 237/1/60 238/2/60 239/3/60 240/4/60
v 0.545000 0.292070 0.700000
v 0.545000 0.329328 0.650000
v 0.538971 0.347390 0.663418
v 0.538971 0.310160 0.713379
vn 0.965925 0.207537 0.154649
f 241/1/61 242/2/61 243/3/61 244/4/61
v 0.538971 0.310160 0.713379
v 0.538971 0.347390 0.663418
v 0.522500 0.360612 0.673240
v 0.522500 0.323403 0.723174
vn 0.707105 0.567000 0.422510
f 245/1/62 246/2/62 247/3/62 248/4/62
v 0.522500 0.323403 0.723174
v 0.522500 0.360612 0.673240
v 0.500000 0.365451 0.676836
v 0.500000 0.328250 0.726759
vn 0.258817 0.774533 0.577159
f 249/1/63 250/2/63 251/3/63 252/4/63
v 0.500000 0.328250 0.726759
v 0.500000 0.365451 0.676836
v 0.477500 0.360612 0.673240
v 0.477500 0.323403 0.723174
vn -0.258817 0.774533 0.577159
f 253/1/64 254/2/64 255/3/64 256/4/64
v 0.477500 0.323403 0.723174
v 0.477500 0.360612 0.673240
v 0.461029 0.347390 0.663418
v 0.461029 0.310160 0.713379
vn -0.707105 0.566999 0.422511
f 257/1/65 258/2/65 259/3/65 260/4/65
v 0.461029 0.310160 0.713379
v 0.461029 0.347390 0.663418
v 0.455000 0.329328 0.650000
v 0.455000 0.292070 0.700000
vn -0.965925 0.207537 0.154650
f 261/1/66 262/2/66 263/3/66 264/4/66
v 0.455000 0.292070 0.700000
v 0.455000 0.329328 0.650000
v 0.461029 0.311267 0.636582
v 0.461029 0.273980 0.686621
vn -0.965925 -0.207537 -0.154649
f 265/1/67 266/2/67 267/3/67 268/4/67
v 0.461029 0.273980 0.686621
v 0.461029 0.311267 0.636582
v 0.477500 0.298045 0.626760
v 0.477500 0.260738 0.676826
vn -0.707105 -0.567001 -0.422508
f 269/1/68 270/2/68 271/3/68 272/4/68
v 0.477500 0.260738 0.676826
v 0.477500 0.298045 0.626760
v 0.500000 0.293206 0.623164
v 0.500000 0.255890 0.673241
vn -0.258817 -0.774537 -0.577154
f 273/1/69 274/2/69 275/3/69 276/4/69
v 0.500000 0.255890 0.673241
v 0.500000 0.293206 0.623164
v 0.522500 0.298045 0.626760
v 0.522500 0.260738 0.676826
vn 0.258817 -0.774537 -0.577153
f 277/1/70 278/2/70 279/3/70 280/4/70
v 0.522500 0.260738 0.676826
v 0.522500 0.298045 0.626760
v 0.538971 0.311267 0.636582
v 0.538971 0.273980 0.686621
vn 0.707105 -0.567002 -0.422507
f 281/1/71 282/2/71 283/3/71 284/4/71
v 0.538971 0.273980 0.686621
v 0.538971 0.311267 0.636582
v 0.545000 0.329328 0.650000
v 0.545000 0.292070 0.700000
vn 0.965925 -0.207537 -0.154649
f 285/1/72 286/2/72 287/3/72 288/4/72
v 0.545000 0.329328 0.650000
v 0.545000 0.366360 0.600000
v 0.538971 0.384529 0.613272
v 0.538971 0.347390 0.663418
vn 0.965926 0.207987 0.154042
f 289/1/73 290/2/73 291/3/73 292/4/73
v 0.538971 0.347390 0.663418
v 0.538971 0.384529 0.613272
v 0.522500 0.397829 0.622988
v 0.522500 0.360612 0.673240
vn 0.707106 0.568233 0.420847
f 293/1/74 294/2/74 295/3/74 296/4/74
v 0.522500 0.360612 0.673240
v 0.522500 0.397829 0.622988
v 0.500000 0.402697 0.626545
v 0.500000 0.365451 0.676836
vn 0.258819 0.776223 0.574883
f 297/1/75 298/2/75 299/3/75 300/4/75
v 0.500000 0.365451 0.676836
v 0.500000 0.402697 0.626545
v 0.477500 0.397829 0.622988
v 0.477500 0.360612 0.673240
vn -0.258819 0.776224 0.574881
f 301/1/76 302/2/76 303/3/76 304/4/76
v 0.477500 0.360612 0.673240
v 0.477500 0.397829 0.622988
v 0.461029 0.384529 0.613272
v 0.461029 0.347390 0.663418
vn -0.707106 0.568235 0.420844
f 305/1/77 306/2/77 307/3/77 308/4/77
v 0.461029 0.347390 0.663418
v 0.461029 0.384529 0.613272
v 0.455000 0.366360 0.600000
v 0.455000 0.329328 0.650000
vn -0.965926 0.207988 0.154041
f 309/1/78 310/2/78 311/3/78 312/4/78
v 0.455000 0.329328 0.650000
v 0.455000 0.366360 0.600000
v 0.461029 0.348192 0.586728
v 0.461029 0.311267 0.636582
vn -0.965926 -0.207987 -0.154042
f 313/1/79 314/2/79 315/3/79 316/4/79
v 0.461029 0.311267 0.636582
v 0.461029 0.348192 0.586728
v 0.477500 0.334891 0.577012
v 0.477500 0.298045 0.626760
vn -0.707106 -0.568227 -0.420855
f 317/1/80 318/2/80 319/3/80 320/4/80
v 0.477500 0.298045 0.626760
v 0.477500 0.334891 0.577012
v 0.500000 0.330023 0.573455
v 0.500000 0.293206 0.623164
vn -0.258819 -0.776208 -0.574903
f 321/1/81 322/2/81 323/3/81 324/4/81
v 0.500000 0.293206 0.623164
v 0.500000 0.330023 0.573455
v 0.522500 0.334891 0.577012
v 0.522500 0.298045 0.626760
vn 0.258819 -0.776207 -0.574905
f 325/1/82 326/2/82 327/3/82 328/4/82
v 0.522500 0.298045 0.626760
v 0.522500 0.334891 0.577012
v 0.538971 0.348192 0.586728
v 0.538971 0.311267 0.636582
vn 0.707106 -0.568224 -0.420858
f 329/1/83 330/2/83 331/3/83 332/4/83
v 0.538971 0.311267 0.636582
v 0.538971 0.348192 0.586728
v 0.545000 0.366360 0.600000
v 0.545000 0.329328 0.650000
vn 0.965926 -0.207985 -0.154044
f 333/1/84 334/2/84 335/3/84 336/4/84
v 0.545000 0.366360 0.600000
v 0.545000 0.402384 0.550000
v 0.538971 0.420796 0.562933
v 0.538971 0.384529 0.613272
vn 0.965924 0.209997 0.151298
f 337/1/85 338/2/85 339/3/85 340/4/85
v 0.538971 0.384529 0.613272
v 0.538971 0.420796 0.562933
v 0.522500 0.434274 0.572401
v 0.522500 0.397829 0.622988
vn 0.707099 0.573725 0.413340
f 341/1/86 342/2/86 343/3/86 344/4/86
v 0.522500 0.397829 0.622988
v 0.522500 0.434274 0.572401
v 0.500000 0.439207 0.575866
v 0.500000 0.402697 0.626545
vn 0.258814 0.783724 0.564617
f 345/1/87 346/2/87 347/3/87 348/4/87
v 0.500000 0.402697 0.626545
v 0.500000 0.439207 0.575866
v 0.477500 0.434274 0.572401
v 0.477500 0.397829 0.622988
vn -0.258814 0.783726 0.564614
f 349/1/88 350/2/88 351/3/88 352/4/88
v 0.477500 0.397829 0.622988
v 0.477500 0.434274 0.572401
v 0.461029 0.420796 0.562933
v 0.461029 0.384529 0.613272
vn -0.707099 0.573731 0.413332
f 353/1/89 354/2/89 355/3/89 356/4/89
v 0.461029 0.384529 0.613272
v 0.461029 0.420796 0.562933
v 0.455000 0.402384 0.550000
v 0.455000 0.366360 0.600000
vn -0.965924 0.210000 0.151294
f 357/1/90 358/2/90 359/3/90 360/4/90
v 0.455000 0.366360 0.600000
v 0.455000 0.402384 0.550000
v 0.461029 0.383972 0.537067
v 0.461029 0.348192 0.586728
vn -0.965924 -0.209997 -0.151298
f 361/1/91 362/2/91 363/3/91 364/4/91
v 0.461029 0.348192 0.586728
v 0.461029 0.383972 0.537067
v 0.477500 0.370494 0.527599
v 0.477500 0.334891 0.577012
vn -0.707099 -0.573710 -0.413361
f 365/1/92 366/2/92 367/3/92 368/4/92
v 0.477500 0.334891 0.577012
v 0.477500 0.370494 0.527599
v 0.500000 0.365561 0.524134
v 0.500000 0.330023 0.573455
vn -0.258814 -0.783688 -0.564667
f 369/1/93 370/2/93 371/3/93 372/4/93
v 0.500000 0.330023 0.573455
v 0.500000 0.365561 0.524134
v 0.522500 0.370494 0.527599
v 0.522500 0.334891 0.577012
vn 0.258814 -0.783685 -0.564671
f 373/1/94 374/2/94 375/3/94 376/4/94
v 0.522500 0.334891 0.577012
v 0.522500 0.370494 0.527599
v 0.538971 0.383972 0.537067
v 0.538971 0.348192 0.586728
vn 0.707099 -0.573705 -0.413369
f 377/1/95 378/2/95 379/3/95 380/4/95
v 0.538971 0.348192 0.586728
v 0.538971 0.383972 0.537067
v 0.545000 0.402384 0.550000
v 0.545000 0.366360 0.600000
vn 0.965924 -0.209994 -0.151302
f 381/1/96 382/2/96 383/3/96 384/4/96
v 0.545000 0.402384 0.550000
v 0.545000 0.436619 0.500000
v 0.538971 0.455409 0.512377
v 0.538971 0.420796 0.562933
vn 0.965921 0.213572 0.146230
f 385/1/97 386/2/97 387/3/97 388/4/97
v 0.538971 0.420796 0.562933
v 0.538971 0.455409 0.512377
v 0.522500 0.469164 0.521437
v 0.522500 0.434274 0.572401
vn 0.707081 0.583484 0.399477
f 389/1/98 390/2/98 391/3/98 392/4/98
v 0.522500 0.434274 0.572401
v 0.522500 0.469164 0.521437
v 0.500000 0.474199 0.524753
v 0.500000 0.439207 0.575866
vn 0.258802 0.797042 0.545661
f 393/1/99 394/2/99 395/3/99 396/4/99
v 0.500000 0.439207 0.575866
v 0.500000 0.474199 0.524753
v 0.477500 0.469164 0.521437
v 0.477500 0.434274 0.572401
vn -0.258802 0.797047 0.545654
f 397/1/100 398/2/100 399/3/100 400/4/100
v 0.477500 0.434274 0.572401
v 0.477500 0.469164 0.521437
v 0.461029 0.455409 0.512377
v 0.461029 0.420796 0.562933
vn -0.707081 0.583494 0.399464
f 401/1/101 402/2/101 403/3/101 404/4/101
v 0.461029 0.420796 0.562933
v 0.461029 0.455409 0.512377
v 0.455000 0.436619 0.500000
v 0.455000 0.402384 0.550000
vn -0.965921 0.213577 0.146223
f 405/1/102 406/2/102 407/3/102 408/4/102
v 0.455000 0.402384 0.550000
v 0.455000 0.436619 0.500000
v 0.461029 0.417828 0.487623
v 0.461029 0.383972 0.537067
vn -0.965921 -0.213572 -0.146230
f 409/1/103 410/2/103 411/3/103 412/4/103
v 0.461029 0.383972 0.537067
v 0.461029 0.417828 0.487623
v 0.477500 0.404073 0.478563
v 0.477500 0.370494 0.527599
vn -0.707082 -0.583458 -0.399516
f 413/1/104 414/2/104 415/3/104 416/4/104
v 0.477500 0.370494 0.527599
v 0.477500 0.404073 0.478563
v 0.500000 0.399038 0.475247
v 0.500000 0.365561 0.524134
vn -0.258802 -0.796980 -0.545752
f 417/1/105 418/2/105 419/3/105 420/4/105
v 0.500000 0.365561 0.524134
v 0.500000 0.399038 0.475247
v 0.522500 0.404073 0.478563
v 0.522500 0.370494 0.527599
vn 0.258802 -0.796975 -0.545759
f 421/1/106 422/2/106 423/3/106 424/4/106
v 0.522500 0.370494 0.527599
v 0.522500 0.404073 0.478563
v 0.538971 0.417828 0.487623
v 0.538971 0.383972 0.537067
vn 0.707082 -0.583448 -0.399530
f 425/1/107 426/2/107 427/3/107 428/4/107
v 0.538971 0.383972 0.537067
v 0.538971 0.417828 0.487623
v 0.545000 0.436619 0.500000
v 0.545000 0.402384 0.550000
vn 0.965921 -0.213567 -0.146237
f 429/1/108 430/2/108 431/3/108 432/4/108
v 0.545000 0.436619 0.500000
v 0.545000 0.468282 0.450000
v 0.538971 0.487582 0.461566
v 0.538971 0.455409 0.512377
vn 0.965915 0.218694 0.138493
f 433/1/109 434/2/109 435/3/109 436/4/109
v 0.538971 0.455409 0.512377
v 0.538971 0.487582 0.461566
v 0.522500 0.501711 0.470032
v 0.522500 0.469164 0.521437
vn 0.707050 0.597462 0.378312
f 437/1/110 438/2/110 439/3/110 440/4/110
v 0.522500 0.469164 0.521437
v 0.522500 0.501711 0.470032
v 0.500000 0.506882 0.473131
v 0.500000 0.474199 0.524753
vn 0.258780 0.816111 0.516716
f 441/1/111 442/2/111 443/3/111 444/4/111
v 0.500000 0.474199 0.524753
v 0.500000 0.506882 0.473131
v 0.477500 0.501711 0.470032
v 0.477500 0.469164 0.521437
vn -0.258780 0.816118 0.516705
f 445/1/112 446/2/112 447/3/112 448/4/112
v 0.477500 0.469164 0.521437
v 0.477500 0.501711 0.470032
v 0.461029 0.487582 0.461566
v 0.461029 0.455409 0.512377
vn -0.707049 0.597477 0.378289
f 449/1/113 450/2/113 451/3/113 452/4/113
v 0.461029 0.455409 0.512377
v 0.461029 0.487582 0.461566
v 0.455000 0.468282 0.450000
v 0.455000 0.436619 0.500000
vn -0.965915 0.218702 0.138481
f 453/1/114 454/2/114 455/3/114 456/4/114
v 0.455000 0.436619 0.500000
v 0.455000 0.468282 0.450000
v 0.461029 0.448982 0.438434
v 0.461029 0.417828 0.487623
vn -0.965915 -0.218694 -0.138493
f 457/1/115 458/2/115 459/3/115 460/4/115
v 0.461029 0.417828 0.487623
v 0.461029 0.448982 0.438434
v 0.477500 0.434854 0.429968
v 0.477500 0.404073 0.478563
vn -0.707050 -0.597420 -0.378376
f 461/1/116 462/2/116 463/3/116 464/4/116
v 0.477500 0.404073 0.478563
v 0.477500 0.434854 0.429968
v 0.500000 0.429682 0.426869
v 0.500000 0.399038 0.475247
vn -0.258781 -0.816013 -0.516870
f 465/1/117 466/2/117 467/3/117 468/4/117
v 0.500000 0.399038 0.475247
v 0.500000 0.429682 0.426869
v 0.522500 0.434854 0.429968
v 0.522500 0.404073 0.478563
vn 0.258781 -0.816005 -0.516883
f 469/1/118 470/2/118 471/3/118 472/4/118
v 0.522500 0.404073 0.478563
v 0.522500 0.434854 0.429968
v 0.538971 0.448982 0.438434
v 0.538971 0.417828 0.487623
vn 0.707051 -0.597404 -0.378401
f 473/1/119 474/2/119 475/3/119 476/4/119
v 0.538971 0.417828 0.487623
v 0.538971 0.448982 0.438434
v 0.545000 0.468282 0.450000
v 0.545000 0.436619 0.500000
vn 0.965915 -0.218686 -0.138505
f 477/1/120 478/2/120 479/3/120 480/4/120
v 0.545000 0.468282 0.450000
v 0.545000 0.496594 0.400000
v 0.538971 0.516415 0.410646
v 0.538971 0.487582 0.461566
vn 0.965906 0.225285 0.127562
f 481/1/121 482/2/121 483/3/121 484/4/121
v 0.538971 0.487582 0.461566
v 0.538971 0.516415 0.410646
v 0.522500 0.530926 0.418440
v 0.522500 0.501711 0.470032
vn 0.706999 0.615400 0.348474
f 485/1/122 486/2/122 487/3/122 488/4/122
v 0.522500 0.501711 0.470032
v 0.522500 0.530926 0.418440
v 0.500000 0.536237 0.421293
v 0.500000 0.506882 0.473131
vn 0.258746 0.840535 0.475974
f 489/1/123 490/2/123 491/3/123 492/4/123
v 0.500000 0.506882 0.473131
v 0.500000 0.536237 0.421293
v 0.477500 0.530926 0.418440
v 0.477500 0.501711 0.470032
vn -0.258746 0.840533 0.475979
f 493/1/124 494/2/124 495/3/124 496/4/124
v 0.477500 0.501711 0.470032
v 0.477500 0.530926 0.418440
v 0.461029 0.516415 0.410646
v 0.461029 0.487582 0.461566
vn -0.707000 0.615395 0.348483
f 497/1/125 498/2/125 499/3/125 500/4/125
v 0.461029 0.487582 0.461566
v 0.461029 0.516415 0.410646
v 0.455000 0.496594 0.400000
v 0.455000 0.468282 0.450000
vn -0.965906 0.225282 0.127567
f 501/1/126 502/2/126 503/3/126 504/4/126
v 0.455000 0.468282 0.450000
v 0.455000 0.496594 0.400000
v 0.461029 0.476772 0.389354
v 0.461029 0.448982 0.438434
vn -0.965906 -0.225285 -0.127562
f 505/1/127 506/2/127 507/3/127 508/4/127
v 0.461029 0.448982 0.438434
v 0.461029 0.476772 0.389354
v 0.477500 0.462261 0.381560
v 0.477500 0.434854 0.429968
vn -0.706999 -0.615416 -0.348448
f 509/1/128 510/2/128 511/3/128 512/4/128
v 0.477500 0.434854 0.429968
v 0.477500 0.462261 0.381560
v 0.500000 0.456950 0.378707
v 0.500000 0.429682 0.426869
vn -0.258745 -0.840571 -0.475912
f 513/1/129 514/2/129 515/3/129 516/4/129
v 0.500000 0.429682 0.426869
v 0.500000 0.456950 0.378707
v 0.522500 0.462261 0.381560
v 0.522500 0.434854 0.429968
vn 0.258745 -0.840573 -0.475907
f 517/1/130 518/2/130 519/3/130 520/4/130
v 0.522500 0.434854 0.429968
v 0.522500 0.462261 0.381560
v 0.538971 0.476772 0.389354
v 0.538971 0.448982 0.438434
vn 0.706999 -0.615422 -0.348438
f 521/1/131 522/2/131 523/3/131 524/4/131
v 0.538971 0.448982 0.438434
v 0.538971 0.476772 0.389354
v 0.545000 0.496594 0.400000
v 0.545000 0.468282 0.450000
vn 0.965906 -0.225287 -0.127558
f 525/1/132 526/2/132 527/3/132 528/4/132
v 0.545000 0.496594 0.400000
v 0.545000 0.522027 0.350000
v 0.538971 0.542174 0.360018
v 0.538971 0.516415 0.410646
vn 0.965910 0.230742 0.117373
f 529/1/133 530/2/133 531/3/133 532/4/133
v 0.538971 0.516415 0.410646
v 0.538971 0.542174 0.360018
v 0.522500 0.556923 0.367351
v 0.522500 0.530926 0.418440
vn 0.707019 0.630305 0.320686
f 533/1/134 534/2/134 535/3/134 536/4/134
v 0.522500 0.530926 0.418440
v 0.522500 0.556923 0.367351
v 0.500000 0.562321 0.370036
v 0.500000 0.536237 0.421293
vn 0.258760 0.860895 0.438069
f 537/1/135 538/2/135 539/3/135 540/4/135
v 0.500000 0.536237 0.421293
v 0.500000 0.562321 0.370036
v 0.477500 0.556923 0.367351
v 0.477500 0.530926 0.418440
vn -0.258760 0.860885 0.438087
f 541/1/136 542/2/136 543/3/136 544/4/136
v 0.477500 0.530926 0.418440
v 0.477500 0.556923 0.367351
v 0.461029 0.542174 0.360018
v 0.461029 0.516415 0.410646
vn -0.707020 0.630286 0.320723
f 545/1/137 546/2/137 547/3/137 548/4/137
v 0.461029 0.516415 0.410646
v 0.461029 0.542174 0.360018
v 0.455000 0.522027 0.350000
v 0.455000 0.496594 0.400000
vn -0.965910 0.230732 0.117392
f 549/1/138 550/2/138 551/3/138 552/4/138
v 0.455000 0.496594 0.400000
v 0.455000 0.522027 0.350000
v 0.461029 0.501881 0.339982
v 0.461029 0.476772 0.389354
vn -0.965910 -0.230742 -0.117373
f 553/1/139 554/2/139 555/3/139 556/4/139
v 0.461029 0.476772 0.389354
v 0.461029 0.501881 0.339982
v 0.477500 0.487132 0.332649
v 0.477500 0.462261 0.381560
vn -0.707018 -0.630360 -0.320581
f 557/1/140 558/2/140 559/3/140 560/4/140
v 0.477500 0.462261 0.381560
v 0.477500 0.487132 0.332649
v 0.500000 0.481734 0.329964
v 0.500000 0.456950 0.378707
vn -0.258758 -0.861021 -0.437820
f 561/1/141 562/2/141 563/3/141 564/4/141
v 0.500000 0.456950 0.378707
v 0.500000 0.481734 0.329964
v 0.522500 0.487132 0.332649
v 0.522500 0.462261 0.381560
vn 0.258758 -0.861032 -0.437800
f 565/1/142 566/2/142 567/3/142 568/4/142
v 0.522500 0.462261 0.381560
v 0.522500 0.487132 0.332649
v 0.538971 0.501881 0.339982
v 0.538971 0.476772 0.389354
vn 0.707017 -0.630380 -0.320542
f 569/1/143 570/2/143 571/3/143 572/4/143
v 0.538971 0.476772 0.389354
v 0.538971 0.501881 0.339982
v 0.545000 0.522027 0.350000
v 0.545000 0.496594 0.400000
vn 0.965910 -0.230753 -0.117354
f 573/1/144 574/2/144 575/3/144 576/4/144
v 0.545000 0.522027 0.350000
v 0.545000 0.546323 0.300000
v 0.538971 0.566645 0.309658
v 0.538971 0.542174 0.360018
vn 0.965923 0.232800 0.113122
f 577/1/145 578/2/145 579/3/145 580/4/145
v 0.538971 0.542174 0.360018
v 0.538971 0.566645 0.309658
v 0.522500 0.581522 0.316727
v 0.522500 0.556923 0.367351
vn 0.707092 0.636010 0.309050
f 581/1/146 582/2/146 583/3/146 584/4/146
v 0.522500 0.556923 0.367351
v 0.522500 0.581522 0.316727
v 0.500000 0.586967 0.319315
v 0.500000 0.562321 0.370036
vn 0.258809 0.868790 0.422163
f 585/1/147 586/2/147 587/3/147 588/4/147
v 0.500000 0.562321 0.370036
v 0.500000 0.586967 0.319315
v 0.477500 0.581522 0.316727
v 0.477500 0.556923 0.367351
vn -0.258809 0.868790 0.422163
f 589/1/148 590/2/148 591/3/148 592/4/148
v 0.477500 0.556923 0.367351
v 0.477500 0.581522 0.316727
v 0.461029 0.566645 0.309658
v 0.461029 0.542174 0.360018
vn -0.707092 0.636010 0.309050
f 593/1/149 594/2/149 595/3/149 596/4/149
v 0.461029 0.542174 0.360018
v 0.461029 0.566645 0.309658
v 0.455000 0.546323 0.300000
v 0.455000 0.522027 0.350000
vn -0.965923 0.232800 0.113122
f 597/1/150 598/2/150 599/3/150 600/4/150
v 0.455000 0.522027 0.350000
v 0.455000 0.546323 0.300000
v 0.461029 0.526001 0.290342
v 0.461029 0.501881 0.339982
vn -0.965923 -0.232800 -0.113122
f 601/1/151 602/2/151 603/3/151 604/4/151
v 0.461029 0.501881 0.339982
v 0.461029 0.526001 0.290342
v 0.477500 0.511125 0.283273
v 0.477500 0.487132 0.332649
vn -0.707092 -0.636011 -0.309048
f 605/1/152 606/2/152 607/3/152 608/4/152
v 0.477500 0.487132 0.332649
v 0.477500 0.511125 0.283273
v 0.500000 0.505679 0.280685
v 0.500000 0.481734 0.329964
vn -0.258809 -0.868792 -0.422158
f 609/1/153 610/2/153 611/3/153 612/4/153
v 0.500000 0.481734 0.329964
v 0.500000 0.505679 0.280685
v 0.522500 0.511125 0.283273
v 0.522500 0.487132 0.332649
vn 0.258809 -0.868793 -0.422158
f 613/1/154 614/2/154 615/3/154 616/4/154
v 0.522500 0.487132 0.332649
v 0.522500 0.511125 0.283273
v 0.538971 0.526001 0.290342
v 0.538971 0.501881 0.339982
vn 0.707092 -0.636012 -0.309047
f 617/1/155 618/2/155 619/3/155 620/4/155
v 0.538971 0.501881 0.339982
v 0.538971 0.526001 0.290342
v 0.545000 0.546323 0.300000
v 0.545000 0.522027 0.350000
vn 0.965923 -0.232800 -0.113121
f 621/1/156 622/2/156 623/3/156 624/4/156
v 0.545000 0.546323 0.300000
v 0.545000 0.569554 0.250000
v 0.538971 0.590039 0.259308
v 0.538971 0.566645 0.309658
vn 0.965923 0.234729 0.109061
f 625/1/157 626/2/157 627/3/157 628/4/157
v 0.538971 0.566645 0.309658
v 0.538971 0.590039 0.259308
v 0.522500 0.605034 0.266122
v 0.522500 0.581522 0.316727
vn 0.707093 0.641281 0.297955
f 629/1/158 630/2/158 631/3/158 632/4/158
v 0.522500 0.581522 0.316727
v 0.522500 0.605034 0.266122
v 0.500000 0.610523 0.268617
v 0.500000 0.586967 0.319315
vn 0.258810 0.875992 0.407008
f 633/1/159 634/2/159 635/3/159 636/4/159
v 0.500000 0.586967 0.319315
v 0.500000 0.610523 0.268617
v 0.477500 0.605034 0.266122
v 0.477500 0.581522 0.316727
vn -0.258810 0.875992 0.407009
f 637/1/160 638/2/160 639/3/160 640/4/160
v 0.477500 0.581522 0.316727
v 0.477500 0.605034 0.266122
v 0.461029 0.590039 0.259308
v 0.461029 0.566645 0.309658
vn -0.707093 0.641281 0.297956
f 641/1/161 642/2/161 643/3/161 644/4/161
v 0.461029 0.566645 0.309658
v 0.461029 0.590039 0.259308
v 0.455000 0.569554 0.250000
v 0.455000 0.546323 0.300000
vn -0.965923 0.234729 0.109061
f 645/1/162 646/2/162 647/3/162 648/4/162
v 0.455000 0.546323 0.300000
v 0.455000 0.569554 0.250000
v 0.461029 0.549070 0.240692
v 0.461029 0.526001 0.290342
vn -0.965923 -0.234729 -0.109061
f 649/1/163 650/2/163 651/3/163 652/4/163
v 0.461029 0.526001 0.290342
v 0.461029 0.549070 0.240692
v 0.477500 0.534075 0.233878
v 0.477500 0.511125 0.283273
vn -0.707093 -0.641282 -0.297954
f 653/1/164 654/2/164 655/3/164 656/4/164
v 0.477500 0.511125 0.283273
v 0.477500 0.534075 0.233878
v 0.500000 0.528586 0.231383
v 0.500000 0.505679 0.280685
vn -0.258810 -0.875993 -0.407006
f 657/1/165 658/2/165 659/3/165 660/4/165
v 0.500000 0.505679 0.280685
v 0.500000 0.528586 0.231383
v 0.522500 0.534075 0.233878
v 0.522500 0.511125 0.283273
vn 0.258810 -0.875993 -0.407006
f 661/1/166 662/2/166 663/3/166 664/4/166
v 0.522500 0.511125 0.283273
v 0.522500 0.534075 0.233878
v 0.538971 0.549070 0.240692
v 0.538971 0.526001 0.290342
vn 0.707093 -0.641282 -0.297954
f 665/1/167 666/2/167 667/3/167 668/4/167
v 0.538971 0.526001 0.290342
v 0.538971 0.549070 0.240692
v 0.545000 0.569554 0.250000
v 0.545000 0.546323 0.300000
vn 0.965923 -0.234729 -0.109061
f 669/1/168 670/2/168 671/3/168 672/4/168
v 0.545000 0.569554 0.250000
v 0.545000 0.591768 0.200000
v 0.538971 0.612516 0.208705
v 0.538971 0.590039 0.259308
vn 0.965924 0.236534 0.105087
f 673/1/169 674/2/169 675/3/169 676/4/169
v 0.538971 0.590039 0.259308
v 0.538971 0.612516 0.208705
v 0.522500 0.627704 0.215078
v 0.522500 0.605034 0.266122
vn 0.707094 0.646236 0.287050
f 677/1/170 678/2/170 679/3/170 680/4/170
v 0.522500 0.605034 0.266122
v 0.522500 0.627704 0.215078
v 0.500000 0.633264 0.217410
v 0.500000 0.610523 0.268617
vn 0.258810 0.882781 0.392065
f 681/1/171 682/2/171 683/3/171 684/4/171
v 0.500000 0.610523 0.268617
v 0.500000 0.633264 0.217410
v 0.477500 0.627704 0.215078
v 0.477500 0.605034 0.266122
vn -0.258810 0.882789 0.392048
f 685/1/172 686/2/172 687/3/172 688/4/172
v 0.477500 0.605034 0.266122
v 0.477500 0.627704 0.215078
v 0.461029 0.612516 0.208705
v 0.461029 0.590039 0.259308
vn -0.707094 0.646251 0.287016
f 689/1/173 690/2/173 691/3/173 692/4/173
v 0.461029 0.590039 0.259308
v 0.461029 0.612516 0.208705
v 0.455000 0.591768 0.200000
v 0.455000 0.569554 0.250000
vn -0.965923 0.236542 0.105069
f 693/1/174 694/2/174 695/3/174 696/4/174
v 0.455000 0.569554 0.250000
v 0.455000 0.591768 0.200000
v 0.461029 0.571020 0.191295
v 0.461029 0.549070 0.240692
vn -0.965924 -0.236534 -0.105087
f 697/1/175 698/2/175 699/3/175 700/4/175
v 0.461029 0.549070 0.240692
v 0.461029 0.571020 0.191295
v 0.477500 0.555832 0.184922
v 0.477500 0.534075 0.233878
vn -0.707094 -0.646192 -0.287146
f 701/1/176 702/2/176 703/3/176 704/4/176
v 0.477500 0.534075 0.233878
v 0.477500 0.555832 0.184922
v 0.500000 0.550273 0.182590
v 0.500000 0.528586 0.231383
vn -0.258811 -0.882680 -0.392293
f 705/1/177 706/2/177 707/3/177 708/4/177
v 0.500000 0.528586 0.231383
v 0.500000 0.550273 0.182590
v 0.522500 0.555832 0.184922
v 0.522500 0.534075 0.233878
vn 0.258811 -0.882671 -0.392311
f 709/1/178 710/2/178 711/3/178 712/4/178
v 0.522500 0.534075 0.233878
v 0.522500 0.555832 0.184922
v 0.538971 0.571020 0.191295
v 0.538971 0.549070 0.240692
vn 0.707095 -0.646176 -0.287183
f 713/1/179 714/2/179 715/3/179 716/4/179
v 0.538971 0.549070 0.240692
v 0.538971 0.571020 0.191295
v 0.545000 0.591768 0.200000
v 0.545000 0.569554 0.250000
vn 0.965924 -0.236526 -0.105104
f 717/1/180 718/2/180 719/3/180 720/4/180
v 0.545000 0.591768 0.200000
v 0.545000 0.677537 -0.016979
v 0.538971 0.698695 -0.009325
v 0.538971 0.612516 0.208705
vn 0.965912 0.240745 0.095163
f 721/1/181 722/2/181 723/3/181 724/4/181
v 0.538971 0.612516 0.208705
v 0.538971 0.698695 -0.009325
v 0.522500 0.714184 -0.003723
v 0.522500 0.627704 0.215078
vn 0.707030 0.657673 0.259953
f 725/1/182 726/2/182 727/3/182 728/4/182
v 0.522500 0.627704 0.215078
v 0.522500 0.714184 -0.003723
v 0.500000 0.719853 -0.001672
v 0.500000 0.633264 0.217410
vn 0.258767 0.898318 0.355055
f 729/1/183 730/2/183 731/3/183 732/4/183
v 0.500000 0.633264 0.217410
v 0.500000 0.719853 -0.001672
v 0.477500 0.714184 -0.003723
v 0.477500 0.627704 0.215078
vn -0.258766 0.898320 0.355050
f 733/1/184 734/2/184 735/3/184 736/4/184
v 0.477500 0.627704 0.215078
v 0.477500 0.714184 -0.003723
v 0.461029 0.698695 -0.009325
v 0.461029 0.612516 0.208705
vn -0.707030 0.657677 0.259943
f 737/1/185 738/2/185 739/3/185 740/4/185
v 0.461029 0.612516 0.208705
v 0.461029 0.698695 -0.009325
v 0.455000 0.677537 -0.016979
v 0.455000 0.591768 0.200000
vn -0.965912 0.240748 0.095158
f 741/1/186 742/2/186 743/3/186 744/4/186
v 0.455000 0.591768 0.200000
v 0.455000 0.677537 -0.016979
v 0.461029 0.656379 -0.024633
v 0.461029 0.571020 0.191295
vn -0.965912 -0.240745 -0.095163
f 745/1/187 746/2/187 747/3/187 748/4/187
v 0.461029 0.571020 0.191295
v 0.461029 0.656379 -0.024633
v 0.477500 0.640890 -0.030236
v 0.477500 0.555832 0.184922
vn -0.707030 -0.657662 -0.259980
f 749/1/188 750/2/188 751/3/188 752/4/188
v 0.477500 0.555832 0.184922
v 0.477500 0.640890 -0.030236
v 0.500000 0.635220 -0.032287
v 0.500000 0.550273 0.182590
vn -0.258767 -0.898293 -0.355119
f 753/1/189 754/2/189 755/3/189 756/4/189
v 0.500000 0.550273 0.182590
v 0.500000 0.635220 -0.032287
v 0.522500 0.640890 -0.030236
v 0.522500 0.555832 0.184922
vn 0.258767 -0.898291 -0.355124
f 757/1/190 758/2/190 759/3/190 760/4/190
v 0.522500 0.555832 0.184922
v 0.522500 0.640890 -0.030236
v 0.538971 0.656379 -0.024633
v 0.538971 0.571020 0.191295
vn 0.707030 -0.657658 -0.259990
f 761/1/191 762/2/191 763/3/191 764/4/191
v 0.538971 0.571020 0.191295
v 0.538971 0.656379 -0.024633
v 0.545000 0.677537 -0.016979
v 0.545000 0.591768 0.200000
vn 0.965912 -0.240743 -0.095168
f 765/1/192 766/2/192 767/3/192 768/4/192
v 0.545000 0.677537 -0.016979
v 0.545000 0.748899 -0.233958
v 0.538971 0.770424 -0.227406
v 0.538971 0.698695 -0.009325
vn 0.965898 0.245962 0.080895
f 769/1/193 770/2/193 771/3/193 772/4/193
v 0.538971 0.698695 -0.009325
v 0.538971 0.770424 -0.227406
v 0.522500 0.786181 -0.222609
v 0.522500 0.714184 -0.003723
vn 0.706955 0.671851 0.220979
f 773/1/194 774/2/194 775/3/194 776/4/194
v 0.522500 0.714184 -0.003723
v 0.522500 0.786181 -0.222609
v 0.500000 0.791949 -0.220853
v 0.500000 0.719853 -0.001672
vn 0.258715 0.917590 0.301819
f 777/1/195 778/2/195 779/3/195 780/4/195
v 0.500000 0.719853 -0.001672
v 0.500000 0.791949 -0.220853
v 0.477500 0.786181 -0.222609
v 0.477500 0.714184 -0.003723
vn -0.258715 0.917589 0.301823
f 781/1/196 782/2/196 783/3/196 784/4/196
v 0.477500 0.714184 -0.003723
v 0.477500 0.786181 -0.222609
v 0.461029 0.770424 -0.227406
v 0.461029 0.698695 -0.009325
vn -0.706955 0.671848 0.220988
f 785/1/197 786/2/197 787/3/197 788/4/197
v 0.461029 0.698695 -0.009325
v 0.461029 0.770424 -0.227406
v 0.455000 0.748899 -0.233958
v 0.455000 0.677537 -0.016979
vn -0.965898 0.245960 0.080899
f 789/1/198 790/2/198 791/3/198 792/4/198
v 0.455000 0.677537 -0.016979
v 0.455000 0.748899 -0.233958
v 0.461029 0.727375 -0.240511
v 0.461029 0.656379 -0.024633
vn -0.965898 -0.245962 -0.080895
f 793/1/199 794/2/199 795/3/199 796/4/199
v 0.461029 0.656379 -0.024633
v 0.461029 0.727375 -0.240511
v 0.477500 0.711618 -0.245308
v 0.477500 0.640890 -0.030236
vn -0.706954 -0.671859 -0.220955
f 797/1/200 798/2/200 799/3/200 800/4/200
v 0.477500 0.640890 -0.030236
v 0.477500 0.711618 -0.245308
v 0.500000 0.705850 -0.247064
v 0.500000 0.635220 -0.032287
vn -0.258715 -0.917609 -0.301761
f 801/1/201 802/2/201 803/3/201 804/4/201
v 0.500000 0.635220 -0.032287
v 0.500000 0.705850 -0.247064
v 0.522500 0.711618 -0.245308
v 0.522500 0.640890 -0.030236
vn 0.258715 -0.917611 -0.301757
f 805/1/202 806/2/202 807/3/202 808/4/202
v 0.522500 0.640890 -0.030236
v 0.522500 0.711618 -0.245308
v 0.538971 0.727375 -0.240511
v 0.538971 0.656379 -0.024633
vn 0.706954 -0.671862 -0.220946
f 809/1/203 810/2/203 811/3/203 812/4/203
v 0.538971 0.656379 -0.024633
v 0.538971 0.727375 -0.240511
v 0.545000 0.748899 -0.233958
v 0.545000 0.677537 -0.016979
vn 0.965898 -0.245963 -0.080890
f 813/1/204 814/2/204 815/3/204 816/4/204
v 0.545000 0.748899 -0.233958
v 0.545000 0.809719 -0.450937
v 0.538971 0.831469 -0.445178
v 0.538971 0.770424 -0.227406
vn 0.965910 0.249271 0.069871
f 817/1/205 818/2/205 819/3/205 820/4/205
v 0.538971 0.770424 -0.227406
v 0.538971 0.831469 -0.445178
v 0.522500 0.847392 -0.440962
v 0.522500 0.786181 -0.222609
vn 0.707020 0.680946 0.190881
f 821/1/206 822/2/206 823/3/206 824/4/206
v 0.522500 0.786181 -0.222609
v 0.522500 0.847392 -0.440962
v 0.500000 0.853220 -0.439418
v 0.500000 0.791949 -0.220853
vn 0.258760 0.930088 0.260730
f 825/1/207 826/2/207 827/3/207 828/4/207
v 0.500000 0.791949 -0.220853
v 0.500000 0.853220 -0.439418
v 0.477500 0.847392 -0.440962
v 0.477500 0.786181 -0.222609
vn -0.258760 0.930087 0.260733
f 829/1/208 830/2/208 831/3/208 832/4/208
v 0.477500 0.786181 -0.222609
v 0.477500 0.847392 -0.440962
v 0.461029 0.831469 -0.445178
v 0.461029 0.770424 -0.227406
vn -0.707020 0.680944 0.190888
f 833/1/209 834/2/209 835/3/209 836/4/209
v 0.461029 0.770424 -0.227406
v 0.461029 0.831469 -0.445178
v 0.455000 0.809719 -0.450937
v 0.455000 0.748899 -0.233958
vn -0.965910 0.249270 0.069875
f 837/1/210 838/2/210 839/3/210 840/4/210
v 0.455000 0.748899 -0.233958
v 0.455000 0.809719 -0.450937
v 0.461029 0.787969 -0.456697
v 0.461029 0.727375 -0.240511
vn -0.965910 -0.249271 -0.069871
f 841/1/211 842/2/211 843/3/211 844/4/211
v 0.461029 0.727375 -0.240511
v 0.461029 0.787969 -0.456697
v 0.477500 0.772046 -0.460913
v 0.477500 0.711618 -0.245308
vn -0.707019 -0.680952 -0.190861
f 845/1/212 846/2/212 847/3/212 848/4/212
v 0.477500 0.711618 -0.245308
v 0.477500 0.772046 -0.460913
v 0.500000 0.766218 -0.462457
v 0.500000 0.705850 -0.247064
vn -0.258759 -0.930101 -0.260684
f 849/1/213 850/2/213 851/3/213 852/4/213
v 0.500000 0.705850 -0.247064
v 0.500000 0.766218 -0.462457
v 0.522500 0.772046 -0.460913
v 0.522500 0.711618 -0.245308
vn 0.258759 -0.930102 -0.260680
f 853/1/214 854/2/214 855/3/214 856/4/214
v 0.522500 0.711618 -0.245308
v 0.522500 0.772046 -0.460913
v 0.538971 0.787969 -0.456697
v 0.538971 0.727375 -0.240511
vn 0.707019 -0.680954 -0.190854
f 857/1/215 858/2/215 859/3/215 860/4/215
v 0.538971 0.727375 -0.240511
v 0.538971 0.787969 -0.456697
v 0.545000 0.809719 -0.450937
v 0.545000 0.748899 -0.233958
vn 0.965910 -0.249272 -0.069868
f 861/1/216 862/2/216 863/3/216 864/4/216
v 0.545000 0.809719 -0.450937
v 0.545000 0.863838 -0.667917
v 0.538971 0.885756 -0.662830
v 0.538971 0.831469 -0.445178
vn 0.965919 0.251150 0.062642
f 865/1/217 866/2/217 867/3/217 868/4/217
v 0.538971 0.831469 -0.445178
v 0.538971 0.885756 -0.662830
v 0.522500 0.901801 -0.659107
v 0.522500 0.847392 -0.440962
vn 0.707070 0.686124 0.171133
f 869/1/218 870/2/218 871/3/218 872/4/218
v 0.522500 0.847392 -0.440962
v 0.522500 0.901801 -0.659107
v 0.500000 0.907674 -0.657744
v 0.500000 0.853220 -0.439418
vn 0.258794 0.937221 0.233759
f 873/1/219 874/2/219 875/3/219 876/4/219
v 0.500000 0.853220 -0.439418
v 0.500000 0.907674 -0.657744
v 0.477500 0.901801 -0.659107
v 0.477500 0.847392 -0.440962
vn -0.258794 0.937221 0.233758
f 877/1/220 878/2/220 879/3/220 880/4/220
v 0.477500 0.847392 -0.440962
v 0.477500 0.901801 -0.659107
v 0.461029 0.885756 -0.662830
v 0.461029 0.831469 -0.445178
vn -0.707070 0.686124 0.171131
f 881/1/221 882/2/221 883/3/221 884/4/221
v 0.461029 0.831469 -0.445178
v 0.461029 0.885756 -0.662830
v 0.455000 0.863838 -0.667917
v 0.455000 0.809719 -0.450937
vn -0.965919 0.251150 0.062642
f 885/1/222 886/2/222 887/3/222 888/4/222
v 0.455000 0.809719 -0.450937
v 0.455000 0.863838 -0.667917
v 0.461029 0.841921 -0.673003
v 0.461029 0.787969 -0.456697
vn -0.965919 -0.251150 -0.062642
f 889/1/223 890/2/223 891/3/223 892/4/223
v 0.461029 0.787969 -0.456697
v 0.461029 0.841921 -0.673003
v 0.477500 0.825876 -0.676727
v 0.477500 0.772046 -0.460913
vn -0.707070 -0.686123 -0.171137
f 893/1/224 894/2/224 895/3/224 896/4/224
v 0.477500 0.772046 -0.460913
v 0.477500 0.825876 -0.676727
v 0.500000 0.820003 -0.678089
v 0.500000 0.766218 -0.462457
vn -0.258794 -0.937218 -0.233769
f 897/1/225 898/2/225 899/3/225 900/4/225
v 0.500000 0.766218 -0.462457
v 0.500000 0.820003 -0.678089
v 0.522500 0.825876 -0.676727
v 0.522500 0.772046 -0.460913
vn 0.258794 -0.937218 -0.233769
f 901/1/226 902/2/226 903/3/226 904/4/226
v 0.522500 0.772046 -0.460913
v 0.522500 0.825876 -0.676727
v 0.538971 0.841921 -0.673003
v 0.538971 0.787969 -0.456697
vn 0.707070 -0.686122 -0.171138
f 905/1/227 906/2/227 907/3/227 908/4/227
v 0.538971 0.787969 -0.456697
v 0.538971 0.841921 -0.673003
v 0.545000 0.863838 -0.667917
v 0.545000 0.809719 -0.450937
vn 0.965919 -0.251150 -0.062643
f 909/1/228 910/2/228 911/3/228 912/4/228
v 0.545000 0.863838 -0.667917
v 0.545000 0.910456 -0.884896
v 0.538971 0.932541 -0.880595
v 0.538971 0.885756 -0.662830
vn 0.965917 0.253076 0.054373
f 913/1/229 914/2/229 915/3/229 916/4/229
v 0.538971 0.885756 -0.662830
v 0.538971 0.932541 -0.880595
v 0.522500 0.948709 -0.877446
v 0.522500 0.901801 -0.659107
vn 0.707059 0.691378 0.148539
f 917/1/230 918/2/230 919/3/230 920/4/230
v 0.522500 0.901801 -0.659107
v 0.522500 0.948709 -0.877446
v 0.500000 0.954626 -0.876293
v 0.500000 0.907674 -0.657744
vn 0.258787 0.944386 0.202892
f 921/1/231 922/2/231 923/3/231 924/4/231
v 0.500000 0.907674 -0.657744
v 0.500000 0.954626 -0.876293
v 0.477500 0.948709 -0.877446
v 0.477500 0.901801 -0.659107
vn -0.258787 0.944386 0.202891
f 925/1/232 926/2/232 927/3/232 928/4/232
v 0.477500 0.901801 -0.659107
v 0.477500 0.948709 -0.877446
v 0.461029 0.932541 -0.880595
v 0.461029 0.885756 -0.662830
vn -0.707059 0.691379 0.148536
f 929/1/233 930/2/233 931/3/233 932/4/233
v 0.461029 0.885756 -0.662830
v 0.461029 0.932541 -0.880595
v 0.455000 0.910456 -0.884896
v 0.455000 0.863838 -0.667917
vn -0.965917 0.253077 0.054372
f 933/1/234 934/2/234 935/3/234 936/4/234
v 0.455000 0.863838 -0.667917
v 0.455000 0.910456 -0.884896
v 0.461029 0.888371 -0.889197
v 0.461029 0.841921 -0.673003
vn -0.965917 -0.253076 -0.054373
f 937/1/235 938/2/235 939/3/235 940/4/235
v 0.461029 0.841921 -0.673003
v 0.461029 0.888371 -0.889197
v 0.477500 0.872204 -0.892346
v 0.477500 0.825876 -0.676727
vn -0.707059 -0.691376 -0.148546
f 941/1/236 942/2/236 943/3/236 944/4/236
v 0.477500 0.825876 -0.676727
v 0.477500 0.872204 -0.892346
v 0.500000 0.866286 -0.893498
v 0.500000 0.820003 -0.678089
vn -0.258787 -0.944382 -0.202909
f 945/1/237 946/2/237 947/3/237 948/4/237
v 0.500000 0.820003 -0.678089
v 0.500000 0.866286 -0.893498
v 0.522500 0.872204 -0.892346
v 0.522500 0.825876 -0.676727
vn 0.258787 -0.944382 -0.202910
f 949/1/238 950/2/238 951/3/238 952/4/238
v 0.522500 0.825876 -0.676727
v 0.522500 0.872204 -0.892346
v 0.538971 0.888371 -0.889197
v 0.538971 0.841921 -0.673003
vn 0.707059 -0.691376 -0.148548
f 953/1/239 954/2/239 955/3/239 956/4/239
v 0.538971 0.841921 -0.673003
v 0.538971 0.888371 -0.889197
v 0.545000 0.910456 -0.884896
v 0.545000 0.863838 -0.667917
vn 0.965917 -0.253076 -0.054375
f 957/1/240 958/2/240 959/3/240 960/4/240
v 0.545000 0.910456 -0.884896
v 0.545000 0.948389 -1.101875
v 0.538971 0.970610 -1.098348
v 0.538971 0.932541 -0.880595
vn 0.965914 0.254997 0.044578
f 961/1/241 962/2/241 963/3/241 964/4/241
v 0.538971 0.932541 -0.880595
v 0.538971 0.970610 -1.098348
v 0.522500 0.986878 -1.095766
v 0.522500 0.948709 -0.877446
vn 0.707041 0.696607 0.121785
f 965/1/242 966/2/242 967/3/242 968/4/242
v 0.522500 0.948709 -0.877446
v 0.522500 0.986878 -1.095766
v 0.500000 0.992832 -1.094821
v 0.500000 0.954626 -0.876293
vn 0.258774 0.951505 0.166353
f 969/1/243 970/2/243 971/3/243 972/4/243
v 0.500000 0.954626 -0.876293
v 0.500000 0.992832 -1.094821
v 0.477500 0.986878 -1.095766
v 0.477500 0.948709 -0.877446
vn -0.258774 0.951505 0.166354
f 973/1/244 974/2/244 975/3/244 976/4/244
v 0.477500 0.948709 -0.877446
v 0.477500 0.986878 -1.095766
v 0.461029 0.970610 -1.098348
v 0.461029 0.932541 -0.880595
vn -0.707041 0.696606 0.121789
f 977/1/245 978/2/245 979/3/245 980/4/245
v 0.461029 0.932541 -0.880595
v 0.461029 0.970610 -1.098348
v 0.455000 0.948389 -1.101875
v 0.455000 0.910456 -0.884896
vn -0.965914 0.254996 0.044580
f 981/1/246 982/2/246 983/3/246 984/4/246
v 0.455000 0.910456 -0.884896
v 0.455000 0.948389 -1.101875
v 0.461029 0.926167 -1.105402
v 0.461029 0.888371 -0.889197
vn -0.965914 -0.254997 -0.044578
f 985/1/247 986/2/247 987/3/247 988/4/247
v 0.461029 0.888371 -0.889197
v 0.461029 0.926167 -1.105402
v 0.477500 0.909899 -1.107984
v 0.477500 0.872204 -0.892346
vn -0.707041 -0.696609 -0.121776
f 989/1/248 990/2/248 991/3/248 992/4/248
v 0.477500 0.872204 -0.892346
v 0.477500 0.909899 -1.107984
v 0.500000 0.903945 -1.108929
v 0.500000 0.866286 -0.893498
vn -0.258774 -0.951509 -0.166332
f 993/1/249 994/2/249 995/3/249 996/4/249
v 0.500000 0.866286 -0.893498
v 0.500000 0.903945 -1.108929
v 0.522500 0.909899 -1.107984
v 0.522500 0.872204 -0.892346
vn 0.258774 -0.951510 -0.166330
f 997/1/250 998/2/250 999/3/250 1000/4/250
v 0.522500 0.872204 -0.892346
v 0.522500 0.909899 -1.107984
v 0.538971 0.926167 -1.105402
v 0.538971 0.888371 -0.889197
vn 0.707041 -0.696609 -0.121773
f 1001/1/251 1002/2/251 1003/3/251 1004/4/251
v 0.538971 0.888371 -0.889197
v 0.538971 0.926167 -1.105402
v 0.545000 0.948389 -1.101875
v 0.545000 0.910456 -0.884896
vn 0.965914 -0.254997 -0.044577
f 1005/1/252 1006/2/252 1007/3/252 1008/4/252
v 0.545000 0.948389 -1.101875
v 0.545000 0.979352 -1.318854
v 0.538971 1.001662 -1.315941
v 0.538971 0.970610 -1.098348
vn 0.965918 0.256253 0.036568
f 1009/1/253 1010/2/253 1011/3/253 1012/4/253
v 0.538971 0.970610 -1.098348
v 0.538971 1.001662 -1.315941
v 0.522500 1.017995 -1.313808
v 0.522500 0.986878 -1.095766
vn 0.707063 0.700058 0.099903
f 1013/1/254 1014/2/254 1015/3/254 1016/4/254
v 0.522500 0.986878 -1.095766
v 0.522500 1.017995 -1.313808
v 0.500000 1.023973 -1.313028
v 0.500000 0.992832 -1.094821
vn 0.258789 0.956245 0.136466
f 1017/1/255 1018/2/255 1019/3/255 1020/4/255
v 0.500000 0.992832 -1.094821
v 0.500000 1.023973 -1.313028
v 0.477500 1.017995 -1.313808
v 0.477500 0.986878 -1.095766
vn -0.258789 0.956245 0.136468
f 1021/1/256 1022/2/256 1023/3/256 1024/4/256
v 0.477500 0.986878 -1.095766
v 0.477500 1.017995 -1.313808
v 0.461029 1.001662 -1.315941
v 0.461029 0.970610 -1.098348
vn -0.707063 0.700057 0.099906
f 1025/1/257 1026/2/257 1027/3/257 1028/4/257
v 0.461029 0.970610 -1.098348
v 0.461029 1.001662 -1.315941
v 0.455000 0.979352 -1.318854
v 0.455000 0.948389 -1.101875
vn -0.965918 0.256252 0.036569
f 1029/1/258 1030/2/258 1031/3/258 1032/4/258
v 0.455000 0.948389 -1.101875
v 0.455000 0.979352 -1.318854
v 0.461029 0.957041 -1.321767
v 0.461029 0.926167 -1.105402
vn -0.965918 -0.256253 -0.036568
f 1033/1/259 1034/2/259 1035/3/259 1036/4/259
v 0.461029 0.926167 -1.105402
v 0.461029 0.957041 -1.321767
v 0.477500 0.940709 -1.323900
v 0.477500 0.909899 -1.107984
vn -0.707063 -0.700059 -0.099895
f 1037/1/260 1038/2/260 1039/3/260 1040/4/260
v 0.477500 0.909899 -1.107984
v 0.477500 0.940709 -1.323900
v 0.500000 0.934731 -1.324681
v 0.500000 0.903945 -1.108929
vn -0.258789 -0.956248 -0.136449
f 1041/1/261 1042/2/261 1043/3/261 1044/4/261
v 0.500000 0.903945 -1.108929
v 0.500000 0.934731 -1.324681
v 0.522500 0.940709 -1.323900
v 0.522500 0.909899 -1.107984
vn 0.258789 -0.956248 -0.136447
f 1045/1/262 1046/2/262 1047/3/262 1048/4/262
v 0.522500 0.909899 -1.107984
v 0.522500 0.940709 -1.323900
v 0.538971 0.957041 -1.321767
v 0.538971 0.926167 -1.105402
vn 0.707063 -0.700059 -0.099893
f 1049/1/263 1050/2/263 1051/3/263 1052/4/263
v 0.538971 0.926167 -1.105402
v 0.538971 0.957041 -1.321767
v 0.545000 0.979352 -1.318854
v 0.545000 0.948389 -1.101875
vn 0.965918 -0.256253 -0.036566
f 1053/1/264 1054/2/264 1055/3/264 1056/4/264
v 0.545000 0.979352 -1.318854
v 0.545000 1.005063 -1.535833
v 0.538971 1.027427 -1.533366
v 0.538971 1.001662 -1.315941
vn 0.965921 0.257038 0.030458
f 1057/1/265 1058/2/265 1059/3/265 1060/4/265
v 0.538971 1.001662 -1.315941
v 0.538971 1.027427 -1.533366
v 0.522500 1.043799 -1.531559
v 0.522500 1.017995 -1.313808
vn 0.707082 0.702219 0.083212
f 1061/1/266 1062/2/266 1063/3/266 1064/4/266
v 0.522500 1.017995 -1.313808
v 0.522500 1.043799 -1.531559
v 0.500000 1.049791 -1.530898
v 0.500000 1.023973 -1.313028
vn 0.258802 0.959219 0.113669
f 1065/1/267 1066/2/267 1067/3/267 1068/4/267
v 0.500000 1.023973 -1.313028
v 0.500000 1.049791 -1.530898
v 0.477500 1.043799 -1.531559
v 0.477500 1.017995 -1.313808
vn -0.258802 0.959219 0.113670
f 1069/1/268 1070/2/268 1071/3/268 1072/4/268
v 0.477500 1.017995 -1.313808
v 0.477500 1.043799 -1.531559
v 0.461029 1.027427 -1.533366
v 0.461029 1.001662 -1.315941
vn -0.707082 0.702219 0.083214
f 1073/1/269 1074/2/269 1075/3/269 1076/4/269
v 0.461029 1.001662 -1.315941
v 0.461029 1.027427 -1.533366
v 0.455000 1.005063 -1.535833
v 0.455000 0.979352 -1.318854
vn -0.965921 0.257038 0.030459
f 1077/1/270 1078/2/270 1079/3/270 1080/4/270
v 0.455000 0.979352 -1.318854
v 0.455000 1.005063 -1.535833
v 0.461029 0.982698 -1.538301
v 0.461029 0.957041 -1.321767
vn -0.965921 -0.257038 -0.030458
f 1081/1/271 1082/2/271 1083/3/271 1084/4/271
v 0.461029 0.957041 -1.321767
v 0.461029 0.982698 -1.538301
v 0.477500 0.966327 -1.540107
v 0.477500 0.940709 -1.323900
vn -0.707082 -0.702219 -0.083206
f 1085/1/272 1086/2/272 1087/3/272 1088/4/272
v 0.477500 0.940709 -1.323900
v 0.477500 0.966327 -1.540107
v 0.500000 0.960334 -1.540769
v 0.500000 0.934731 -1.324681
vn -0.258802 -0.959221 -0.113655
f 1089/1/273 1090/2/273 1091/3/273 1092/4/273
v 0.500000 0.934731 -1.324681
v 0.500000 0.960334 -1.540769
v 0.522500 0.966327 -1.540107
v 0.522500 0.940709 -1.323900
vn 0.258802 -0.959221 -0.113654
f 1093/1/274 1094/2/274 1095/3/274 1096/4/274
v 0.522500 0.940709 -1.323900
v 0.522500 0.966327 -1.540107
v 0.538971 0.982698 -1.538301
v 0.538971 0.957041 -1.321767
vn 0.707082 -0.702220 -0.083204
f 1097/1/275 1098/2/275 1099/3/275 1100/4/275
v 0.538971 0.957041 -1.321767
v 0.538971 0.982698 -1.538301
v 0.545000 1.005063 -1.535833
v 0.545000 0.979352 -1.318854
vn 0.965921 -0.257038 -0.030457
f 1101/1/276 1102/2/276 1103/3/276 1104/4/276
v 0.545000 1.005063 -1.535833
v 0.545000 1.027238 -1.752813
v 0.538971 1.049630 -1.750618
v 0.538971 1.027427 -1.533366
vn 0.965924 0.257486 0.026315
f 1105/1/277 1106/2/277 1107/3/277 1108/4/277
v 0.538971 1.027427 -1.533366
v 0.538971 1.049630 -1.750618
v 0.522500 1.066023 -1.749011
v 0.522500 1.043799 -1.531559
vn 0.707095 0.703454 0.071894
f 1109/1/278 1110/2/278 1111/3/278 1112/4/278
v 0.522500 1.043799 -1.531559
v 0.522500 1.066023 -1.749011
v 0.500000 1.072023 -1.748423
v 0.500000 1.049791 -1.530898
vn 0.258811 0.960922 0.098209
f 1113/1/279 1114/2/279 1115/3/279 1116/4/279
v 0.500000 1.049791 -1.530898
v 0.500000 1.072023 -1.748423
v 0.477500 1.066023 -1.749011
v 0.477500 1.043799 -1.531559
vn -0.258811 0.960922 0.098210
f 1117/1/280 1118/2/280 1119/3/280 1120/4/280
v 0.477500 1.043799 -1.531559
v 0.477500 1.066023 -1.749011
v 0.461029 1.049630 -1.750618
v 0.461029 1.027427 -1.533366
vn -0.707095 0.703454 0.071895
f 1121/1/281 1122/2/281 1123/3/281 1124/4/281
v 0.461029 1.027427 -1.533366
v 0.461029 1.049630 -1.750618
v 0.455000 1.027238 -1.752813
v 0.455000 1.005063 -1.535833
vn -0.965924 0.257486 0.026315
f 1125/1/282 1126/2/282 1127/3/282 1128/4/282
v 0.455000 1.005063 -1.535833
v 0.455000 1.027238 -1.752813
v 0.461029 1.004845 -1.755007
v 0.461029 0.982698 -1.538301
vn -0.965924 -0.257486 -0.026315
f 1129/1/283 1130/2/283 1131/3/283 1132/4/283
v 0.461029 0.982698 -1.538301
v 0.461029 1.004845 -1.755007
v 0.477500 0.988452 -1.756614
v 0.477500 0.966327 -1.540107
vn -0.707095 -0.703454 -0.071890
f 1133/1/284 1134/2/284 1135/3/284 1136/4/284
v 0.477500 0.966327 -1.540107
v 0.477500 0.988452 -1.756614
v 0.500000 0.982452 -1.757202
v 0.500000 0.960334 -1.540769
vn -0.258811 -0.960923 -0.098201
f 1137/1/285 1138/2/285 1139/3/285 1140/4/285
v 0.500000 0.960334 -1.540769
v 0.500000 0.982452 -1.757202
v 0.522500 0.988452 -1.756614
v 0.522500 0.966327 -1.540107
vn 0.258811 -0.960923 -0.098200
f 1141/1/286 1142/2/286 1143/3/286 1144/4/286
v 0.522500 0.966327 -1.540107
v 0.522500 0.988452 -1.756614
v 0.538971 1.004845 -1.755007
v 0.538971 0.982698 -1.538301
vn 0.707095 -0.703454 -0.071889
f 1145/1/287 1146/2/287 1147/3/287 1148/4/287
v 0.538971 0.982698 -1.538301
v 0.538971 1.004845 -1.755007
v 0.545000 1.027238 -1.752813
v 0.545000 1.005063 -1.535833
vn 0.965924 -0.257486 -0.026314
f 1149/1/288 1150/2/288 1151/3/288 1152/4/288
v 0.545000 1.027238 -1.752813
v 0.545000 1.047593 -1.969792
v 0.538971 1.069997 -1.967715
v 0.538971 1.049630 -1.750618
vn 0.965925 0.257690 0.024175
f 1153/1/289 1154/2/289 1155/3/289 1156/4/289
v 0.538971 1.049630 -1.750618
v 0.538971 1.069997 -1.967715
v 0.522500 1.086398 -1.966194
v 0.522500 1.066023 -1.749011
vn 0.707104 0.704018 0.066048
f 1157/1/290 1158/2/290 1159/3/290 1160/4/290
v 0.522500 1.066023 -1.749011
v 0.522500 1.086398 -1.966194
v 0.500000 1.092401 -1.965638
v 0.500000 1.072023 -1.748423
vn 0.258817 0.961703 0.090223
f 1161/1/291 1162/2/291 1163/3/291 1164/4/291
v 0.500000 1.072023 -1.748423
v 0.500000 1.092401 -1.965638
v 0.477500 1.086398 -1.966194
v 0.477500 1.066023 -1.749011
vn -0.258817 0.961703 0.090223
f 1165/1/292 1166/2/292 1167/3/292 1168/4/292
v 0.477500 1.066023 -1.749011
v 0.477500 1.086398 -1.966194
v 0.461029 1.069997 -1.967715
v 0.461029 1.049630 -1.750618
vn -0.707104 0.704018 0.066048
f 1169/1/293 1170/2/293 1171/3/293 1172/4/293
v 0.461029 1.049630 -1.750618
v 0.461029 1.069997 -1.967715
v 0.455000 1.047593 -1.969792
v 0.455000 1.027238 -1.752813
vn -0.965925 0.257690 0.024175
f 1173/1/294 1174/2/294 1175/3/294 1176/4/294
v 0.455000 1.027238 -1.752813
v 0.455000 1.047593 -1.969792
v 0.461029 1.025189 -1.971869
v 0.461029 1.004845 -1.755007
vn -0.965925 -0.257690 -0.024175
f 1177/1/295 1178/2/295 1179/3/295 1180/4/295
v 0.461029 1.004845 -1.755007
v 0.461029 1.025189 -1.971869
v 0.477500 1.008789 -1.973389
v 0.477500 0.988452 -1.756614
vn -0.707104 -0.704019 -0.066046
f 1181/1/296 1182/2/296 1183/3/296 1184/4/296
v 0.477500 0.988452 -1.756614
v 0.477500 1.008789 -1.973389
v 0.500000 1.002785 -1.973946
v 0.500000 0.982452 -1.757202
vn -0.258817 -0.961704 -0.090220
f 1185/1/297 1186/2/297 1187/3/297 1188/4/297
v 0.500000 0.982452 -1.757202
v 0.500000 1.002785 -1.973946
v 0.522500 1.008789 -1.973389
v 0.522500 0.988452 -1.756614
vn 0.258817 -0.961704 -0.090220
f 1189/1/298 1190/2/298 1191/3/298 1192/4/298
v 0.522500 0.988452 -1.756614
v 0.522500 1.008789 -1.973389
v 0.538971 1.025189 -1.971869
v 0.538971 1.004845 -1.755007
vn 0.707104 -0.704019 -0.066046
f 1193/1/299 1194/2/299 1195/3/299 1196/4/299
v 0.538971 1.004845 -1.755007
v 0.538971 1.025189 -1.971869
v 0.545000 1.047593 -1.969792
v 0.545000 1.027238 -1.752813
vn 0.965925 -0.257690 -0.024175
f 1197/1/300 1198/2/300 1199/3/300 1200/4/300
v 0.545000 1.047593 -1.969792
v 0.545000 1.067468 -2.186771
v 0.538971 1.089887 -2.184869
v 0.538971 1.069997 -1.967715
vn 0.965926 0.257740 0.023608
f 1201/1/301 1202/2/301 1203/3/301 1204/4/301
v 0.538971 1.069997 -1.967715
v 0.538971 1.089887 -2.184869
v 0.522500 1.106300 -2.183476
v 0.522500 1.086398 -1.966194
vn 0.707107 0.704159 0.064497
f 1205/1/302 1206/2/302 1207/3/302 1208/4/302
v 0.522500 1.086398 -1.966194
v 0.522500 1.106300 -2.183476
v 0.500000 1.112307 -2.182966
v 0.500000 1.092401 -1.965638
vn 0.258819 0.961899 0.088103
f 1209/1/303 1210/2/303 1211/3/303 1212/4/303
v 0.500000 1.092401 -1.965638
v 0.500000 1.112307 -2.182966
v 0.477500 1.106300 -2.183476
v 0.477500 1.086398 -1.966194
vn -0.258819 0.961900 0.088103
f 1213/1/304 1214/2/304 1215/3/304 1216/4/304
v 0.477500 1.086398 -1.966194
v 0.477500 1.106300 -2.183476
v 0.461029 1.089887 -2.184869
v 0.461029 1.069997 -1.967715
vn -0.707107 0.704159 0.064496
f 1217/1/305 1218/2/305 1219/3/305 1220/4/305
v 0.461029 1.069997 -1.967715
v 0.461029 1.089887 -2.184869
v 0.455000 1.067468 -2.186771
v 0.455000 1.047593 -1.969792
vn -0.965926 0.257740 0.023608
f 1221/1/306 1222/2/306 1223/3/306 1224/4/306
v 0.455000 1.047593 -1.969792
v 0.455000 1.067468 -2.186771
v 0.461029 1.045049 -2.188673
v 0.461029 1.025189 -1.971869
vn -0.965926 -0.257740 -0.023608
f 1225/1/307 1226/2/307 1227/3/307 1228/4/307
v 0.461029 1.025189 -1.971869
v 0.461029 1.045049 -2.188673
v 0.477500 1.028636 -2.190066
v 0.477500 1.008789 -1.973389
vn -0.707107 -0.704159 -0.064501
f 1229/1/308 1230/2/308 1231/3/308 1232/4/308
v 0.477500 1.008789 -1.973389
v 0.477500 1.028636 -2.190066
v 0.500000 1.022629 -2.190575
v 0.500000 1.002785 -1.973946
vn -0.258819 -0.961899 -0.088111
f 1233/1/309 1234/2/309 1235/3/309 1236/4/309
v 0.500000 1.002785 -1.973946
v 0.500000 1.022629 -2.190575
v 0.522500 1.028636 -2.190066
v 0.522500 1.008789 -1.973389
vn 0.258819 -0.961899 -0.088112
f 1237/1/310 1238/2/310 1239/3/310 1240/4/310
v 0.522500 1.008789 -1.973389
v 0.522500 1.028636 -2.190066
v 0.538971 1.045049 -2.188673
v 0.538971 1.025189 -1.971869
vn 0.707107 -0.704159 -0.064502
f 1241/1/311 1242/2/311 1243/3/311 1244/4/311
v 0.538971 1.025189 -1.971869
v 0.538971 1.045049 -2.188673
v 0.545000 1.067468 -2.186771
v 0.545000 1.047593 -1.969792
vn 0.965926 -0.257740 -0.023609
f 1245/1/312 1246/2/312 1247/3/312 1248/4/312
v 0.545000 1.067468 -2.186771
v 0.545000 1.084417 -2.403750
v 0.538971 1.106861 -2.402164
v 0.538971 1.089887 -2.184869
vn 0.965924 0.258038 0.020156
f 1249/1/313 1250/2/313 1251/3/313 1252/4/313
v 0.538971 1.089887 -2.184869
v 0.538971 1.106861 -2.402164
v 0.522500 1.123291 -2.401004
v 0.522500 1.106300 -2.183476
vn 0.707099 0.704967 0.055066
f 1253/1/314 1254/2/314 1255/3/314 1256/4/314
v 0.522500 1.106300 -2.183476
v 0.522500 1.123291 -2.401004
v 0.500000 1.129305 -2.400579
v 0.500000 1.112307 -2.182966
vn 0.258814 0.962994 0.075220
f 1257/1/315 1258/2/315 1259/3/315 1260/4/315
v 0.500000 1.112307 -2.182966
v 0.500000 1.129305 -2.400579
v 0.477500 1.123291 -2.401004
v 0.477500 1.106300 -2.183476
vn -0.258814 0.962994 0.075220
f 1261/1/316 1262/2/316 1263/3/316 1264/4/316
v 0.477500 1.106300 -2.183476
v 0.477500 1.123291 -2.401004
v 0.461029 1.106861 -2.402164
v 0.461029 1.089887 -2.184869
vn -0.707099 0.704967 0.055066
f 1265/1/317 1266/2/317 1267/3/317 1268/4/317
v 0.461029 1.089887 -2.184869
v 0.461029 1.106861 -2.402164
v 0.455000 1.084417 -2.403750
v 0.455000 1.067468 -2.186771
vn -0.965924 0.258038 0.020156
f 1269/1/318 1270/2/318 1271/3/318 1272/4/318
v 0.455000 1.067468 -2.186771
v 0.455000 1.084417 -2.403750
v 0.461029 1.061973 -2.405336
v 0.461029 1.045049 -2.188673
vn -0.965924 -0.258038 -0.020156
f 1273/1/319 1274/2/319 1275/3/319 1276/4/319
v 0.461029 1.045049 -2.188673
v 0.461029 1.061973 -2.405336
v 0.477500 1.045542 -2.406496
v 0.477500 1.028636 -2.190066
vn -0.707099 -0.704967 -0.055067
f 1277/1/320 1278/2/320 1279/3/320 1280/4/320
v 0.477500 1.028636 -2.190066
v 0.477500 1.045542 -2.406496
v 0.500000 1.039529 -2.406921
v 0.500000 1.022629 -2.190575
vn -0.258814 -0.962994 -0.075222
f 1281/1/321 1282/2/321 1283/3/321 1284/4/321
v 0.500000 1.022629 -2.190575
v 0.500000 1.039529 -2.406921
v 0.522500 1.045542 -2.406496
v 0.522500 1.028636 -2.190066
vn 0.258814 -0.962994 -0.075222
f 1285/1/322 1286/2/322 1287/3/322 1288/4/322
v 0.522500 1.028636 -2.190066
v 0.522500 1.045542 -2.406496
v 0.538971 1.061973 -2.405336
v 0.538971 1.045049 -2.188673
vn 0.707099 -0.704967 -0.055067
f 1289/1/323 1290/2/323 1291/3/323 1292/4/323
v 0.538971 1.045049 -2.188673
v 0.538971 1.061973 -2.405336
v 0.545000 1.084417 -2.403750
v 0.545000 1.067468 -2.186771
vn 0.965924 -0.258038 -0.020156
f 1293/1/324 1294/2/324 1295/3/324 1296/4/324
v 0.545000 1.084417 -2.403750
v 0.545000 1.098128 -2.620729
v 0.538971 1.120592 -2.619446
v 0.538971 1.106861 -2.402164
vn 0.965924 0.258310 0.016323
f 1297/1/325 1298/2/325 1299/3/325 1300/4/325
v 0.538971 1.106861 -2.402164
v 0.538971 1.120592 -2.619446
v 0.522500 1.137036 -2.618507
v 0.522500 1.123291 -2.401004
vn 0.707097 0.705709 0.044596
f 1301/1/326 1302/2/326 1303/3/326 1304/4/326
v 0.522500 1.123291 -2.401004
v 0.522500 1.137036 -2.618507
v 0.500000 1.143055 -2.618163
v 0.500000 1.129305 -2.400579
vn 0.258812 0.964005 0.060920
f 1305/1/327 1306/2/327 1307/3/327 1308/4/327
v 0.500000 1.129305 -2.400579
v 0.500000 1.143055 -2.618163
v 0.477500 1.137036 -2.618507
v 0.477500 1.123291 -2.401004
vn -0.258812 0.964005 0.060920
f 1309/1/328 1310/2/328 1311/3/328 1312/4/328
v 0.477500 1.123291 -2.401004
v 0.477500 1.137036 -2.618507
v 0.461029 1.120592 -2.619446
v 0.461029 1.106861 -2.402164
vn -0.707097 0.705709 0.044597
f 1313/1/329 1314/2/329 1315/3/329 1316/4/329
v 0.461029 1.106861 -2.402164
v 0.461029 1.120592 -2.619446
v 0.455000 1.098128 -2.620729
v 0.455000 1.084417 -2.403750
vn -0.965924 0.258310 0.016324
f 1317/1/330 1318/2/330 1319/3/330 1320/4/330
v 0.455000 1.084417 -2.403750
v 0.455000 1.098128 -2.620729
v 0.461029 1.075665 -2.622012
v 0.461029 1.061973 -2.405336
vn -0.965924 -0.258310 -0.016323
f 1321/1/331 1322/2/331 1323/3/331 1324/4/331
v 0.461029 1.061973 -2.405336
v 0.461029 1.075665 -2.622012
v 0.477500 1.059220 -2.622952
v 0.477500 1.045542 -2.406496
vn -0.707097 -0.705709 -0.044595
f 1325/1/332 1326/2/332 1327/3/332 1328/4/332
v 0.477500 1.045542 -2.406496
v 0.477500 1.059220 -2.622952
v 0.500000 1.053201 -2.623295
v 0.500000 1.039529 -2.406921
vn -0.258812 -0.964005 -0.060916
f 1329/1/333 1330/2/333 1331/3/333 1332/4/333
v 0.500000 1.039529 -2.406921
v 0.500000 1.053201 -2.623295
v 0.522500 1.059220 -2.622952
v 0.522500 1.045542 -2.406496
vn 0.258812 -0.964005 -0.060916
f 1333/1/334 1334/2/334 1335/3/334 1336/4/334
v 0.522500 1.045542 -2.406496
v 0.522500 1.059220 -2.622952
v 0.538971 1.075665 -2.622012
v 0.538971 1.061973 -2.405336
vn 0.707097 -0.705709 -0.044594
f 1337/1/335 1338/2/335 1339/3/335 1340/4/335
v 0.538971 1.061973 -2.405336
v 0.538971 1.075665 -2.622012
v 0.545000 1.098128 -2.620729
v 0.545000 1.084417 -2.403750
vn 0.965924 -0.258310 -0.016323
f 1341/1/336 1342/2/336 1343/3/336 1344/4/336
v 0.545000 1.098128 -2.620729
v 0.545000 1.109206 -2.837708
v 0.538971 1.131682 -2.836666
v 0.538971 1.120592 -2.619446
vn 0.965925 0.258487 0.013197
f 1345/1/337 1346/2/337 1347/3/337 1348/4/337
v 0.538971 1.120592 -2.619446
v 0.538971 1.131682 -2.836666
v 0.522500 1.148135 -2.835903
v 0.522500 1.137036 -2.618507
vn 0.707100 0.706193 0.036055
f 1349/1/338 1350/2/338 1351/3/338 1352/4/338
v 0.522500 1.137036 -2.618507
v 0.522500 1.148135 -2.835903
v 0.500000 1.154158 -2.835624
v 0.500000 1.143055 -2.618163
vn 0.258815 0.964670 0.049253
f 1353/1/339 1354/2/339 1355/3/339 1356/4/339
v 0.500000 1.143055 -2.618163
v 0.500000 1.154158 -2.835624
v 0.477500 1.148135 -2.835903
v 0.477500 1.137036 -2.618507
vn -0.258815 0.964670 0.049253
f 1357/1/340 1358/2/340 1359/3/340 1360/4/340
v 0.477500 1.137036 -2.618507
v 0.477500 1.148135 -2.835903
v 0.461029 1.131682 -2.836666
v 0.461029 1.120592 -2.619446
vn -0.707100 0.706193 0.036056
f 1361/1/341 1362/2/341 1363/3/341 1364/4/341
v 0.461029 1.120592 -2.619446
v 0.461029 1.131682 -2.836666
v 0.455000 1.109206 -2.837708
v 0.455000 1.098128 -2.620729
vn -0.965925 0.258487 0.013197
f 1365/1/342 1366/2/342 1367/3/342 1368/4/342
v 0.455000 1.098128 -2.620729
v 0.455000 1.109206 -2.837708
v 0.461029 1.086730 -2.838751
v 0.461029 1.075665 -2.622012
vn -0.965925 -0.258487 -0.013197
f 1369/1/343 1370/2/343 1371/3/343 1372/4/343
v 0.461029 1.075665 -2.622012
v 0.461029 1.086730 -2.838751
v 0.477500 1.070277 -2.839514
v 0.477500 1.059220 -2.622952
vn -0.707100 -0.706193 -0.036054
f 1373/1/344 1374/2/344 1375/3/344 1376/4/344
v 0.477500 1.059220 -2.622952
v 0.477500 1.070277 -2.839514
v 0.500000 1.064254 -2.839793
v 0.500000 1.053201 -2.623295
vn -0.258815 -0.964671 -0.049250
f 1377/1/345 1378/2/345 1379/3/345 1380/4/345
v 0.500000 1.053201 -2.623295
v 0.500000 1.064254 -2.839793
v 0.522500 1.070277 -2.839514
v 0.522500 1.059220 -2.622952
vn 0.258815 -0.964671 -0.049250
f 1381/1/346 1382/2/346 1383/3/346 1384/4/346
v 0.522500 1.059220 -2.622952
v 0.522500 1.070277 -2.839514
v 0.538971 1.086730 -2.838751
v 0.538971 1.075665 -2.622012
vn 0.707100 -0.706194 -0.036054
f 1385/1/347 1386/2/347 1387/3/347 1388/4/347
v 0.538971 1.075665 -2.622012
v 0.538971 1.086730 -2.838751
v 0.545000 1.109206 -2.837708
v 0.545000 1.098128 -2.620729
vn 0.965925 -0.258487 -0.013197
f 1389/1/348 1390/2/348 1391/3/348 1392/4/348
v 0.545000 1.109206 -2.837708
v 0.545000 1.118254 -3.054688
v 0.538971 1.140737 -3.053824
v 0.538971 1.131682 -2.836666
vn 0.965925 0.258597 0.010783
f 1393/1/349 1394/2/349 1395/3/349 1396/4/349
v 0.538971 1.131682 -2.836666
v 0.538971 1.140737 -3.053824
v 0.522500 1.157196 -3.053192
v 0.522500 1.148135 -2.835903
vn 0.707103 0.706497 0.029461
f 1397/1/350 1398/2/350 1399/3/350 1400/4/350
v 0.522500 1.148135 -2.835903
v 0.522500 1.157196 -3.053192
v 0.500000 1.163221 -3.052960
v 0.500000 1.154158 -2.835624
vn 0.258816 0.965088 0.040244
f 1401/1/351 1402/2/351 1403/3/351 1404/4/351
v 0.500000 1.154158 -2.835624
v 0.500000 1.163221 -3.052960
v 0.477500 1.157196 -3.053192
v 0.477500 1.148135 -2.835903
vn -0.258816 0.965088 0.040244
f 1405/1/352 1406/2/352 1407/3/352 1408/4/352
v 0.477500 1.148135 -2.835903
v 0.477500 1.157196 -3.053192
v 0.461029 1.140737 -3.053824
v 0.461029 1.131682 -2.836666
vn -0.707103 0.706497 0.029461
f 1409/1/353 1410/2/353 1411/3/353 1412/4/353
v 0.461029 1.131682 -2.836666
v 0.461029 1.140737 -3.053824
v 0.455000 1.118254 -3.054688
v 0.455000 1.109206 -2.837708
vn -0.965925 0.258597 0.010783
f 1413/1/354 1414/2/354 1415/3/354 1416/4/354
v 0.455000 1.109206 -2.837708
v 0.455000 1.118254 -3.054688
v 0.461029 1.095770 -3.055551
v 0.461029 1.086730 -2.838751
vn -0.965925 -0.258597 -0.010783
f 1417/1/355 1418/2/355 1419/3/355 1420/4/355
v 0.461029 1.086730 -2.838751
v 0.461029 1.095770 -3.055551
v 0.477500 1.079311 -3.056183
v 0.477500 1.070277 -2.839514
vn -0.707103 -0.706497 -0.029460
f 1421/1/356 1422/2/356 1423/3/356 1424/4/356
v 0.477500 1.070277 -2.839514
v 0.477500 1.079311 -3.056183
v 0.500000 1.073287 -3.056415
v 0.500000 1.064254 -2.839793
vn -0.258816 -0.965088 -0.040242
f 1425/1/357 1426/2/357 1427/3/357 1428/4/357
v 0.500000 1.064254 -2.839793
v 0.500000 1.073287 -3.056415
v 0.522500 1.079311 -3.056183
v 0.522500 1.070277 -2.839514
vn 0.258816 -0.965088 -0.040242
f 1429/1/358 1430/2/358 1431/3/358 1432/4/358
v 0.522500 1.070277 -2.839514
v 0.522500 1.079311 -3.056183
v 0.538971 1.095770 -3.055551
v 0.538971 1.086730 -2.838751
vn 0.707103 -0.706497 -0.029460
f 1433/1/359 1434/2/359 1435/3/359 1436/4/359
v 0.538971 1.086730 -2.838751
v 0.538971 1.095770 -3.055551
v 0.545000 1.118254 -3.054688
v 0.545000 1.109206 -2.837708
vn 0.965925 -0.258597 -0.010783
f 1437/1/360 1438/2/360 1439/3/360 1440/4/360
v 0.545000 1.118254 -3.054688
v 0.545000 1.125875 -3.271667
v 0.538971 1.148363 -3.270919
v 0.538971 1.140737 -3.053824
vn 0.965925 0.258661 0.009085
f 1441/1/361 1442/2/361 1443/3/361 1444/4/361
v 0.538971 1.140737 -3.053824
v 0.538971 1.148363 -3.270919
v 0.522500 1.164825 -3.270372
v 0.522500 1.157196 -3.053192
vn 0.707105 0.706673 0.024822
f 1445/1/362 1446/2/362 1447/3/362 1448/4/362
v 0.522500 1.157196 -3.053192
v 0.522500 1.164825 -3.270372
v 0.500000 1.170850 -3.270172
v 0.500000 1.163221 -3.052960
vn 0.258818 0.965331 0.033908
f 1449/1/363 1450/2/363 1451/3/363 1452/4/363
v 0.500000 1.163221 -3.052960
v 0.500000 1.170850 -3.270172
v 0.477500 1.164825 -3.270372
v 0.477500 1.157196 -3.053192
vn -0.258818 0.965331 0.033908
f 1453/1/364 1454/2/364 1455/3/364 1456/4/364
v 0.477500 1.157196 -3.053192
v 0.477500 1.164825 -3.270372
v 0.461029 1.148363 -3.270919
v 0.461029 1.140737 -3.053824
vn -0.707105 0.706673 0.024822
f 1457/1/365 1458/2/365 1459/3/365 1460/4/365
v 0.461029 1.140737 -3.053824
v 0.461029 1.148363 -3.270919
v 0.455000 1.125875 -3.271667
v 0.455000 1.118254 -3.054688
vn -0.965925 0.258661 0.009086
f 1461/1/366 1462/2/366 1463/3/366 1464/4/366
v 0.455000 1.118254 -3.054688
v 0.455000 1.125875 -3.271667
v 0.461029 1.103388 -3.272414
v 0.461029 1.095770 -3.055551
vn -0.965925 -0.258661 -0.009085
f 1465/1/367 1466/2/367 1467/3/367 1468/4/367
v 0.461029 1.095770 -3.055551
v 0.461029 1.103388 -3.272414
v 0.477500 1.086926 -3.272961
v 0.477500 1.079311 -3.056183
vn -0.707105 -0.706673 -0.024821
f 1469/1/368 1470/2/368 1471/3/368 1472/4/368
v 0.477500 1.079311 -3.056183
v 0.477500 1.086926 -3.272961
v 0.500000 1.080900 -3.273161
v 0.500000 1.073287 -3.056415
vn -0.258818 -0.965331 -0.033906
f 1473/1/369 1474/2/369 1475/3/369 1476/4/369
v 0.500000 1.073287 -3.056415
v 0.500000 1.080900 -3.273161
v 0.522500 1.086926 -3.272961
v 0.522500 1.079311 -3.056183
vn 0.258818 -0.965331 -0.033906
f 1477/1/370 1478/2/370 1479/3/370 1480/4/370
v 0.522500 1.079311 -3.056183
v 0.522500 1.086926 -3.272961
v 0.538971 1.103388 -3.272414
v 0.538971 1.095770 -3.055551
vn 0.707105 -0.706673 -0.024821
f 1481/1/371 1482/2/371 1483/3/371 1484/4/371
v 0.538971 1.095770 -3.055551
v 0.538971 1.103388 -3.272414
v 0.545000 1.125875 -3.271667
v 0.545000 1.118254 -3.054688
vn 0.965925 -0.258661 -0.009085
f 1485/1/372 1486/2/372 1487/3/372 1488/4/372
v 0.545000 1.125875 -3.271667
v 0.545000 1.132674 -3.488646
v 0.538971 1.155163 -3.487953
v 0.538971 1.148363 -3.270919
vn 0.965926 0.258693 0.008105
f 1489/1/373 1490/2/373 1491/3/373 1492/4/373
v 0.538971 1.148363 -3.270919
v 0.538971 1.155163 -3.487953
v 0.522500 1.171626 -3.487445
v 0.522500 1.164825 -3.270372
vn 0.707106 0.706761 0.022144
f 1493/1/374 1494/2/374 1495/3/374 1496/4/374
v 0.522500 1.164825 -3.270372
v 0.522500 1.171626 -3.487445
v 0.500000 1.177652 -3.487259
v 0.500000 1.170850 -3.270172
vn 0.258819 0.965452 0.030250
f 1497/1/375 1498/2/375 1499/3/375 1500/4/375
v 0.500000 1.170850 -3.270172
v 0.500000 1.177652 -3.487259
v 0.477500 1.171626 -3.487445
v 0.477500 1.164825 -3.270372
vn -0.258819 0.965452 0.030250
f 1501/1/376 1502/2/376 1503/3/376 1504/4/376
v 0.477500 1.164825 -3.270372
v 0.477500 1.171626 -3.487445
v 0.461029 1.155163 -3.487953
v 0.461029 1.148363 -3.270919
vn -0.707106 0.706761 0.022145
f 1505/1/377 1506/2/377 1507/3/377 1508/4/377
v 0.461029 1.148363 -3.270919
v 0.461029 1.155163 -3.487953
v 0.455000 1.132674 -3.488646
v 0.455000 1.125875 -3.271667
vn -0.965926 0.258693 0.008105
f 1509/1/378 1510/2/378 1511/3/378 1512/4/378
v 0.455000 1.125875 -3.271667
v 0.455000 1.132674 -3.488646
v 0.461029 1.110184 -3.489339
v 0.461029 1.103388 -3.272414
vn -0.965926 -0.258693 -0.008105
f 1513/1/379 1514/2/379 1515/3/379 1516/4/379
v 0.461029 1.103388 -3.272414
v 0.461029 1.110184 -3.489339
v 0.477500 1.093721 -3.489847
v 0.477500 1.086926 -3.272961
vn -0.707106 -0.706761 -0.022144
f 1517/1/380 1518/2/380 1519/3/380 1520/4/380
v 0.477500 1.086926 -3.272961
v 0.477500 1.093721 -3.489847
v 0.500000 1.087695 -3.490032
v 0.500000 1.080900 -3.273161
vn -0.258819 -0.965452 -0.030249
f 1521/1/381 1522/2/381 1523/3/381 1524/4/381
v 0.500000 1.080900 -3.273161
v 0.500000 1.087695 -3.490032
v 0.522500 1.093721 -3.489847
v 0.522500 1.086926 -3.272961
vn 0.258819 -0.965452 -0.030249
f 1525/1/382 1526/2/382 1527/3/382 1528/4/382
v 0.522500 1.086926 -3.272961
v 0.522500 1.093721 -3.489847
v 0.538971 1.110184 -3.489339
v 0.538971 1.103388 -3.272414
vn 0.707106 -0.706761 -0.022144
f 1529/1/383 1530/2/383 1531/3/383 1532/4/383
v 0.538971 1.103388 -3.272414
v 0.538971 1.110184 -3.489339
v 0.545000 1.132674 -3.488646
v 0.545000 1.125875 -3.271667
vn 0.965926 -0.258693 -0.008105
f 1533/1/384 1534/2/384 1535/3/384 1536/4/384
v 0.545000 1.132674 -3.488646
v 0.545000 1.139253 -3.705625
v 0.538971 1.161744 -3.704987
v 0.538971 1.155163 -3.487953
vn 0.965926 0.258700 0.007844
f 1537/1/385 1538/2/385 1539/3/385 1540/4/385
v 0.538971 1.155163 -3.487953
v 0.538971 1.161744 -3.704987
v 0.522500 1.178208 -3.704520
v 0.522500 1.171626 -3.487445
vn 0.707107 0.706782 0.021430
f 1541/1/386 1542/2/386 1543/3/386 1544/4/386
v 0.522500 1.171626 -3.487445
v 0.522500 1.178208 -3.704520
v 0.500000 1.184235 -3.704349
v 0.500000 1.177652 -3.487259
vn 0.258819 0.965482 0.029274
f 1545/1/387 1546/2/387 1547/3/387 1548/4/387
v 0.500000 1.177652 -3.487259
v 0.500000 1.184235 -3.704349
v 0.477500 1.178208 -3.704520
v 0.477500 1.171626 -3.487445
vn -0.258819 0.965482 0.029274
f 1549/1/388 1550/2/388 1551/3/388 1552/4/388
v 0.477500 1.171626 -3.487445
v 0.477500 1.178208 -3.704520
v 0.461029 1.161744 -3.704987
v 0.461029 1.155163 -3.487953
vn -0.707107 0.706782 0.021430
f 1553/1/389 1554/2/389 1555/3/389 1556/4/389
v 0.461029 1.155163 -3.487953
v 0.461029 1.161744 -3.704987
v 0.455000 1.139253 -3.705625
v 0.455000 1.132674 -3.488646
vn -0.965926 0.258700 0.007844
f 1557/1/390 1558/2/390 1559/3/390 1560/4/390
v 0.455000 1.132674 -3.488646
v 0.455000 1.139253 -3.705625
v 0.461029 1.116762 -3.706263
v 0.461029 1.110184 -3.489339
vn -0.965926 -0.258700 -0.007844
f 1561/1/391 1562/2/391 1563/3/391 1564/4/391
v 0.461029 1.110184 -3.489339
v 0.461029 1.116762 -3.706263
v 0.477500 1.100297 -3.706730
v 0.477500 1.093721 -3.489847
vn -0.707107 -0.706782 -0.021431
f 1565/1/392 1566/2/392 1567/3/392 1568/4/392
v 0.477500 1.093721 -3.489847
v 0.477500 1.100297 -3.706730
v 0.500000 1.094271 -3.706901
v 0.500000 1.087695 -3.490032
vn -0.258819 -0.965482 -0.029275
f 1569/1/393 1570/2/393 1571/3/393 1572/4/393
v 0.500000 1.087695 -3.490032
v 0.500000 1.094271 -3.706901
v 0.522500 1.100297 -3.706730
v 0.522500 1.093721 -3.489847
vn 0.258819 -0.965482 -0.029275
f 1573/1/394 1574/2/394 1575/3/394 1576/4/394
v 0.522500 1.093721 -3.489847
v 0.522500 1.100297 -3.706730
v 0.538971 1.116762 -3.706263
v 0.538971 1.110184 -3.489339
vn 0.707107 -0.706782 -0.021431
f 1577/1/395 1578/2/395 1579/3/395 1580/4/395
v 0.538971 1.110184 -3.489339
v 0.538971 1.116762 -3.706263
v 0.545000 1.139253 -3.705625
v 0.545000 1.132674 -3.488646
vn 0.965926 -0.258700 -0.007844
f 1581/1/396 1582/2/396 1583/3/396 1584/4/396
v 0.545000 1.139253 -3.705625
v 0.545000 1.144987 -3.922604
v 0.538971 1.167481 -3.922117
v 0.538971 1.161744 -3.704987
vn 0.965926 0.258729 0.006837
f 1585/1/397 1586/2/397 1587/3/397 1588/4/397
v 0.538971 1.161744 -3.704987
v 0.538971 1.167481 -3.922117
v 0.522500 1.183948 -3.921760
v 0.522500 1.178208 -3.704520
vn 0.707106 0.706861 0.018678
f 1589/1/398 1590/2/398 1591/3/398 1592/4/398
v 0.522500 1.178208 -3.704520
v 0.522500 1.183948 -3.921760
v 0.500000 1.189976 -3.921629
v 0.500000 1.184235 -3.704349
vn 0.258819 0.965589 0.025515
f 1593/1/399 1594/2/399 1595/3/399 1596/4/399
v 0.500000 1.184235 -3.704349
v 0.500000 1.189976 -3.921629
v 0.477500 1.183948 -3.921760
v 0.477500 1.178208 -3.704520
vn -0.258819 0.965589 0.025514
f 1597/1/400 1598/2/400 1599/3/400 1600/4/400
v 0.477500 1.178208 -3.704520
v 0.477500 1.183948 -3.921760
v 0.461029 1.167481 -3.922117
v 0.461029 1.161744 -3.704987
vn -0.707106 0.706861 0.018678
f 1601/1/401 1602/2/401 1603/3/401 1604/4/401
v 0.461029 1.161744 -3.704987
v 0.461029 1.167481 -3.922117
v 0.455000 1.144987 -3.922604
v 0.455000 1.139253 -3.705625
vn -0.965926 0.258729 0.006837
f 1605/1/402 1606/2/402 1607/3/402 1608/4/402
v 0.455000 1.139253 -3.705625
v 0.455000 1.144987 -3.922604
v 0.461029 1.122492 -3.923092
v 0.461029 1.116762 -3.706263
vn -0.965926 -0.258729 -0.006837
f 1609/1/403 1610/2/403 1611/3/403 1612/4/403
v 0.461029 1.116762 -3.706263
v 0.461029 1.122492 -3.923092
v 0.477500 1.106025 -3.923449
v 0.477500 1.100297 -3.706730
vn -0.707106 -0.706861 -0.018680
f 1613/1/404 1614/2/404 1615/3/404 1616/4/404
v 0.477500 1.100297 -3.706730
v 0.477500 1.106025 -3.923449
v 0.500000 1.099997 -3.923579
v 0.500000 1.094271 -3.706901
vn -0.258819 -0.965589 -0.025518
f 1617/1/405 1618/2/405 1619/3/405 1620/4/405
v 0.500000 1.094271 -3.706901
v 0.500000 1.099997 -3.923579
v 0.522500 1.106025 -3.923449
v 0.522500 1.100297 -3.706730
vn 0.258819 -0.965589 -0.025518
f 1621/1/406 1622/2/406 1623/3/406 1624/4/406
v 0.522500 1.100297 -3.706730
v 0.522500 1.106025 -3.923449
v 0.538971 1.122492 -3.923092
v 0.538971 1.116762 -3.706263
vn 0.707106 -0.706861 -0.018680
f 1625/1/407 1626/2/407 1627/3/407 1628/4/407
v 0.538971 1.116762 -3.706263
v 0.538971 1.122492 -3.923092
v 0.545000 1.144987 -3.922604
v 0.545000 1.139253 -3.705625
vn 0.965926 -0.258729 -0.006837
f 1629/1/408 1630/2/408 1631/3/408 1632/4/408
v 0.545000 1.144987 -3.922604
v 0.545000 1.148660 -4.139583
v 0.538971 1.171158 -4.139275
v 0.538971 1.167481 -3.922117
vn 0.965925 0.258785 0.004381
f 1633/1/409 1634/2/409 1635/3/409 1636/4/409
v 0.538971 1.167481 -3.922117
v 0.538971 1.171158 -4.139275
v 0.522500 1.187627 -4.139049
v 0.522500 1.183948 -3.921760
vn 0.707103 0.707009 0.011970
f 1637/1/410 1638/2/410 1639/3/410 1640/4/410
v 0.522500 1.183948 -3.921760
v 0.522500 1.187627 -4.139049
v 0.500000 1.193656 -4.138966
v 0.500000 1.189976 -3.921629
vn 0.258816 0.965788 0.016351
f 1641/1/411 1642/2/411 1643/3/411 1644/4/411
v 0.500000 1.189976 -3.921629
v 0.500000 1.193656 -4.138966
v 0.477500 1.187627 -4.139049
v 0.477500 1.183948 -3.921760
vn -0.258816 0.965788 0.016352
f 1645/1/412 1646/2/412 1647/3/412 1648/4/412
v 0.477500 1.183948 -3.921760
v 0.477500 1.187627 -4.139049
v 0.461029 1.171158 -4.139275
v 0.461029 1.167481 -3.922117
vn -0.707103 0.707009 0.011970
f 1649/1/413 1650/2/413 1651/3/413 1652/4/413
v 0.461029 1.167481 -3.922117
v 0.461029 1.171158 -4.139275
v 0.455000 1.148660 -4.139583
v 0.455000 1.144987 -3.922604
vn -0.965925 0.258785 0.004381
f 1653/1/414 1654/2/414 1655/3/414 1656/4/414
v 0.455000 1.144987 -3.922604
v 0.455000 1.148660 -4.139583
v 0.461029 1.126162 -4.139892
v 0.461029 1.122492 -3.923092
vn -0.965925 -0.258785 -0.004381
f 1657/1/415 1658/2/415 1659/3/415 1660/4/415
v 0.461029 1.122492 -3.923092
v 0.461029 1.126162 -4.139892
v 0.477500 1.109692 -4.140118
v 0.477500 1.106025 -3.923449
vn -0.707103 -0.707009 -0.011969
f 1661/1/416 1662/2/416 1663/3/416 1664/4/416
v 0.477500 1.106025 -3.923449
v 0.477500 1.109692 -4.140118
v 0.500000 1.103664 -4.140200
v 0.500000 1.099997 -3.923579
vn -0.258816 -0.965788 -0.016349
f 1665/1/417 1666/2/417 1667/3/417 1668/4/417
v 0.500000 1.099997 -3.923579
v 0.500000 1.103664 -4.140200
v 0.522500 1.109692 -4.140118
v 0.522500 1.106025 -3.923449
vn 0.258816 -0.965788 -0.016349
f 1669/1/418 1670/2/418 1671/3/418 1672/4/418
v 0.522500 1.106025 -3.923449
v 0.522500 1.109692 -4.140118
v 0.538971 1.126162 -4.139892
v 0.538971 1.122492 -3.923092
vn 0.707103 -0.707009 -0.011969
f 1673/1/419 1674/2/419 1675/3/419 1676/4/419
v 0.538971 1.122492 -3.923092
v 0.538971 1.126162 -4.139892
v 0.545000 1.148660 -4.139583
v 0.545000 1.144987 -3.922604
vn 0.965925 -0.258785 -0.004381
f 1677/1/420 1678/2/420 1679/3/420 1680/4/420
v 0.545000 1.148660 -4.139583
v 0.545000 1.150938 -4.356563
v 0.538971 1.173437 -4.356363
v 0.538971 1.171158 -4.139275
vn 0.965925 0.258806 0.002717
f 1681/1/421 1682/2/421 1683/3/421 1684/4/421
v 0.538971 1.171158 -4.139275
v 0.538971 1.173437 -4.356363
v 0.522500 1.189908 -4.356217
v 0.522500 1.187627 -4.139049
vn 0.707105 0.707070 0.007424
f 1685/1/422 1686/2/422 1687/3/422 1688/4/422
v 0.522500 1.187627 -4.139049
v 0.522500 1.189908 -4.356217
v 0.500000 1.195936 -4.356164
v 0.500000 1.193656 -4.138966
vn 0.258818 0.965873 0.010142
f 1689/1/423 1690/2/423 1691/3/423 1692/4/423
v 0.500000 1.193656 -4.138966
v 0.500000 1.195936 -4.356164
v 0.477500 1.189908 -4.356217
v 0.477500 1.187627 -4.139049
vn -0.258818 0.965873 0.010142
f 1693/1/424 1694/2/424 1695/3/424 1696/4/424
v 0.477500 1.187627 -4.139049
v 0.477500 1.189908 -4.356217
v 0.461029 1.173437 -4.356363
v 0.461029 1.171158 -4.139275
vn -0.707105 0.707070 0.007424
f 1697/1/425 1698/2/425 1699/3/425 1700/4/425
v 0.461029 1.171158 -4.139275
v 0.461029 1.173437 -4.356363
v 0.455000 1.150938 -4.356563
v 0.455000 1.148660 -4.139583
vn -0.965925 0.258806 0.002717
f 1701/1/426 1702/2/426 1703/3/426 1704/4/426
v 0.455000 1.148660 -4.139583
v 0.455000 1.150938 -4.356563
v 0.461029 1.128439 -4.356762
v 0.461029 1.126162 -4.139892
vn -0.965925 -0.258806 -0.002717
f 1705/1/427 1706/2/427 1707/3/427 1708/4/427
v 0.461029 1.126162 -4.139892
v 0.461029 1.128439 -4.356762
v 0.477500 1.111968 -4.356908
v 0.477500 1.109692 -4.140118
vn -0.707105 -0.707070 -0.007424
f 1709/1/428 1710/2/428 1711/3/428 1712/4/428
v 0.477500 1.109692 -4.140118
v 0.477500 1.111968 -4.356908
v 0.500000 1.105940 -4.356961
v 0.500000 1.103664 -4.140200
vn -0.258818 -0.965873 -0.010141
f 1713/1/429 1714/2/429 1715/3/429 1716/4/429
v 0.500000 1.103664 -4.140200
v 0.500000 1.105940 -4.356961
v 0.522500 1.111968 -4.356908
v 0.522500 1.109692 -4.140118
vn 0.258818 -0.965873 -0.010140
f 1717/1/430 1718/2/430 1719/3/430 1720/4/430
v 0.522500 1.109692 -4.140118
v 0.522500 1.111968 -4.356908
v 0.538971 1.128439 -4.356762
v 0.538971 1.126162 -4.139892
vn 0.707105 -0.707070 -0.007423
f 1721/1/431 1722/2/431 1723/3/431 1724/4/431
v 0.538971 1.126162 -4.139892
v 0.538971 1.128439 -4.356762
v 0.545000 1.150938 -4.356563
v 0.545000 1.148660 -4.139583
vn 0.965925 -0.258806 -0.002717
f 1725/1/432 1726/2/432 1727/3/432 1728/4/432
v 0.545000 1.150938 -4.356563
v 0.545000 1.152506 -4.573542
v 0.538971 1.175005 -4.573380
v 0.538971 1.173437 -4.356363
vn 0.965926 0.258813 0.001870
f 1729/1/433 1730/2/433 1731/3/433 1732/4/433
v 0.538971 1.173437 -4.356363
v 0.538971 1.175005 -4.573380
v 0.522500 1.191476 -4.573262
v 0.522500 1.189908 -4.356217
vn 0.707106 0.707089 0.005109
f 1733/1/434 1734/2/434 1735/3/434 1736/4/434
v 0.522500 1.189908 -4.356217
v 0.522500 1.191476 -4.573262
v 0.500000 1.197505 -4.573219
v 0.500000 1.195936 -4.356164
vn 0.258819 0.965901 0.006980
f 1737/1/435 1738/2/435 1739/3/435 1740/4/435
v 0.500000 1.195936 -4.356164
v 0.500000 1.197505 -4.573219
v 0.477500 1.191476 -4.573262
v 0.477500 1.189908 -4.356217
vn -0.258819 0.965901 0.006980
f 1741/1/436 1742/2/436 1743/3/436 1744/4/436
v 0.477500 1.189908 -4.356217
v 0.477500 1.191476 -4.573262
v 0.461029 1.175005 -4.573380
v 0.461029 1.173437 -4.356363
vn -0.707106 0.707089 0.005109
f 1745/1/437 1746/2/437 1747/3/437 1748/4/437
v 0.461029 1.173437 -4.356363
v 0.461029 1.175005 -4.573380
v 0.455000 1.152506 -4.573542
v 0.455000 1.150938 -4.356563
vn -0.965926 0.258813 0.001870
f 1749/1/438 1750/2/438 1751/3/438 1752/4/438
v 0.455000 1.150938 -4.356563
v 0.455000 1.152506 -4.573542
v 0.461029 1.130006 -4.573703
v 0.461029 1.128439 -4.356762
vn -0.965926 -0.258813 -0.001870
f 1753/1/439 1754/2/439 1755/3/439 1756/4/439
v 0.461029 1.128439 -4.356762
v 0.461029 1.130006 -4.573703
v 0.477500 1.113536 -4.573821
v 0.477500 1.111968 -4.356908
vn -0.707106 -0.707089 -0.005109
f 1757/1/440 1758/2/440 1759/3/440 1760/4/440
v 0.477500 1.111968 -4.356908
v 0.477500 1.113536 -4.573821
v 0.500000 1.107507 -4.573864
v 0.500000 1.105940 -4.356961
vn -0.258819 -0.965901 -0.006979
f 1761/1/441 1762/2/441 1763/3/441 1764/4/441
v 0.500000 1.105940 -4.356961
v 0.500000 1.107507 -4.573864
v 0.522500 1.113536 -4.573821
v 0.522500 1.111968 -4.356908
vn 0.258819 -0.965901 -0.006979
f 1765/1/442 1766/2/442 1767/3/442 1768/4/442
v 0.522500 1.111968 -4.356908
v 0.522500 1.113536 -4.573821
v 0.538971 1.130006 -4.573703
v 0.538971 1.128439 -4.356762
vn 0.707106 -0.707089 -0.005109
f 1769/1/443 1770/2/443 1771/3/443 1772/4/443
v 0.538971 1.128439 -4.356762
v 0.538971 1.130006 -4.573703
v 0.545000 1.152506 -4.573542
v 0.545000 1.150938 -4.356563
vn 0.965926 -0.258813 -0.001870
f 1773/1/444 1774/2/444 1775/3/444 1776/4/444
v 0.545000 1.152506 -4.573542
v 0.545000 1.154048 -4.790521
v 0.538971 1.176547 -4.790327
v 0.538971 1.175005 -4.573380
vn 0.965926 0.258813 0.001840
f 1777/1/445 1778/2/445 1779/3/445 1780/4/445
v 0.538971 1.175005 -4.573380
v 0.538971 1.176547 -4.790327
v 0.522500 1.193018 -4.790185
v 0.522500 1.191476 -4.573262
vn 0.707107 0.707089 0.005026
f 1781/1/446 1782/2/446 1783/3/446 1784/4/446
v 0.522500 1.191476 -4.573262
v 0.522500 1.193018 -4.790185
v 0.500000 1.199047 -4.790133
v 0.500000 1.197505 -4.573219
vn 0.258819 0.965901 0.006866
f 1785/1/447 1786/2/447 1787/3/447 1788/4/447
v 0.500000 1.197505 -4.573219
v 0.500000 1.199047 -4.790133
v 0.477500 1.193018 -4.790185
v 0.477500 1.191476 -4.573262
vn -0.258819 0.965901 0.006866
f 1789/1/448 1790/2/448 1791/3/448 1792/4/448
v 0.477500 1.191476 -4.573262
v 0.477500 1.193018 -4.790185
v 0.461029 1.176547 -4.790327
v 0.461029 1.175005 -4.573380
vn -0.707107 0.707089 0.005026
f 1793/1/449 1794/2/449 1795/3/449 1796/4/449
v 0.461029 1.175005 -4.573380
v 0.461029 1.176547 -4.790327
v 0.455000 1.154048 -4.790521
v 0.455000 1.152506 -4.573542
vn -0.965926 0.258813 0.001840
f 1797/1/450 1798/2/450 1799/3/450 1800/4/450
v 0.455000 1.152506 -4.573542
v 0.455000 1.154048 -4.790521
v 0.461029 1.131549 -4.790715
v 0.461029 1.130006 -4.573703
vn -0.965926 -0.258813 -0.001840
f 1801/1/451 1802/2/451 1803/3/451 1804/4/451
v 0.461029 1.130006 -4.573703
v 0.461029 1.131549 -4.790715
v 0.477500 1.115079 -4.790857
v 0.477500 1.113536 -4.573821
vn -0.707107 -0.707089 -0.005026
f 1805/1/452 1806/2/452 1807/3/452 1808/4/452
v 0.477500 1.113536 -4.573821
v 0.477500 1.115079 -4.790857
v 0.500000 1.109050 -4.790909
v 0.500000 1.107507 -4.573864
vn -0.258819 -0.965901 -0.006866
f 1809/1/453 1810/2/453 1811/3/453 1812/4/453
v 0.500000 1.107507 -4.573864
v 0.500000 1.109050 -4.790909
v 0.522500 1.115079 -4.790857
v 0.522500 1.113536 -4.573821
vn 0.258819 -0.965901 -0.006866
f 1813/1/454 1814/2/454 1815/3/454 1816/4/454
v 0.522500 1.113536 -4.573821
v 0.522500 1.115079 -4.790857
v 0.538971 1.131549 -4.790715
v 0.538971 1.130006 -4.573703
vn 0.707107 -0.707089 -0.005026
f 1817/1/455 1818/2/455 1819/3/455 1820/4/455
v 0.538971 1.130006 -4.573703
v 0.538971 1.131549 -4.790715
v 0.545000 1.154048 -4.790521
v 0.545000 1.152506 -4.573542
vn 0.965926 -0.258813 -0.001840
f 1821/1/456 1822/2/456 1823/3/456 1824/4/456
v 0.545000 1.154048 -4.790521
v 0.545000 1.156250 -5.007500
v 0.538971 1.178749 -5.007272
v 0.538971 1.176547 -4.790327
vn 0.965926 0.258806 0.002626
f 1825/1/457 1826/2/457 1827/3/457 1828/4/457
v 0.538971 1.176547 -4.790327
v 0.538971 1.178749 -5.007272
v 0.522500 1.195219 -5.007105
v 0.522500 1.193018 -4.790185
vn 0.707106 0.707071 0.007175
f 1829/1/458 1830/2/458 1831/3/458 1832/4/458
v 0.522500 1.193018 -4.790185
v 0.522500 1.195219 -5.007105
v 0.500000 1.201248 -5.007043
v 0.500000 1.199047 -4.790133
vn 0.258819 0.965876 0.009801
f 1833/1/459 1834/2/459 1835/3/459 1836/4/459
v 0.500000 1.199047 -4.790133
v 0.500000 1.201248 -5.007043
v 0.477500 1.195219 -5.007105
v 0.477500 1.193018 -4.790185
vn -0.258819 0.965876 0.009801
f 1837/1/460 1838/2/460 1839/3/460 1840/4/460
v 0.477500 1.193018 -4.790185
v 0.477500 1.195219 -5.007105
v 0.461029 1.178749 -5.007272
v 0.461029 1.176547 -4.790327
vn -0.707106 0.707071 0.007175
f 1841/1/461 1842/2/461 1843/3/461 1844/4/461
v 0.461029 1.176547 -4.790327
v 0.461029 1.178749 -5.007272
v 0.455000 1.156250 -5.007500
v 0.455000 1.154048 -4.790521
vn -0.965926 0.258806 0.002626
f 1845/1/462 1846/2/462 1847/3/462 1848/4/462
v 0.455000 1.154048 -4.790521
v 0.455000 1.156250 -5.007500
v 0.461029 1.133751 -5.007728
v 0.461029 1.131549 -4.790715
vn -0.965926 -0.258806 -0.002626
f 1849/1/463 1850/2/463 1851/3/463 1852/4/463
v 0.461029 1.131549 -4.790715
v 0.461029 1.133751 -5.007728
v 0.477500 1.117281 -5.007895
v 0.477500 1.115079 -4.790857
vn -0.707106 -0.707071 -0.007175
f 1853/1/464 1854/2/464 1855/3/464 1856/4/464
v 0.477500 1.115079 -4.790857
v 0.477500 1.117281 -5.007895
v 0.500000 1.111252 -5.007957
v 0.500000 1.109050 -4.790909
vn -0.258819 -0.965876 -0.009801
f 1857/1/465 1858/2/465 1859/3/465 1860/4/465
v 0.500000 1.109050 -4.790909
v 0.500000 1.111252 -5.007957
v 0.522500 1.117281 -5.007895
v 0.522500 1.115079 -4.790857
vn 0.258819 -0.965876 -0.009801
f 1861/1/466 1862/2/466 1863/3/466 1864/4/466
v 0.522500 1.115079 -4.790857
v 0.522500 1.117281 -5.007895
v 0.538971 1.133751 -5.007728
v 0.538971 1.131549 -4.790715
vn 0.707106 -0.707071 -0.007175
f 1865/1/467 1866/2/467 1867/3/467 1868/4/467
v 0.538971 1.131549 -4.790715
v 0.538971 1.133751 -5.007728
v 0.545000 1.156250 -5.007500
v 0.545000 1.154048 -4.790521
vn 0.965926 -0.258806 -0.002626
f 1869/1/468 1870/2/468 1871/3/468 1872/4/468
v 0.545000 1.156250 -5.007500
v 0.500000 1.201248 -5.007043
v 0.522500 1.195219 -5.007105
v 0.538971 1.178749 -5.007272
vn 0.000000 0.010147 -0.999949
f 1873/1/469 1874/2/469 1875/3/469 1876/4/469
v 0.545000 1.156250 -5.007500
v 0.461029 1.178749 -5.007272
v 0.477500 1.195219 -5.007105
v 0.500000 1.201248 -5.007043
vn -0.000000 0.010147 -0.999949
f 1877/1/470 1878/2/470 1879/3/470 1880/4/470
v 0.545000 1.156250 -5.007500
v 0.461029 1.133751 -5.007728
v 0.455000 1.156250 -5.007500
v 0.461029 1.178749 -5.007272
vn 0.000000 0.010147 -0.999949
f 1881/1/471 1882/2/471 1883/3/471 1884/4/471
v 0.545000 1.156250 -5.007500
v 0.500000 1.111252 -5.007957
v 0.477500 1.117281 -5.007895
v 0.461029 1.133751 -5.007728
vn 0.000000 0.010147 -0.999949
f 1885/1/472 1886/2/472 1887/3/472 1888/4/472
v 0.545000 1.156250 -5.007500
v 0.538971 1.133751 -5.007728
v 0.522500 1.117281 -5.007895
v 0.500000 1.111252 -5.007957
vn -0.000000 0.010147 -0.999949
f 1889/1/473 1890/2/473 1891/3/473 1892/4/473
v 0.534000 1.156124 -4.997500
v 0.534000 1.156250 -5.060833
v 0.529445 1.173250 -5.060816
v 0.529445 1.173124 -4.997466
vn 0.965926 0.258819 0.000514
f 1893/1/474 1894/2/474 1895/3/474 1896/4/474
v 0.529445 1.173124 -4.997466
v 0.529445 1.173250 -5.060816
v 0.517000 1.185695 -5.060804
v 0.517000 1.185569 -4.997442
vn 0.707107 0.707105 0.001404
f 1897/1/475 1898/2/475 1899/3/475 1900/4/475
v 0.517000 1.185569 -4.997442
v 0.517000 1.185695 -5.060804
v 0.500000 1.190250 -5.060800
v 0.500000 1.190124 -4.997432
vn 0.258819 0.965924 0.001918
f 1901/1/476 1902/2/476 1903/3/476 1904/4/476
v 0.500000 1.190124 -4.997432
v 0.500000 1.190250 -5.060800
v 0.483000 1.185695 -5.060804
v 0.483000 1.185569 -4.997442
vn -0.258819 0.965924 0.001918
f 1905/1/477 1906/2/477 1907/3/477 1908/4/477
v 0.483000 1.185569 -4.997442
v 0.483000 1.185695 -5.060804
v 0.470555 1.173250 -5.060816
v 0.470555 1.173124 -4.997466
vn -0.707107 0.707105 0.001404
f 1909/1/478 1910/2/478 1911/3/478 1912/4/478
v 0.470555 1.173124 -4.997466
v 0.470555 1.173250 -5.060816
v 0.466000 1.156250 -5.060833
v 0.466000 1.156124 -4.997500
vn -0.965926 0.258819 0.000514
f 1913/1/479 1914/2/479 1915/3/479 1916/4/479
v 0.466000 1.156124 -4.997500
v 0.466000 1.156250 -5.060833
v 0.470555 1.139250 -5.060850
v 0.470555 1.139124 -4.997534
vn -0.965926 -0.258819 -0.000514
f 1917/1/480 1918/2/480 1919/3/480 1920/4/480
v 0.470555 1.139124 -4.997534
v 0.470555 1.139250 -5.060850
v 0.483000 1.126805 -5.060863
v 0.483000 1.126679 -4.997558
vn -0.707107 -0.707105 -0.001404
f 1921/1/481 1922/2/481 1923/3/481 1924/4/481
v 0.483000 1.126679 -4.997558
v 0.483000 1.126805 -5.060863
v 0.500000 1.122250 -5.060867
v 0.500000 1.122124 -4.997568
vn -0.258819 -0.965924 -0.001918
f 1925/1/482 1926/2/482 1927/3/482 1928/4/482
v 0.500000 1.122124 -4.997568
v 0.500000 1.122250 -5.060867
v 0.517000 1.126805 -5.060863
v 0.517000 1.126679 -4.997558
vn 0.258819 -0.965924 -0.001918
f 1929/1/483 1930/2/483 1931/3/483 1932/4/483
v 0.517000 1.126679 -4.997558
v 0.517000 1.126805 -5.060863
v 0.529445 1.139250 -5.060850
v 0.529445 1.139124 -4.997534
vn 0.707107 -0.707105 -0.001404
f 1933/1/484 1934/2/484 1935/3/484 1936/4/484
v 0.529445 1.139124 -4.997534
v 0.529445 1.139250 -5.060850
v 0.534000 1.156250 -5.060833
v 0.534000 1.156124 -4.997500
vn 0.965926 -0.258819 -0.000514
f 1937/1/485 1938/2/485 1939/3/485 1940/4/485
v 0.534000 1.156250 -5.060833
v 0.534000 1.156250 -5.124167
v 0.529445 1.173250 -5.124167
v 0.529445 1.173250 -5.060816
vn 0.965926 0.258819 0.000000
f 1941/1/486 1942/2/486 1943/3/486 1944/4/486
v 0.529445 1.173250 -5.060816
v 0.529445 1.173250 -5.124167
v 0.517000 1.185695 -5.124167
v 0.517000 1.185695 -5.060804
vn 0.707107 0.707107 0.000000
f 1945/1/487 1946/2/487 1947/3/487 1948/4/487
v 0.517000 1.185695 -5.060804
v 0.517000 1.185695 -5.124167
v 0.500000 1.190250 -5.124167
v 0.500000 1.190250 -5.060800
vn 0.258819 0.965926 0.000000
f 1949/1/488 1950/2/488 1951/3/488 1952/4/488
v 0.500000 1.190250 -5.060800
v 0.500000 1.190250 -5.124167
v 0.483000 1.185695 -5.124167
v 0.483000 1.185695 -5.060804
vn -0.258819 0.965926 0.000000
f 1953/1/489 1954/2/489 1955/3/489 1956/4/489
v 0.483000 1.185695 -5.060804
v 0.483000 1.185695 -5.124167
v 0.470555 1.173250 -5.124167
v 0.470555 1.173250 -5.060816
vn -0.707107 0.707107 0.000000
f 1957/1/490 1958/2/490 1959/3/490 1960/4/490
v 0.470555 1.173250 -5.060816
v 0.470555 1.173250 -5.124167
v 0.466000 1.156250 -5.124167
v 0.466000 1.156250 -5.060833
vn -0.965926 0.258819 0.000000
f 1961/1/491 1962/2/491 1963/3/491 1964/4/491
v 0.466000 1.156250 -5.060833
v 0.466000 1.156250 -5.124167
v 0.470555 1.139250 -5.124167
v 0.470555 1.139250 -5.060850
vn -0.965926 -0.258819 -0.000000
f 1965/1/492 1966/2/492 1967/3/492 1968/4/492
v 0.470555 1.139250 -5.060850
v 0.470555 1.139250 -5.124167
v 0.483000 1.126805 -5.124167
v 0.483000 1.126805 -5.060863
vn -0.707107 -0.707107 0.000000
f 1969/1/493 1970/2/493 1971/3/493 1972/4/493
v 0.483000 1.126805 -5.060863
v 0.483000 1.126805 -5.124167
v 0.500000 1.122250 -5.124167
v 0.500000 1.122250 -5.060867
vn -0.258819 -0.965926 0.000000
f 1973/1/494 1974/2/494 1975/3/494 1976/4/494
v 0.500000 1.122250 -5.060867
v 0.500000 1.122250 -5.124167
v 0.517000 1.126805 -5.124167
v 0.517000 1.126805 -5.060863
vn 0.258819 -0.965926 0.000000
f 1977/1/495 1978/2/495 1979/3/495 1980/4/495
v 0.517000 1.126805 -5.060863
v 0.517000 1.126805 -5.124167
v 0.529445 1.139250 -5.124167
v 0.529445 1.139250 -5.060850
vn 0.707107 -0.707107 0.000000
f 1981/1/496 1982/2/496 1983/3/496 1984/4/496
v 0.529445 1.139250 -5.060850
v 0.529445 1.139250 -5.124167
v 0.534000 1.156250 -5.124167
v 0.534000 1.156250 -5.060833
vn 0.965926 -0.258819 0.000000
f 1985/1/497 1986/2/497 1987/3/497 1988/4/497
v 0.534000 1.156250 -5.124167
v 0.534000 1.156250 -5.187500
v 0.529445 1.173250 -5.187500
v 0.529445 1.173250 -5.124167
vn 0.965926 0.258819 0.000000
f 1989/1/498 1990/2/498 1991/3/498 1992/4/498
v 0.529445 1.173250 -5.124167
v 0.529445 1.173250 -5.187500
v 0.517000 1.185695 -5.187500
v 0.517000 1.185695 -5.124167
vn 0.707107 0.707107 0.000000
f 1993/1/499 1994/2/499 1995/3/499 1996/4/499
v 0.517000 1.185695 -5.124167
v 0.517000 1.185695 -5.187500
v 0.500000 1.190250 -5.187500
v 0.500000 1.190250 -5.124167
vn 0.258819 0.965926 0.000000
f 1997/1/500 1998/2/500 1999/3/500 2000/4/500
v 0.500000 1.190250 -5.124167
v 0.500000 1.190250 -5.187500
v 0.483000 1.185695 -5.187500
v 0.483000 1.185695 -5.124167
vn -0.258819 0.965926 0.000000
f 2001/1/501 2002/2/501 2003/3/501 2004/4/501
v 0.483000 1.185695 -5.124167
v 0.483000 1.185695 -5.187500
v 0.470555 1.173250 -5.187500
v 0.470555 1.173250 -5.124167
vn -0.707107 0.707107 0.000000
f 2005/1/502 2006/2/502 2007/3/502 2008/4/502
v 0.470555 1.173250 -5.124167
v 0.470555 1.173250 -5.187500
v 0.466000 1.156250 -5.187500
v 0.466000 1.156250 -5.124167
vn -0.965926 0.258819 0.000000
f 2009/1/503 2010/2/503 2011/3/503 2012/4/503
v 0.466000 1.156250 -5.124167
v 0.466000 1.156250 -5.187500
v 0.470555 1.139250 -5.187500
v 0.470555 1.139250 -5.124167
vn -0.965926 -0.258819 -0.000000
f 2013/1/504 2014/2/504 2015/3/504 2016/4/504
v 0.470555 1.139250 -5.124167
v 0.470555 1.139250 -5.187500
v 0.483000 1.126805 -5.187500
v 0.483000 1.126805 -5.124167
vn -0.707107 -0.707107 -0.000000
f 2017/1/505 2018/2/505 2019/3/505 2020/4/505
v 0.483000 1.126805 -5.124167
v 0.483000 1.126805 -5.187500
v 0.500000 1.122250 -5.187500
v 0.500000 1.122250 -5.124167
vn -0.258819 -0.965926 -0.000000
f 2021/1/506 2022/2/506 2023/3/506 2024/4/506
v 0.500000 1.122250 -5.124167
v 0.500000 1.122250 -5.187500
v 0.517000 1.126805 -5.187500
v 0.517000 1.126805 -5.124167
vn 0.258819 -0.965926 0.000000
f 2025/1/507 2026/2/507 2027/3/507 2028/4/507
v 0.517000 1.126805 -5.124167
v 0.517000 1.126805 -5.187500
v 0.529445 1.139250 -5.187500
v 0.529445 1.139250 -5.124167
vn 0.707107 -0.707107 0.000000
f 2029/1/508 2030/2/508 2031/3/508 2032/4/508
v 0.529445 1.139250 -5.124167
v 0.529445 1.139250 -5.187500
v 0.534000 1.156250 -5.187500
v 0.534000 1.156250 -5.124167
vn 0.965926 -0.258819 0.000000
f 2033/1/509 2034/2/509 2035/3/509 2036/4/509
v 0.534000 1.156250 -5.187500
v 0.500000 1.190250 -5.187500
v 0.517000 1.185695 -5.187500
v 0.529445 1.173250 -5.187500
vn 0.000000 0.000000 -1.000000
f 2037/1/510 2038/2/510 2039/3/510 2040/4/510
v 0.534000 1.156250 -5.187500
v 0.470555 1.173250 -5.187500
v 0.483000 1.185695 -5.187500
v 0.500000 1.190250 -5.187500
vn 0.000000 0.000000 -1.000000
f 2041/1/511 2042/2/511 2043/3/511 2044/4/511
v 0.534000 1.156250 -5.187500
v 0.470555 1.139250 -5.187500
v 0.466000 1.156250 -5.187500
v 0.470555 1.173250 -5.187500
vn -0.000000 0.000000 -1.000000
f 2045/1/512 2046/2/512 2047/3/512 2048/4/512
v 0.534000 1.156250 -5.187500
v 0.500000 1.122250 -5.187500
v 0.483000 1.126805 -5.187500
v 0.470555 1.139250 -5.187500
vn 0.000000 0.000000 -1.000000
f 2049/1/513 2050/2/513 2051/3/513 2052/4/513
v 0.534000 1.156250 -5.187500
v 0.529445 1.139250 -5.187500
v 0.517000 1.126805 -5.187500
v 0.500000 1.122250 -5.187500
vn 0.000000 0.000000 -1.000000
f 2053/1/514 2054/2/514 2055/3/514 2056/4/514
usemtl clamp
v 0.500000 1.160068 -4.958750
v 0.500000 1.285068 -4.958750
v 0.531250 1.285068 -4.927500
v 0.531250 1.160068 -4.927500
vn 0.707107 0.000000 -0.707107
f 2057/1/515 2058/2/515 2059/3/515 2060/4/515
v 0.531250 1.160068 -4.927500
v 0.531250 1.285068 -4.927500
v 0.500000 1.285068 -4.896250
v 0.500000 1.160068 -4.896250
vn 0.707107 -0.000000 0.707107
f 2061/1/516 2062/2/516 2063/3/516 2064/4/516
v 0.500000 1.160068 -4.896250
v 0.500000 1.285068 -4.896250
v 0.468750 1.285068 -4.927500
v 0.468750 1.160068 -4.927500
vn -0.707107 0.000000 0.707107
f 2065/1/517 2066/2/517 2067/3/517 2068/4/517
v 0.468750 1.160068 -4.927500
v 0.468750 1.285068 -4.927500
v 0.500000 1.285068 -4.958750
v 0.500000 1.160068 -4.958750
vn -0.707107 0.000000 -0.707107
f 2069/1/518 2070/2/518 2071/3/518 2072/4/518
v 0.500000 1.285068 -4.958750
v 0.468750 1.285068 -4.927500
v 0.500000 1.285068 -4.896250
v 0.531250 1.285068 -4.927500
vn 0.000000 1.000000 -0.000000
f 2073/1/519 2074/2/519 2075/3/519 2076/4/519
usemtl porcelain
v 0.406250 1.285068 -4.833750
v 0.593750 1.285068 -4.833750
v 0.593750 1.472568 -4.833750
v 0.406250 1.472568 -4.833750
vn 0.000000 0.000000 1.000000
f 2077/1/520 2078/2/520 2079/3/520 2080/4/520
v 0.593750 1.285068 -5.021250
v 0.406250 1.285068 -5.021250
v 0.406250 1.472568 -5.021250
v 0.593750 1.472568 -5.021250
vn 0.000000 0.000000 -1.000000
f 2081/1/521 2082/2/521 2083/3/521 2084/4/521
v 0.593750 1.285068 -4.833750
v 0.593750 1.285068 -5.021250
v 0.593750 1.472568 -5.021250
v 0.593750 1.472568 -4.833750
vn 1.000000 -0.000000 0.000000
f 2085/1/522 2086/2/522 2087/3/522 2088/4/522
v 0.406250 1.285068 -5.021250
v 0.406250 1.285068 -4.833750
v 0.406250 1.472568 -4.833750
v 0.406250 1.472568 -5.021250
vn -1.000000 0.000000 0.000000
f 2089/1/523 2090/2/523 2091/3/523 2092/4/523
v 0.406250 1.472568 -4.833750
v 0.593750 1.472568 -4.833750
v 0.593750 1.472568 -5.021250
v 0.406250 1.472568 -5.021250
vn -0.000000 1.000000 0.000000
f 2093/1/524 2094/2/524 2095/3/524 2096/4/524
v 0.406250 1.285068 -5.021250
v 0.593750 1.285068 -5.021250
v 0.593750 1.285068 -4.833750
v 0.406250 1.285068 -4.833750
vn 0.000000 -1.000000 0.000000
f 2097/1/525 2098/2/525 2099/3/525 2100/4/525
