# Generated by scripts/gen_pole_light_mounts.py
mtllib pole_light_mount.mtl
o pole_light_mount_8_straight_wired
vt 0 0
vt 1 0
vt 1 1
vt 0 1
usemtl clamp
v 0.312500 0.062500 1.000000
v 0.687500 0.062500 1.000000
v 0.687500 0.937500 1.000000
v 0.312500 0.937500 1.000000
vn 0.000000 0.000000 1.000000
f 1/1/1 2/2/1 3/3/1 4/4/1
v 0.687500 0.062500 0.900000
v 0.312500 0.062500 0.900000
v 0.312500 0.937500 0.900000
v 0.687500 0.937500 0.900000
vn 0.000000 0.000000 -1.000000
f 5/1/2 6/2/2 7/3/2 8/4/2
v 0.687500 0.062500 1.000000
v 0.687500 0.062500 0.900000
v 0.687500 0.937500 0.900000
v 0.687500 0.937500 1.000000
vn 1.000000 -0.000000 0.000000
f 9/1/3 10/2/3 11/3/3 12/4/3
v 0.312500 0.062500 0.900000
v 0.312500 0.062500 1.000000
v 0.312500 0.937500 1.000000
v 0.312500 0.937500 0.900000
vn -1.000000 0.000000 0.000000
f 13/1/4 14/2/4 15/3/4 16/4/4
v 0.312500 0.937500 1.000000
v 0.687500 0.937500 1.000000
v 0.687500 0.937500 0.900000
v 0.312500 0.937500 0.900000
vn -0.000000 1.000000 0.000000
f 17/1/5 18/2/5 19/3/5 20/4/5
v 0.312500 0.062500 0.900000
v 0.687500 0.062500 0.900000
v 0.687500 0.062500 1.000000
v 0.312500 0.062500 1.000000
vn 0.000000 -1.000000 0.000000
f 21/1/6 22/2/6 23/3/6 24/4/6
v 0.406250 0.110625 0.900000
v 0.593750 0.110625 0.900000
v 0.593750 0.329375 0.900000
v 0.406250 0.329375 0.900000
vn 0.000000 0.000000 1.000000
f 25/1/7 26/2/7 27/3/7 28/4/7
v 0.593750 0.110625 0.800000
v 0.406250 0.110625 0.800000
v 0.406250 0.329375 0.800000
v 0.593750 0.329375 0.800000
vn 0.000000 0.000000 -1.000000
f 29/1/8 30/2/8 31/3/8 32/4/8
v 0.593750 0.110625 0.900000
v 0.593750 0.110625 0.800000
v 0.593750 0.329375 0.800000
v 0.593750 0.329375 0.900000
vn 1.000000 -0.000000 0.000000
f 33/1/9 34/2/9 35/3/9 36/4/9
v 0.406250 0.110625 0.800000
v 0.406250 0.110625 0.900000
v 0.406250 0.329375 0.900000
v 0.406250 0.329375 0.800000
vn -1.000000 0.000000 0.000000
f 37/1/10 38/2/10 39/3/10 40/4/10
v 0.406250 0.329375 0.900000
v 0.593750 0.329375 0.900000
v 0.593750 0.329375 0.800000
v 0.406250 0.329375 0.800000
vn -0.000000 1.000000 0.000000
f 41/1/11 42/2/11 43/3/11 44/4/11
v 0.406250 0.110625 0.800000
v 0.593750 0.110625 0.800000
v 0.593750 0.110625 0.900000
v 0.406250 0.110625 0.900000
vn 0.000000 -1.000000 0.000000
f 45/1/12 46/2/12 47/3/12 48/4/12
v 0.468750 0.125000 0.900000
v 0.531250 0.125000 0.900000
v 0.531250 0.187500 0.900000
v 0.468750 0.187500 0.900000
vn 0.000000 0.000000 1.000000
f 49/1/13 50/2/13 51/3/13 52/4/13
v 0.531250 0.125000 0.880000
v 0.468750 0.125000 0.880000
v 0.468750 0.187500 0.880000
v 0.531250 0.187500 0.880000
vn 0.000000 0.000000 -1.000000
f 53/1/14 54/2/14 55/3/14 56/4/14
v 0.531250 0.125000 0.900000
v 0.531250 0.125000 0.880000
v 0.531250 0.187500 0.880000
v 0.531250 0.187500 0.900000
vn 1.000000 -0.000000 0.000000
f 57/1/15 58/2/15 59/3/15 60/4/15
v 0.468750 0.125000 0.880000
v 0.468750 0.125000 0.900000
v 0.468750 0.187500 0.900000
v 0.468750 0.187500 0.880000
vn -1.000000 0.000000 0.000000
f 61/1/16 62/2/16 63/3/16 64/4/16
v 0.468750 0.187500 0.900000
v 0.531250 0.187500 0.900000
v 0.531250 0.187500 0.880000
v 0.468750 0.187500 0.880000
vn -0.000000 1.000000 0.000000
f 65/1/17 66/2/17 67/3/17 68/4/17
v 0.468750 0.125000 0.880000
v 0.531250 0.125000 0.880000
v 0.531250 0.125000 0.900000
v 0.468750 0.125000 0.900000
vn 0.000000 -1.000000 0.000000
f 69/1/18 70/2/18 71/3/18 72/4/18
v 0.468750 0.812500 0.900000
v 0.531250 0.812500 0.900000
v 0.531250 0.875000 0.900000
v 0.468750 0.875000 0.900000
vn 0.000000 0.000000 1.000000
f 73/1/19 74/2/19 75/3/19 76/4/19
v 0.531250 0.812500 0.880000
v 0.468750 0.812500 0.880000
v 0.468750 0.875000 0.880000
v 0.531250 0.875000 0.880000
vn 0.000000 0.000000 -1.000000
f 77/1/20 78/2/20 79/3/20 80/4/20
v 0.531250 0.812500 0.900000
v 0.531250 0.812500 0.880000
v 0.531250 0.875000 0.880000
v 0.531250 0.875000 0.900000
vn 1.000000 -0.000000 0.000000
f 81/1/21 82/2/21 83/3/21 84/4/21
v 0.468750 0.812500 0.880000
v 0.468750 0.812500 0.900000
v 0.468750 0.875000 0.900000
v 0.468750 0.875000 0.880000
vn -1.000000 0.000000 0.000000
f 85/1/22 86/2/22 87/3/22 88/4/22
v 0.468750 0.875000 0.900000
v 0.531250 0.875000 0.900000
v 0.531250 0.875000 0.880000
v 0.468750 0.875000 0.880000
vn -0.000000 1.000000 0.000000
f 89/1/23 90/2/23 91/3/23 92/4/23
v 0.468750 0.812500 0.880000
v 0.531250 0.812500 0.880000
v 0.531250 0.812500 0.900000
v 0.468750 0.812500 0.900000
vn 0.000000 -1.000000 0.000000
f 93/1/24 94/2/24 95/3/24 96/4/24
usemtl metal
v 0.545000 0.220000 0.860000
v 0.545000 0.220000 0.800000
v 0.538971 0.242234 0.803450
v 0.538971 0.242500 0.860000
vn 0.965926 0.258819 0.000000
f 97/1/25 98/2/25 99/3/25 100/4/25
v 0.538971 0.242500 0.860000
v 0.538971 0.242234 0.803450
v 0.522500 0.258510 0.805976
v 0.522500 0.258971 0.860000
vn 0.707103 0.707103 -0.003327
f 101/1/26 102/2/26 103/3/26 104/4/26
v 0.522500 0.258971 0.860000
v 0.522500 0.258510 0.805976
v 0.500000 0.264468 0.806900
v 0.500000 0.265000 0.860000
vn 0.258810 0.965893 -0.008240
f 105/1/27 106/2/27 107/3/27 108/4/27
v 0.500000 0.265000 0.860000
v 0.500000 0.264468 0.806900
v 0.477500 0.258510 0.805976
v 0.477500 0.258971 0.860000
vn -0.258807 0.965881 -0.009680
f 109/1/28 110/2/28 111/3/28 112/4/28
v 0.477500 0.258971 0.860000
v 0.477500 0.258510 0.805976
v 0.461029 0.242234 0.803450
v 0.461029 0.242500 0.860000
vn -0.707094 0.707094 -0.006032
f 113/1/29 114/2/29 115/3/29 116/4/29
v 0.461029 0.242500 0.860000
v 0.461029 0.242234 0.803450
v 0.455000 0.220000 0.800000
v 0.455000 0.220000 0.860000
vn -0.965925 0.258819 -0.001218
f 117/1/30 118/2/30 119/3/30 120/4/30
v 0.455000 0.220000 0.860000
v 0.455000 0.220000 0.800000
v 0.461029 0.197766 0.796550
v 0.461029 0.197500 0.860000
vn -0.965926 -0.258819 -0.000000
f 121/1/31 122/2/31 123/3/31 124/4/31
v 0.461029 0.197500 0.860000
v 0.461029 0.197766 0.796550
v 0.477500 0.181490 0.794024
v 0.477500 0.181029 0.860000
vn -0.707104 -0.707104 -0.002965
f 125/1/32 126/2/32 127/3/32 128/4/32
v 0.477500 0.181029 0.860000
v 0.477500 0.181490 0.794024
v 0.500000 0.175532 0.793100
v 0.500000 0.175000 0.860000
vn -0.258813 -0.965904 -0.006747
f 129/1/33 130/2/33 131/3/33 132/4/33
v 0.500000 0.175000 0.860000
v 0.500000 0.175532 0.793100
v 0.522500 0.181490 0.794024
v 0.522500 0.181029 0.860000
vn 0.258811 -0.965897 -0.007683
f 133/1/34 134/2/34 135/3/34 136/4/34
v 0.522500 0.181029 0.860000
v 0.522500 0.181490 0.794024
v 0.538971 0.197766 0.796550
v 0.538971 0.197500 0.860000
vn 0.707098 -0.707098 -0.004939
f 137/1/35 138/2/35 139/3/35 140/4/35
v 0.538971 0.197500 0.860000
v 0.538971 0.197766 0.796550
v 0.545000 0.220000 0.800000
v 0.545000 0.220000 0.860000
vn 0.965925 -0.258819 -0.001085
f 141/1/36 142/2/36 143/3/36 144/4/36
v 0.545000 0.220000 0.800000
v 0.545000 0.235900 0.750000
v 0.538971 0.257295 0.756964
v 0.538971 0.242234 0.803450
vn 0.965148 0.249399 0.079309
f 145/1/37 146/2/37 147/3/37 148/4/37
v 0.538971 0.242234 0.803450
v 0.538971 0.257295 0.756964
v 0.522500 0.272958 0.762061
v 0.522500 0.258510 0.805976
vn 0.702583 0.676958 0.219330
f 149/1/38 150/2/38 151/3/38 152/4/38
v 0.522500 0.258510 0.805976
v 0.522500 0.272958 0.762061
v 0.500000 0.278691 0.763927
v 0.500000 0.264468 0.806900
vn 0.255579 0.918366 0.302133
f 153/1/39 154/2/39 155/3/39 156/4/39
v 0.500000 0.264468 0.806900
v 0.500000 0.278691 0.763927
v 0.477500 0.272958 0.762061
v 0.477500 0.258510 0.805976
vn -0.255508 0.917843 0.303777
f 157/1/40 158/2/40 159/3/40 160/4/40
v 0.477500 0.258510 0.805976
v 0.477500 0.272958 0.762061
v 0.461029 0.257295 0.756964
v 0.461029 0.242234 0.803450
vn -0.702321 0.676206 0.222465
f 161/1/41 162/2/41 163/3/41 164/4/41
v 0.461029 0.242234 0.803450
v 0.461029 0.257295 0.756964
v 0.455000 0.235900 0.750000
v 0.455000 0.220000 0.800000
vn -0.965091 0.249164 0.080727
f 165/1/42 166/2/42 167/3/42 168/4/42
v 0.455000 0.220000 0.800000
v 0.455000 0.235900 0.750000
v 0.461029 0.214505 0.743036
v 0.461029 0.197766 0.796550
vn -0.965148 -0.249399 -0.079309
f 169/1/43 170/2/43 171/3/43 172/4/43
v 0.461029 0.197766 0.796550
v 0.461029 0.214505 0.743036
v 0.477500 0.198842 0.737939
v 0.477500 0.181490 0.794024
vn -0.703146 -0.678623 -0.212267
f 173/1/44 174/2/44 175/3/44 176/4/44
v 0.477500 0.181490 0.794024
v 0.477500 0.198842 0.737939
v 0.500000 0.193109 0.736073
v 0.500000 0.175532 0.793100
vn -0.256243 -0.923425 -0.285701
f 177/1/45 178/2/45 179/3/45 180/4/45
v 0.500000 0.175532 0.793100
v 0.500000 0.193109 0.736073
v 0.522500 0.198842 0.737939
v 0.522500 0.181490 0.794024
vn 0.256281 -0.923720 -0.284714
f 181/1/46 182/2/46 183/3/46 184/4/46
v 0.522500 0.181490 0.794024
v 0.522500 0.198842 0.737939
v 0.538971 0.214505 0.743036
v 0.538971 0.197766 0.796550
vn 0.703309 -0.679122 -0.210115
f 185/1/47 186/2/47 187/3/47 188/4/47
v 0.538971 0.197766 0.796550
v 0.538971 0.214505 0.743036
v 0.545000 0.235900 0.750000
v 0.545000 0.220000 0.800000
vn 0.965196 -0.249604 -0.078074
f 189/1/48 190/2/48 191/3/48 192/4/48
v 0.545000 0.235900 0.750000
v 0.545000 0.252549 0.700000
v 0.538971 0.273878 0.707162
v 0.538971 0.257295 0.756964
vn 0.965924 0.245569 0.081768
f 193/1/49 194/2/49 195/3/49 196/4/49
v 0.538971 0.257295 0.756964
v 0.538971 0.273878 0.707162
v 0.522500 0.289493 0.712405
v 0.522500 0.272958 0.762061
vn 0.707099 0.670899 0.223397
f 197/1/50 198/2/50 199/3/50 200/4/50
v 0.522500 0.272958 0.762061
v 0.522500 0.289493 0.712405
v 0.500000 0.295208 0.714324
v 0.500000 0.278691 0.763927
vn 0.258813 0.916454 0.305169
f 201/1/51 202/2/51 203/3/51 204/4/51
v 0.500000 0.278691 0.763927
v 0.500000 0.295208 0.714324
v 0.477500 0.289493 0.712405
v 0.477500 0.272958 0.762061
vn -0.258813 0.916453 0.305171
f 205/1/52 206/2/52 207/3/52 208/4/52
v 0.477500 0.272958 0.762061
v 0.477500 0.289493 0.712405
v 0.461029 0.273878 0.707162
v 0.461029 0.257295 0.756964
vn -0.707099 0.670897 0.223401
f 209/1/53 210/2/53 211/3/53 212/4/53
v 0.461029 0.257295 0.756964
v 0.461029 0.273878 0.707162
v 0.455000 0.252549 0.700000
v 0.455000 0.235900 0.750000
vn -0.965924 0.245568 0.081770
f 213/1/54 214/2/54 215/3/54 216/4/54
v 0.455000 0.235900 0.750000
v 0.455000 0.252549 0.700000
v 0.461029 0.231219 0.692838
v 0.461029 0.214505 0.743036
vn -0.965924 -0.245569 -0.081768
f 217/1/55 218/2/55 219/3/55 220/4/55
v 0.461029 0.214505 0.743036
v 0.461029 0.231219 0.692838
v 0.477500 0.215605 0.687595
v 0.477500 0.198842 0.737939
vn -0.707099 -0.670903 -0.223386
f 221/1/56 222/2/56 223/3/56 224/4/56
v 0.477500 0.198842 0.737939
v 0.477500 0.215605 0.687595
v 0.500000 0.209889 0.685676
v 0.500000 0.193109 0.736073
vn -0.258814 -0.916463 -0.305142
f 225/1/57 226/2/57 227/3/57 228/4/57
v 0.500000 0.193109 0.736073
v 0.500000 0.209889 0.685676
v 0.522500 0.215605 0.687595
v 0.522500 0.198842 0.737939
vn 0.258814 -0.916463 -0.305140
f 229/1/58 230/2/58 231/3/58 232/4/58
v 0.522500 0.198842 0.737939
v 0.522500 0.215605 0.687595
v 0.538971 0.231219 0.692838
v 0.538971 0.214505 0.743036
vn 0.707099 -0.670904 -0.223382
f 233/1/59 234/2/59 235/3/59 236/4/59
v 0.538971 0.214505 0.743036
v 0.538971 0.231219 0.692838
v 0.545000 0.252549 0.700000
v 0.545000 0.235900 0.750000
vn 0.965924 -0.245570 -0.081766
f 237/1/60 238/2/60 239/3/60 240/4/60
v 0.545000 0.252549 0.700000
v 0.545000 0.269479 0.650000
v 0.538971 0.290802 0.657181
v 0.538971 0.273878 0.707162
vn 0.965926 0.245148 0.083008
f 241/1/61 242/2/61 243/3/61 244/4/61
v 0.538971 0.273878 0.707162
v 0.538971 0.290802 0.657181
v 0.522500 0.306412 0.662437
v 0.522500 0.289493 0.712405
vn 0.707106 0.669755 0.226781
f 245/1/62 246/2/62 247/3/62 248/4/62
v 0.522500 0.289493 0.712405
v 0.522500 0.306412 0.662437
v 0.500000 0.312126 0.664361
v 0.500000 0.295208 0.714324
vn 0.258818 0.914901 0.309789
f 249/1/63 250/2/63 251/3/63 252/4/63
v 0.500000 0.295208 0.714324
v 0.500000 0.312126 0.664361
v 0.477500 0.306412 0.662437
v 0.477500 0.289493 0.712405
vn -0.258818 0.914901 0.309789
f 253/1/64 254/2/64 255/3/64 256/4/64
v 0.477500 0.289493 0.712405
v 0.477500 0.306412 0.662437
v 0.461029 0.290802 0.657181
v 0.461029 0.273878 0.707162
vn -0.707106 0.669755 0.226781
f 257/1/65 258/2/65 259/3/65 260/4/65
v 0.461029 0.273878 0.707162
v 0.461029 0.290802 0.657181
v 0.455000 0.269479 0.650000
v 0.455000 0.252549 0.700000
vn -0.965926 0.245148 0.083008
f 261/1/66 262/2/66 263/3/66 264/4/66
v 0.455000 0.252549 0.700000
v 0.455000 0.269479 0.650000
v 0.461029 0.248155 0.642819
v 0.461029 0.231219 0.692838
vn -0.965926 -0.245148 -0.083008
f 265/1/67 266/2/67 267/3/67 268/4/67
v 0.461029 0.231219 0.692838
v 0.461029 0.248155 0.642819
v 0.477500 0.232545 0.637563
v 0.477500 0.215605 0.687595
vn -0.707106 -0.669755 -0.226780
f 269/1/68 270/2/68 271/3/68 272/4/68
v 0.477500 0.215605 0.687595
v 0.477500 0.232545 0.637563
v 0.500000 0.226832 0.635639
v 0.500000 0.209889 0.685676
vn -0.258818 -0.914902 -0.309786
f 273/1/69 274/2/69 275/3/69 276/4/69
v 0.500000 0.209889 0.685676
v 0.500000 0.226832 0.635639
v 0.522500 0.232545 0.637563
v 0.522500 0.215605 0.687595
vn 0.258818 -0.914902 -0.309786
f 277/1/70 278/2/70 279/3/70 280/4/70
v 0.522500 0.215605 0.687595
v 0.522500 0.232545 0.637563
v 0.538971 0.248155 0.642819
v 0.538971 0.231219 0.692838
vn 0.707106 -0.669756 -0.226780
f 281/1/71 282/2/71 283/3/71 284/4/71
v 0.538971 0.231219 0.692838
v 0.538971 0.248155 0.642819
v 0.545000 0.269479 0.650000
v 0.545000 0.252549 0.700000
vn 0.965926 -0.245148 -0.083007
f 285/1/72 286/2/72 287/3/72 288/4/72
v 0.545000 0.269479 0.650000
v 0.545000 0.286223 0.600000
v 0.538971 0.307600 0.607019
v 0.538971 0.290802 0.657181
vn 0.965926 0.245423 0.082189
f 289/1/73 290/2/73 291/3/73 292/4/73
v 0.538971 0.290802 0.657181
v 0.538971 0.307600 0.607019
v 0.522500 0.323249 0.612157
v 0.522500 0.306412 0.662437
vn 0.707106 0.670509 0.224540
f 293/1/74 294/2/74 295/3/74 296/4/74
v 0.522500 0.306412 0.662437
v 0.522500 0.323249 0.612157
v 0.500000 0.328977 0.614038
v 0.500000 0.312126 0.664361
vn 0.258819 0.915933 0.306723
f 297/1/75 298/2/75 299/3/75 300/4/75
v 0.500000 0.312126 0.664361
v 0.500000 0.328977 0.614038
v 0.477500 0.323249 0.612157
v 0.477500 0.306412 0.662437
vn -0.258819 0.915934 0.306721
f 301/1/76 302/2/76 303/3/76 304/4/76
v 0.477500 0.306412 0.662437
v 0.477500 0.323249 0.612157
v 0.461029 0.307600 0.607019
v 0.461029 0.290802 0.657181
vn -0.707106 0.670510 0.224537
f 305/1/77 306/2/77 307/3/77 308/4/77
v 0.461029 0.290802 0.657181
v 0.461029 0.307600 0.607019
v 0.455000 0.286223 0.600000
v 0.455000 0.269479 0.650000
vn -0.965926 0.245423 0.082187
f 309/1/78 310/2/78 311/3/78 312/4/78
v 0.455000 0.269479 0.650000
v 0.455000 0.286223 0.600000
v 0.461029 0.264846 0.592981
v 0.461029 0.248155 0.642819
vn -0.965926 -0.245423 -0.082189
f 313/1/79 314/2/79 315/3/79 316/4/79
v 0.461029 0.248155 0.642819
v 0.461029 0.264846 0.592981
v 0.477500 0.249197 0.587843
v 0.477500 0.232545 0.637563
vn -0.707106 -0.670506 -0.224549
f 317/1/80 318/2/80 319/3/80 320/4/80
v 0.477500 0.232545 0.637563
v 0.477500 0.249197 0.587843
v 0.500000 0.243469 0.585962
v 0.500000 0.226832 0.635639
vn -0.258819 -0.915926 -0.306745
f 321/1/81 322/2/81 323/3/81 324/4/81
v 0.500000 0.226832 0.635639
v 0.500000 0.243469 0.585962
v 0.522500 0.249197 0.587843
v 0.522500 0.232545 0.637563
vn 0.258819 -0.915926 -0.306746
f 325/1/82 326/2/82 327/3/82 328/4/82
v 0.522500 0.232545 0.637563
v 0.522500 0.249197 0.587843
v 0.538971 0.264846 0.592981
v 0.538971 0.248155 0.642819
vn 0.707106 -0.670505 -0.224553
f 329/1/83 330/2/83 331/3/83 332/4/83
v 0.538971 0.248155 0.642819
v 0.538971 0.264846 0.592981
v 0.545000 0.286223 0.600000
v 0.545000 0.269479 0.650000
vn 0.965926 -0.245422 -0.082191
f 333/1/84 334/2/84 335/3/84 336/4/84
v 0.545000 0.286223 0.600000
v 0.545000 0.302315 0.550000
v 0.538971 0.323802 0.556674
v 0.538971 0.307600 0.607019
vn 0.965925 0.246378 0.079292
f 337/1/85 338/2/85 339/3/85 340/4/85
v 0.538971 0.307600 0.607019
v 0.538971 0.323802 0.556674
v 0.522500 0.339532 0.561559
v 0.522500 0.323249 0.612157
vn 0.707101 0.673116 0.216618
f 341/1/86 342/2/86 343/3/86 344/4/86
v 0.522500 0.323249 0.612157
v 0.522500 0.339532 0.561559
v 0.500000 0.345289 0.563348
v 0.500000 0.328977 0.614038
vn 0.258815 0.919490 0.295893
f 345/1/87 346/2/87 347/3/87 348/4/87
v 0.500000 0.328977 0.614038
v 0.500000 0.345289 0.563348
v 0.477500 0.339532 0.561559
v 0.477500 0.323249 0.612157
vn -0.258815 0.919491 0.295890
f 349/1/88 350/2/88 351/3/88 352/4/88
v 0.477500 0.323249 0.612157
v 0.477500 0.339532 0.561559
v 0.461029 0.323802 0.556674
v 0.461029 0.307600 0.607019
vn -0.707101 0.673119 0.216610
f 353/1/89 354/2/89 355/3/89 356/4/89
v 0.461029 0.307600 0.607019
v 0.461029 0.323802 0.556674
v 0.455000 0.302315 0.550000
v 0.455000 0.286223 0.600000
vn -0.965925 0.246380 0.079288
f 357/1/90 358/2/90 359/3/90 360/4/90
v 0.455000 0.286223 0.600000
v 0.455000 0.302315 0.550000
v 0.461029 0.280827 0.543326
v 0.461029 0.264846 0.592981
vn -0.965925 -0.246378 -0.079292
f 361/1/91 362/2/91 363/3/91 364/4/91
v 0.461029 0.264846 0.592981
v 0.461029 0.280827 0.543326
v 0.477500 0.265097 0.538441
v 0.477500 0.249197 0.587843
vn -0.707101 -0.673110 -0.216638
f 365/1/92 366/2/92 367/3/92 368/4/92
v 0.477500 0.249197 0.587843
v 0.477500 0.265097 0.538441
v 0.500000 0.259340 0.536652
v 0.500000 0.243469 0.585962
vn -0.258815 -0.919475 -0.295941
f 369/1/93 370/2/93 371/3/93 372/4/93
v 0.500000 0.243469 0.585962
v 0.500000 0.259340 0.536652
v 0.522500 0.265097 0.538441
v 0.522500 0.249197 0.587843
vn 0.258815 -0.919474 -0.295944
f 373/1/94 374/2/94 375/3/94 376/4/94
v 0.522500 0.249197 0.587843
v 0.522500 0.265097 0.538441
v 0.538971 0.280827 0.543326
v 0.538971 0.264846 0.592981
vn 0.707101 -0.673107 -0.216645
f 377/1/95 378/2/95 379/3/95 380/4/95
v 0.538971 0.264846 0.592981
v 0.538971 0.280827 0.543326
v 0.545000 0.302315 0.550000
v 0.545000 0.286223 0.600000
vn 0.965925 -0.246377 -0.079295
f 381/1/96 382/2/96 383/3/96 384/4/96
v 0.545000 0.302315 0.550000
v 0.545000 0.317286 0.500000
v 0.538971 0.338933 0.506137
v 0.538971 0.323802 0.556674
vn 0.965922 0.247955 0.074244
f 385/1/97 386/2/97 387/3/97 388/4/97
v 0.538971 0.323802 0.556674
v 0.538971 0.338933 0.506137
v 0.522500 0.354780 0.510629
v 0.522500 0.339532 0.561559
vn 0.707088 0.677415 0.202819
f 389/1/98 390/2/98 391/3/98 392/4/98
v 0.522500 0.339532 0.561559
v 0.522500 0.354780 0.510629
v 0.500000 0.360580 0.512273
v 0.500000 0.345289 0.563348
vn 0.258806 0.925350 0.277033
f 393/1/99 394/2/99 395/3/99 396/4/99
v 0.500000 0.345289 0.563348
v 0.500000 0.360580 0.512273
v 0.477500 0.354780 0.510629
v 0.477500 0.339532 0.561559
vn -0.258806 0.925351 0.277028
f 397/1/100 398/2/100 399/3/100 400/4/100
v 0.477500 0.339532 0.561559
v 0.477500 0.354780 0.510629
v 0.461029 0.338933 0.506137
v 0.461029 0.323802 0.556674
vn -0.707088 0.677418 0.202807
f 401/1/101 402/2/101 403/3/101 404/4/101
v 0.461029 0.323802 0.556674
v 0.461029 0.338933 0.506137
v 0.455000 0.317286 0.500000
v 0.455000 0.302315 0.550000
vn -0.965922 0.247957 0.074238
f 405/1/102 406/2/102 407/3/102 408/4/102
v 0.455000 0.302315 0.550000
v 0.455000 0.317286 0.500000
v 0.461029 0.295639 0.493863
v 0.461029 0.280827 0.543326
vn -0.965922 -0.247955 -0.074244
f 409/1/103 410/2/103 411/3/103 412/4/103
v 0.461029 0.280827 0.543326
v 0.461029 0.295639 0.493863
v 0.477500 0.279792 0.489371
v 0.477500 0.265097 0.538441
vn -0.707088 -0.677405 -0.202851
f 413/1/104 414/2/104 415/3/104 416/4/104
v 0.477500 0.265097 0.538441
v 0.477500 0.279792 0.489371
v 0.500000 0.273992 0.487727
v 0.500000 0.259340 0.536652
vn -0.258807 -0.925326 -0.277110
f 417/1/105 418/2/105 419/3/105 420/4/105
v 0.500000 0.259340 0.536652
v 0.500000 0.273992 0.487727
v 0.522500 0.279792 0.489371
v 0.522500 0.265097 0.538441
vn 0.258807 -0.925325 -0.277117
f 421/1/106 422/2/106 423/3/106 424/4/106
v 0.522500 0.265097 0.538441
v 0.522500 0.279792 0.489371
v 0.538971 0.295639 0.493863
v 0.538971 0.280827 0.543326
vn 0.707088 -0.677401 -0.202863
f 425/1/107 426/2/107 427/3/107 428/4/107
v 0.538971 0.280827 0.543326
v 0.538971 0.295639 0.493863
v 0.545000 0.317286 0.500000
v 0.545000 0.302315 0.550000
vn 0.965922 -0.247953 -0.074250
f 429/1/108 430/2/108 431/3/108 432/4/108
v 0.545000 0.317286 0.500000
v 0.545000 0.330670 0.450000
v 0.538971 0.352511 0.455405
v 0.538971 0.338933 0.506137
vn 0.965919 0.250042 0.066931
f 433/1/109 434/2/109 435/3/109 436/4/109
v 0.538971 0.338933 0.506137
v 0.538971 0.352511 0.455405
v 0.522500 0.368500 0.459362
v 0.522500 0.354780 0.510629
vn 0.707068 0.683101 0.182830
f 437/1/110 438/2/110 439/3/110 440/4/110
v 0.522500 0.354780 0.510629
v 0.522500 0.368500 0.459362
v 0.500000 0.374352 0.460810
v 0.500000 0.360580 0.512273
vn 0.258793 0.933095 0.249719
f 441/1/111 442/2/111 443/3/111 444/4/111
v 0.500000 0.360580 0.512273
v 0.500000 0.374352 0.460810
v 0.477500 0.368500 0.459362
v 0.477500 0.354780 0.510629
vn -0.258793 0.933097 0.249711
f 445/1/112 446/2/112 447/3/112 448/4/112
v 0.477500 0.354780 0.510629
v 0.477500 0.368500 0.459362
v 0.461029 0.352511 0.455405
v 0.461029 0.338933 0.506137
vn -0.707068 0.683105 0.182815
f 449/1/113 450/2/113 451/3/113 452/4/113
v 0.461029 0.338933 0.506137
v 0.461029 0.352511 0.455405
v 0.455000 0.330670 0.450000
v 0.455000 0.317286 0.500000
vn -0.965919 0.250044 0.066924
f 453/1/114 454/2/114 455/3/114 456/4/114
v 0.455000 0.317286 0.500000
v 0.455000 0.330670 0.450000
v 0.461029 0.308829 0.444595
v 0.461029 0.295639 0.493863
vn -0.965919 -0.250042 -0.066931
f 457/1/115 458/2/115 459/3/115 460/4/115
v 0.461029 0.295639 0.493863
v 0.461029 0.308829 0.444595
v 0.477500 0.292840 0.440638
v 0.477500 0.279792 0.489371
vn -0.707069 -0.683089 -0.182873
f 461/1/116 462/2/116 463/3/116 464/4/116
v 0.477500 0.279792 0.489371
v 0.477500 0.292840 0.440638
v 0.500000 0.286988 0.439190
v 0.500000 0.273992 0.487727
vn -0.258793 -0.933068 -0.249819
f 465/1/117 466/2/117 467/3/117 468/4/117
v 0.500000 0.273992 0.487727
v 0.500000 0.286988 0.439190
v 0.522500 0.292840 0.440638
v 0.522500 0.279792 0.489371
vn 0.258793 -0.933066 -0.249828
f 469/1/118 470/2/118 471/3/118 472/4/118
v 0.522500 0.279792 0.489371
v 0.522500 0.292840 0.440638
v 0.538971 0.308829 0.444595
v 0.538971 0.295639 0.493863
vn 0.707069 -0.683085 -0.182889
f 473/1/119 474/2/119 475/3/119 476/4/119
v 0.538971 0.295639 0.493863
v 0.538971 0.308829 0.444595
v 0.545000 0.330670 0.450000
v 0.545000 0.317286 0.500000
vn 0.965919 -0.250040 -0.066939
f 477/1/120 478/2/120 479/3/120 480/4/120
v 0.545000 0.330670 0.450000
v 0.545000 0.342043 0.400000
v 0.538971 0.364021 0.404816
v 0.538971 0.352511 0.455405
vn 0.965914 0.252415 0.057414
f 481/1/121 482/2/121 483/3/121 484/4/121
v 0.538971 0.352511 0.455405
v 0.538971 0.364021 0.404816
v 0.522500 0.380111 0.408342
v 0.522500 0.368500 0.459362
vn 0.707044 0.689547 0.156890
f 485/1/122 486/2/122 487/3/122 488/4/122
v 0.522500 0.368500 0.459362
v 0.522500 0.380111 0.408342
v 0.500000 0.386000 0.409633
v 0.500000 0.374352 0.460810
vn 0.258776 0.941856 0.214343
f 489/1/123 490/2/123 491/3/123 492/4/123
v 0.500000 0.374352 0.460810
v 0.500000 0.386000 0.409633
v 0.477500 0.380111 0.408342
v 0.477500 0.368500 0.459362
vn -0.258776 0.941852 0.214359
f 493/1/124 494/2/124 495/3/124 496/4/124
v 0.477500 0.368500 0.459362
v 0.477500 0.380111 0.408342
v 0.461029 0.364021 0.404816
v 0.461029 0.352511 0.455405
vn -0.707044 0.689539 0.156922
f 497/1/125 498/2/125 499/3/125 500/4/125
v 0.461029 0.352511 0.455405
v 0.461029 0.364021 0.404816
v 0.455000 0.342043 0.400000
v 0.455000 0.330670 0.450000
vn -0.965914 0.252411 0.057430
f 501/1/126 502/2/126 503/3/126 504/4/126
v 0.455000 0.330670 0.450000
v 0.455000 0.342043 0.400000
v 0.461029 0.320064 0.395184
v 0.461029 0.308829 0.444595
vn -0.965914 -0.252415 -0.057414
f 505/1/127 506/2/127 507/3/127 508/4/127
v 0.461029 0.308829 0.444595
v 0.461029 0.320064 0.395184
v 0.477500 0.303975 0.391658
v 0.477500 0.292840 0.440638
vn -0.707043 -0.689568 -0.156801
f 509/1/128 510/2/128 511/3/128 512/4/128
v 0.477500 0.292840 0.440638
v 0.477500 0.303975 0.391658
v 0.500000 0.298086 0.390367
v 0.500000 0.286988 0.439190
vn -0.258775 -0.941904 -0.214131
f 513/1/129 514/2/129 515/3/129 516/4/129
v 0.500000 0.286988 0.439190
v 0.500000 0.298086 0.390367
v 0.522500 0.303975 0.391658
v 0.522500 0.292840 0.440638
vn 0.258775 -0.941908 -0.214114
f 517/1/130 518/2/130 519/3/130 520/4/130
v 0.522500 0.292840 0.440638
v 0.522500 0.303975 0.391658
v 0.538971 0.320064 0.395184
v 0.538971 0.308829 0.444595
vn 0.707043 -0.689576 -0.156767
f 521/1/131 522/2/131 523/3/131 524/4/131
v 0.538971 0.308829 0.444595
v 0.538971 0.320064 0.395184
v 0.545000 0.342043 0.400000
v 0.545000 0.330670 0.450000
vn 0.965914 -0.252419 -0.057398
f 525/1/132 526/2/132 527/3/132 528/4/132
v 0.545000 0.342043 0.400000
v 0.545000 0.352586 0.350000
v 0.538971 0.374607 0.354618
v 0.538971 0.364021 0.404816
vn 0.965924 0.253258 0.053402
f 529/1/133 530/2/133 531/3/133 532/4/133
v 0.538971 0.364021 0.404816
v 0.538971 0.374607 0.354618
v 0.522500 0.390727 0.357999
v 0.522500 0.380111 0.408342
vn 0.707096 0.691901 0.145905
f 533/1/134 534/2/134 535/3/134 536/4/134
v 0.522500 0.380111 0.408342
v 0.522500 0.390727 0.357999
v 0.500000 0.396628 0.359236
v 0.500000 0.386000 0.409633
vn 0.258812 0.945140 0.199316
f 537/1/135 538/2/135 539/3/135 540/4/135
v 0.500000 0.386000 0.409633
v 0.500000 0.396628 0.359236
v 0.477500 0.390727 0.357999
v 0.477500 0.380111 0.408342
vn -0.258812 0.945139 0.199319
f 541/1/136 542/2/136 543/3/136 544/4/136
v 0.477500 0.380111 0.408342
v 0.477500 0.390727 0.357999
v 0.461029 0.374607 0.354618
v 0.461029 0.364021 0.404816
vn -0.707096 0.691900 0.145911
f 545/1/137 546/2/137 547/3/137 548/4/137
v 0.461029 0.364021 0.404816
v 0.461029 0.374607 0.354618
v 0.455000 0.352586 0.350000
v 0.455000 0.342043 0.400000
vn -0.965924 0.253257 0.053406
f 549/1/138 550/2/138 551/3/138 552/4/138
v 0.455000 0.342043 0.400000
v 0.455000 0.352586 0.350000
v 0.461029 0.330565 0.345382
v 0.461029 0.320064 0.395184
vn -0.965924 -0.253258 -0.053402
f 553/1/139 554/2/139 555/3/139 556/4/139
v 0.461029 0.320064 0.395184
v 0.461029 0.330565 0.345382
v 0.477500 0.314444 0.342001
v 0.477500 0.303975 0.391658
vn -0.707096 -0.691905 -0.145886
f 557/1/140 558/2/140 559/3/140 560/4/140
v 0.477500 0.303975 0.391658
v 0.477500 0.314444 0.342001
v 0.500000 0.308544 0.340764
v 0.500000 0.298086 0.390367
vn -0.258811 -0.945149 -0.199272
f 561/1/141 562/2/141 563/3/141 564/4/141
v 0.500000 0.298086 0.390367
v 0.500000 0.308544 0.340764
v 0.522500 0.314444 0.342001
v 0.522500 0.303975 0.391658
vn 0.258811 -0.945150 -0.199268
f 565/1/142 566/2/142 567/3/142 568/4/142
v 0.522500 0.303975 0.391658
v 0.522500 0.314444 0.342001
v 0.538971 0.330565 0.345382
v 0.538971 0.320064 0.395184
vn 0.707096 -0.691907 -0.145879
f 569/1/143 570/2/143 571/3/143 572/4/143
v 0.538971 0.320064 0.395184
v 0.538971 0.330565 0.345382
v 0.545000 0.352586 0.350000
v 0.545000 0.342043 0.400000
vn 0.965924 -0.253258 -0.053399
f 573/1/144 574/2/144 575/3/144 576/4/144
v 0.545000 0.352586 0.350000
v 0.545000 0.363014 0.300000
v 0.538971 0.385045 0.304570
v 0.538971 0.374607 0.354618
vn 0.965926 0.253367 0.052842
f 577/1/145 578/2/145 579/3/145 580/4/145
v 0.538971 0.374607 0.354618
v 0.538971 0.385045 0.304570
v 0.522500 0.401173 0.307915
v 0.522500 0.390727 0.357999
vn 0.707107 0.692213 0.144368
f 581/1/146 582/2/146 583/3/146 584/4/146
v 0.522500 0.390727 0.357999
v 0.522500 0.401173 0.307915
v 0.500000 0.407076 0.309139
v 0.500000 0.396628 0.359236
vn 0.258819 0.945580 0.197210
f 585/1/147 586/2/147 587/3/147 588/4/147
v 0.500000 0.396628 0.359236
v 0.500000 0.407076 0.309139
v 0.477500 0.401173 0.307915
v 0.477500 0.390727 0.357999
vn -0.258819 0.945580 0.197210
f 589/1/148 590/2/148 591/3/148 592/4/148
v 0.477500 0.390727 0.357999
v 0.477500 0.401173 0.307915
v 0.461029 0.385045 0.304570
v 0.461029 0.374607 0.354618
vn -0.707107 0.692213 0.144368
f 593/1/149 594/2/149 595/3/149 596/4/149
v 0.461029 0.374607 0.354618
v 0.461029 0.385045 0.304570
v 0.455000 0.363014 0.300000
v 0.455000 0.352586 0.350000
vn -0.965926 0.253367 0.052842
f 597/1/150 598/2/150 599/3/150 600/4/150
v 0.455000 0.352586 0.350000
v 0.455000 0.363014 0.300000
v 0.461029 0.340983 0.295430
v 0.461029 0.330565 0.345382
vn -0.965926 -0.253367 -0.052842
f 601/1/151 602/2/151 603/3/151 604/4/151
v 0.461029 0.330565 0.345382
v 0.461029 0.340983 0.295430
v 0.477500 0.324855 0.292085
v 0.477500 0.314444 0.342001
vn -0.707107 -0.692213 -0.144368
f 605/1/152 606/2/152 607/3/152 608/4/152
v 0.477500 0.314444 0.342001
v 0.477500 0.324855 0.292085
v 0.500000 0.318952 0.290861
v 0.500000 0.308544 0.340764
vn -0.258819 -0.945580 -0.197210
f 609/1/153 610/2/153 611/3/153 612/4/153
v 0.500000 0.308544 0.340764
v 0.500000 0.318952 0.290861
v 0.522500 0.324855 0.292085
v 0.522500 0.314444 0.342001
vn 0.258819 -0.945580 -0.197210
f 613/1/154 614/2/154 615/3/154 616/4/154
v 0.522500 0.314444 0.342001
v 0.522500 0.324855 0.292085
v 0.538971 0.340983 0.295430
v 0.538971 0.330565 0.345382
vn 0.707107 -0.692213 -0.144368
f 617/1/155 618/2/155 619/3/155 620/4/155
v 0.538971 0.330565 0.345382
v 0.538971 0.340983 0.295430
v 0.545000 0.363014 0.300000
v 0.545000 0.352586 0.350000
vn 0.965926 -0.253367 -0.052842
f 621/1/156 622/2/156 623/3/156 624/4/156
v 0.545000 0.363014 0.300000
v 0.545000 0.373328 0.250000
v 0.538971 0.395369 0.254522
v 0.538971 0.385045 0.304570
vn 0.965926 0.253482 0.052288
f 625/1/157 626/2/157 627/3/157 628/4/157
v 0.538971 0.385045 0.304570
v 0.538971 0.395369 0.254522
v 0.522500 0.411504 0.257832
v 0.522500 0.401173 0.307915
vn 0.707107 0.692527 0.142854
f 629/1/158 630/2/158 631/3/158 632/4/158
v 0.522500 0.401173 0.307915
v 0.522500 0.411504 0.257832
v 0.500000 0.417410 0.259043
v 0.500000 0.407076 0.309139
vn 0.258819 0.946009 0.195142
f 633/1/159 634/2/159 635/3/159 636/4/159
v 0.500000 0.407076 0.309139
v 0.500000 0.417410 0.259043
v 0.477500 0.411504 0.257832
v 0.477500 0.401173 0.307915
vn -0.258819 0.946009 0.195142
f 637/1/160 638/2/160 639/3/160 640/4/160
v 0.477500 0.401173 0.307915
v 0.477500 0.411504 0.257832
v 0.461029 0.395369 0.254522
v 0.461029 0.385045 0.304570
vn -0.707107 0.692527 0.142854
f 641/1/161 642/2/161 643/3/161 644/4/161
v 0.461029 0.385045 0.304570
v 0.461029 0.395369 0.254522
v 0.455000 0.373328 0.250000
v 0.455000 0.363014 0.300000
vn -0.965926 0.253482 0.052288
f 645/1/162 646/2/162 647/3/162 648/4/162
v 0.455000 0.363014 0.300000
v 0.455000 0.373328 0.250000
v 0.461029 0.351287 0.245478
v 0.461029 0.340983 0.295430
vn -0.965926 -0.253482 -0.052288
f 649/1/163 650/2/163 651/3/163 652/4/163
v 0.461029 0.340983 0.295430
v 0.461029 0.351287 0.245478
v 0.477500 0.335152 0.242168
v 0.477500 0.324855 0.292085
vn -0.707107 -0.692527 -0.142854
f 653/1/164 654/2/164 655/3/164 656/4/164
v 0.477500 0.324855 0.292085
v 0.477500 0.335152 0.242168
v 0.500000 0.329246 0.240957
v 0.500000 0.318952 0.290861
vn -0.258819 -0.946009 -0.195142
f 657/1/165 658/2/165 659/3/165 660/4/165
v 0.500000 0.318952 0.290861
v 0.500000 0.329246 0.240957
v 0.522500 0.335152 0.242168
v 0.522500 0.324855 0.292085
vn 0.258819 -0.946009 -0.195142
f 661/1/166 662/2/166 663/3/166 664/4/166
v 0.522500 0.324855 0.292085
v 0.522500 0.335152 0.242168
v 0.538971 0.351287 0.245478
v 0.538971 0.340983 0.295430
vn 0.707107 -0.692527 -0.142854
f 665/1/167 666/2/167 667/3/167 668/4/167
v 0.538971 0.340983 0.295430
v 0.538971 0.351287 0.245478
v 0.545000 0.373328 0.250000
v 0.545000 0.363014 0.300000
vn 0.965926 -0.253482 -0.052288
f 669/1/168 670/2/168 671/3/168 672/4/168
v 0.545000 0.373328 0.250000
v 0.545000 0.383529 0.200000
v 0.538971 0.405588 0.204433
v 0.538971 0.395369 0.254522
vn 0.965926 0.253595 0.051738
f 673/1/169 674/2/169 675/3/169 676/4/169
v 0.538971 0.395369 0.254522
v 0.538971 0.405588 0.204433
v 0.522500 0.421736 0.207678
v 0.522500 0.411504 0.257832
vn 0.707107 0.692835 0.141350
f 677/1/170 678/2/170 679/3/170 680/4/170
v 0.522500 0.411504 0.257832
v 0.522500 0.421736 0.207678
v 0.500000 0.427647 0.208866
v 0.500000 0.417410 0.259043
vn 0.258819 0.946430 0.193086
f 681/1/171 682/2/171 683/3/171 684/4/171
v 0.500000 0.417410 0.259043
v 0.500000 0.427647 0.208866
v 0.477500 0.421736 0.207678
v 0.477500 0.411504 0.257832
vn -0.258819 0.946430 0.193086
f 685/1/172 686/2/172 687/3/172 688/4/172
v 0.477500 0.411504 0.257832
v 0.477500 0.421736 0.207678
v 0.461029 0.405588 0.204433
v 0.461029 0.395369 0.254522
vn -0.707107 0.692835 0.141349
f 689/1/173 690/2/173 691/3/173 692/4/173
v 0.461029 0.395369 0.254522
v 0.461029 0.405588 0.204433
v 0.455000 0.383529 0.200000
v 0.455000 0.373328 0.250000
vn -0.965926 0.253595 0.051738
f 693/1/174 694/2/174 695/3/174 696/4/174
v 0.455000 0.373328 0.250000
v 0.455000 0.383529 0.200000
v 0.461029 0.361470 0.195567
v 0.461029 0.351287 0.245478
vn -0.965926 -0.253595 -0.051738
f 697/1/175 698/2/175 699/3/175 700/4/175
v 0.461029 0.351287 0.245478
v 0.461029 0.361470 0.195567
v 0.477500 0.345321 0.192322
v 0.477500 0.335152 0.242168
vn -0.707107 -0.692835 -0.141352
f 701/1/176 702/2/176 703/3/176 704/4/176
v 0.477500 0.335152 0.242168
v 0.477500 0.345321 0.192322
v 0.500000 0.339411 0.191134
v 0.500000 0.329246 0.240957
vn -0.258819 -0.946429 -0.193092
f 705/1/177 706/2/177 707/3/177 708/4/177
v 0.500000 0.329246 0.240957
v 0.500000 0.339411 0.191134
v 0.522500 0.345321 0.192322
v 0.522500 0.335152 0.242168
vn 0.258819 -0.946429 -0.193092
f 709/1/178 710/2/178 711/3/178 712/4/178
v 0.522500 0.335152 0.242168
v 0.522500 0.345321 0.192322
v 0.538971 0.361470 0.195567
v 0.538971 0.351287 0.245478
vn 0.707107 -0.692835 -0.141353
f 713/1/179 714/2/179 715/3/179 716/4/179
v 0.538971 0.351287 0.245478
v 0.538971 0.361470 0.195567
v 0.545000 0.383529 0.200000
v 0.545000 0.373328 0.250000
vn 0.965926 -0.253595 -0.051738
f 717/1/180 718/2/180 719/3/180 720/4/180
v 0.545000 0.383529 0.200000
v 0.545000 0.428106 -0.025234
v 0.538971 0.450198 -0.020969
v 0.538971 0.405588 0.204433
vn 0.965926 0.253895 0.050250
f 721/1/181 722/2/181 723/3/181 724/4/181
v 0.538971 0.405588 0.204433
v 0.538971 0.450198 -0.020969
v 0.522500 0.466371 -0.017847
v 0.522500 0.421736 0.207678
vn 0.707105 0.693653 0.137285
f 725/1/182 726/2/182 727/3/182 728/4/182
v 0.522500 0.421736 0.207678
v 0.522500 0.466371 -0.017847
v 0.500000 0.472290 -0.016704
v 0.500000 0.427647 0.208866
vn 0.258818 0.947546 0.187534
f 729/1/183 730/2/183 731/3/183 732/4/183
v 0.500000 0.427647 0.208866
v 0.500000 0.472290 -0.016704
v 0.477500 0.466371 -0.017847
v 0.477500 0.421736 0.207678
vn -0.258818 0.947546 0.187534
f 733/1/184 734/2/184 735/3/184 736/4/184
v 0.477500 0.421736 0.207678
v 0.477500 0.466371 -0.017847
v 0.461029 0.450198 -0.020969
v 0.461029 0.405588 0.204433
vn -0.707105 0.693653 0.137285
f 737/1/185 738/2/185 739/3/185 740/4/185
v 0.461029 0.405588 0.204433
v 0.461029 0.450198 -0.020969
v 0.455000 0.428106 -0.025234
v 0.455000 0.383529 0.200000
vn -0.965926 0.253895 0.050250
f 741/1/186 742/2/186 743/3/186 744/4/186
v 0.455000 0.383529 0.200000
v 0.455000 0.428106 -0.025234
v 0.461029 0.406014 -0.029500
v 0.461029 0.361470 0.195567
vn -0.965926 -0.253895 -0.050250
f 745/1/187 746/2/187 747/3/187 748/4/187
v 0.461029 0.361470 0.195567
v 0.461029 0.406014 -0.029500
v 0.477500 0.389842 -0.032622
v 0.477500 0.345321 0.192322
vn -0.707105 -0.693653 -0.137286
f 749/1/188 750/2/188 751/3/188 752/4/188
v 0.477500 0.345321 0.192322
v 0.477500 0.389842 -0.032622
v 0.500000 0.383922 -0.033765
v 0.500000 0.339411 0.191134
vn -0.258818 -0.947546 -0.187536
f 753/1/189 754/2/189 755/3/189 756/4/189
v 0.500000 0.339411 0.191134
v 0.500000 0.383922 -0.033765
v 0.522500 0.389842 -0.032622
v 0.522500 0.345321 0.192322
vn 0.258818 -0.947546 -0.187537
f 757/1/190 758/2/190 759/3/190 760/4/190
v 0.522500 0.345321 0.192322
v 0.522500 0.389842 -0.032622
v 0.538971 0.406014 -0.029500
v 0.538971 0.361470 0.195567
vn 0.707105 -0.693653 -0.137286
f 761/1/191 762/2/191 763/3/191 764/4/191
v 0.538971 0.361470 0.195567
v 0.538971 0.406014 -0.029500
v 0.545000 0.428106 -0.025234
v 0.545000 0.383529 0.200000
vn 0.965926 -0.253895 -0.050250
f 765/1/192 766/2/192 767/3/192 768/4/192
v 0.545000 0.428106 -0.025234
v 0.545000 0.470503 -0.250469
v 0.538971 0.492633 -0.246406
v 0.538971 0.450198 -0.020969
vn 0.965925 0.254355 0.047878
f 769/1/193 770/2/193 771/3/193 772/4/193
v 0.538971 0.450198 -0.020969
v 0.538971 0.492633 -0.246406
v 0.522500 0.508834 -0.243431
v 0.522500 0.466371 -0.017847
vn 0.707103 0.694907 0.130806
f 773/1/194 774/2/194 775/3/194 776/4/194
v 0.522500 0.466371 -0.017847
v 0.522500 0.508834 -0.243431
v 0.500000 0.514764 -0.242343
v 0.500000 0.472290 -0.016704
vn 0.258816 0.949256 0.178683
f 777/1/195 778/2/195 779/3/195 780/4/195
v 0.500000 0.472290 -0.016704
v 0.500000 0.514764 -0.242343
v 0.477500 0.508834 -0.243431
v 0.477500 0.466371 -0.017847
vn -0.258816 0.949256 0.178683
f 781/1/196 782/2/196 783/3/196 784/4/196
v 0.477500 0.466371 -0.017847
v 0.477500 0.508834 -0.243431
v 0.461029 0.492633 -0.246406
v 0.461029 0.450198 -0.020969
vn -0.707103 0.694907 0.130806
f 785/1/197 786/2/197 787/3/197 788/4/197
v 0.461029 0.450198 -0.020969
v 0.461029 0.492633 -0.246406
v 0.455000 0.470503 -0.250469
v 0.455000 0.428106 -0.025234
vn -0.965925 0.254355 0.047878
f 789/1/198 790/2/198 791/3/198 792/4/198
v 0.455000 0.428106 -0.025234
v 0.455000 0.470503 -0.250469
v 0.461029 0.448373 -0.254532
v 0.461029 0.406014 -0.029500
vn -0.965925 -0.254355 -0.047878
f 793/1/199 794/2/199 795/3/199 796/4/199
v 0.461029 0.406014 -0.029500
v 0.461029 0.448373 -0.254532
v 0.477500 0.432173 -0.257506
v 0.477500 0.389842 -0.032622
vn -0.707103 -0.694907 -0.130806
f 797/1/200 798/2/200 799/3/200 800/4/200
v 0.477500 0.389842 -0.032622
v 0.477500 0.432173 -0.257506
v 0.500000 0.426243 -0.258595
v 0.500000 0.383922 -0.033765
vn -0.258816 -0.949256 -0.178683
f 801/1/201 802/2/201 803/3/201 804/4/201
v 0.500000 0.383922 -0.033765
v 0.500000 0.426243 -0.258595
v 0.522500 0.432173 -0.257506
v 0.522500 0.389842 -0.032622
vn 0.258816 -0.949256 -0.178683
f 805/1/202 806/2/202 807/3/202 808/4/202
v 0.522500 0.389842 -0.032622
v 0.522500 0.432173 -0.257506
v 0.538971 0.448373 -0.254532
v 0.538971 0.406014 -0.029500
vn 0.707103 -0.694907 -0.130805
f 809/1/203 810/2/203 811/3/203 812/4/203
v 0.538971 0.406014 -0.029500
v 0.538971 0.448373 -0.254532
v 0.545000 0.470503 -0.250469
v 0.545000 0.428106 -0.025234
vn 0.965925 -0.254355 -0.047878
f 813/1/204 814/2/204 815/3/204 816/4/204
v 0.545000 0.470503 -0.250469
v 0.545000 0.510812 -0.475703
v 0.538971 0.532977 -0.471835
v 0.538971 0.492633 -0.246406
vn 0.965925 0.254774 0.045595
f 817/1/205 818/2/205 819/3/205 820/4/205
v 0.538971 0.492633 -0.246406
v 0.538971 0.532977 -0.471835
v 0.522500 0.549203 -0.469003
v 0.522500 0.508834 -0.243431
vn 0.707103 0.696052 0.124568
f 821/1/206 822/2/206 823/3/206 824/4/206
v 0.522500 0.508834 -0.243431
v 0.522500 0.549203 -0.469003
v 0.500000 0.555142 -0.467966
v 0.500000 0.514764 -0.242343
vn 0.258817 0.950820 0.170162
f 825/1/207 826/2/207 827/3/207 828/4/207
v 0.500000 0.514764 -0.242343
v 0.500000 0.555142 -0.467966
v 0.477500 0.549203 -0.469003
v 0.477500 0.508834 -0.243431
vn -0.258817 0.950820 0.170162
f 829/1/208 830/2/208 831/3/208 832/4/208
v 0.477500 0.508834 -0.243431
v 0.477500 0.549203 -0.469003
v 0.461029 0.532977 -0.471835
v 0.461029 0.492633 -0.246406
vn -0.707103 0.696052 0.124568
f 833/1/209 834/2/209 835/3/209 836/4/209
v 0.461029 0.492633 -0.246406
v 0.461029 0.532977 -0.471835
v 0.455000 0.510812 -0.475703
v 0.455000 0.470503 -0.250469
vn -0.965925 0.254774 0.045595
f 837/1/210 838/2/210 839/3/210 840/4/210
v 0.455000 0.470503 -0.250469
v 0.455000 0.510812 -0.475703
v 0.461029 0.488647 -0.479572
v 0.461029 0.448373 -0.254532
vn -0.965925 -0.254774 -0.045595
f 841/1/211 842/2/211 843/3/211 844/4/211
v 0.461029 0.448373 -0.254532
v 0.461029 0.488647 -0.479572
v 0.477500 0.472421 -0.482403
v 0.477500 0.432173 -0.257506
vn -0.707103 -0.696052 -0.124567
f 845/1/212 846/2/212 847/3/212 848/4/212
v 0.477500 0.432173 -0.257506
v 0.477500 0.472421 -0.482403
v 0.500000 0.466482 -0.483440
v 0.500000 0.426243 -0.258595
vn -0.258817 -0.950820 -0.170162
f 849/1/213 850/2/213 851/3/213 852/4/213
v 0.500000 0.426243 -0.258595
v 0.500000 0.466482 -0.483440
v 0.522500 0.472421 -0.482403
v 0.522500 0.432173 -0.257506
vn 0.258817 -0.950820 -0.170162
f 853/1/214 854/2/214 855/3/214 856/4/214
v 0.522500 0.432173 -0.257506
v 0.522500 0.472421 -0.482403
v 0.538971 0.488647 -0.479572
v 0.538971 0.448373 -0.254532
vn 0.707103 -0.696052 -0.124567
f 857/1/215 858/2/215 859/3/215 860/4/215
v 0.538971 0.448373 -0.254532
v 0.538971 0.488647 -0.479572
v 0.545000 0.510812 -0.475703
v 0.545000 0.470503 -0.250469
vn 0.965925 -0.254774 -0.045595
f 861/1/216 862/2/216 863/3/216 864/4/216
v 0.545000 0.510812 -0.475703
v 0.545000 0.549125 -0.700937
v 0.538971 0.571321 -0.697256
v 0.538971 0.532977 -0.471835
vn 0.965925 0.255156 0.043403
f 865/1/217 866/2/217 867/3/217 868/4/217
v 0.538971 0.532977 -0.471835
v 0.538971 0.571321 -0.697256
v 0.522500 0.587571 -0.694560
v 0.522500 0.549203 -0.469003
vn 0.707104 0.697097 0.118577
f 869/1/218 870/2/218 871/3/218 872/4/218
v 0.522500 0.549203 -0.469003
v 0.522500 0.587571 -0.694560
v 0.500000 0.593518 -0.693574
v 0.500000 0.555142 -0.467966
vn 0.258817 0.952248 0.161979
f 873/1/219 874/2/219 875/3/219 876/4/219
v 0.500000 0.555142 -0.467966
v 0.500000 0.593518 -0.693574
v 0.477500 0.587571 -0.694560
v 0.477500 0.549203 -0.469003
vn -0.258817 0.952248 0.161979
f 877/1/220 878/2/220 879/3/220 880/4/220
v 0.477500 0.549203 -0.469003
v 0.477500 0.587571 -0.694560
v 0.461029 0.571321 -0.697256
v 0.461029 0.532977 -0.471835
vn -0.707104 0.697097 0.118577
f 881/1/221 882/2/221 883/3/221 884/4/221
v 0.461029 0.532977 -0.471835
v 0.461029 0.571321 -0.697256
v 0.455000 0.549125 -0.700937
v 0.455000 0.510812 -0.475703
vn -0.965925 0.255156 0.043403
f 885/1/222 886/2/222 887/3/222 888/4/222
v 0.455000 0.510812 -0.475703
v 0.455000 0.549125 -0.700937
v 0.461029 0.526928 -0.704619
v 0.461029 0.488647 -0.479572
vn -0.965925 -0.255156 -0.043403
f 889/1/223 890/2/223 891/3/223 892/4/223
v 0.461029 0.488647 -0.479572
v 0.461029 0.526928 -0.704619
v 0.477500 0.510679 -0.707315
v 0.477500 0.472421 -0.482403
vn -0.707104 -0.697097 -0.118577
f 893/1/224 894/2/224 895/3/224 896/4/224
v 0.477500 0.472421 -0.482403
v 0.477500 0.510679 -0.707315
v 0.500000 0.504731 -0.708301
v 0.500000 0.466482 -0.483440
vn -0.258817 -0.952248 -0.161979
f 897/1/225 898/2/225 899/3/225 900/4/225
v 0.500000 0.466482 -0.483440
v 0.500000 0.504731 -0.708301
v 0.522500 0.510679 -0.707315
v 0.522500 0.472421 -0.482403
vn 0.258817 -0.952248 -0.161979
f 901/1/226 902/2/226 903/3/226 904/4/226
v 0.522500 0.472421 -0.482403
v 0.522500 0.510679 -0.707315
v 0.538971 0.526928 -0.704619
v 0.538971 0.488647 -0.479572
vn 0.707104 -0.697097 -0.118577
f 905/1/227 906/2/227 907/3/227 908/4/227
v 0.538971 0.488647 -0.479572
v 0.538971 0.526928 -0.704619
v 0.545000 0.549125 -0.700937
v 0.545000 0.510812 -0.475703
vn 0.965925 -0.255156 -0.043402
f 909/1/228 910/2/228 911/3/228 912/4/228
v 0.545000 0.549125 -0.700937
v 0.545000 0.585534 -0.926172
v 0.538971 0.607760 -0.922668
v 0.538971 0.571321 -0.697256
vn 0.965925 0.255504 0.041302
f 913/1/229 914/2/229 915/3/229 916/4/229
v 0.538971 0.571321 -0.697256
v 0.538971 0.607760 -0.922668
v 0.522500 0.624030 -0.920104
v 0.522500 0.587571 -0.694560
vn 0.707104 0.698048 0.112840
f 917/1/230 918/2/230 919/3/230 920/4/230
v 0.522500 0.587571 -0.694560
v 0.522500 0.624030 -0.920104
v 0.500000 0.629985 -0.919165
v 0.500000 0.593518 -0.693574
vn 0.258817 0.953548 0.154142
f 921/1/231 922/2/231 923/3/231 924/4/231
v 0.500000 0.593518 -0.693574
v 0.500000 0.629985 -0.919165
v 0.477500 0.624030 -0.920104
v 0.477500 0.587571 -0.694560
vn -0.258817 0.953548 0.154142
f 925/1/232 926/2/232 927/3/232 928/4/232
v 0.477500 0.587571 -0.694560
v 0.477500 0.624030 -0.920104
v 0.461029 0.607760 -0.922668
v 0.461029 0.571321 -0.697256
vn -0.707104 0.698048 0.112840
f 929/1/233 930/2/233 931/3/233 932/4/233
v 0.461029 0.571321 -0.697256
v 0.461029 0.607760 -0.922668
v 0.455000 0.585534 -0.926172
v 0.455000 0.549125 -0.700937
vn -0.965925 0.255504 0.041303
f 933/1/234 934/2/234 935/3/234 936/4/234
v 0.455000 0.549125 -0.700937
v 0.455000 0.585534 -0.926172
v 0.461029 0.563308 -0.929675
v 0.461029 0.526928 -0.704619
vn -0.965925 -0.255504 -0.041302
f 937/1/235 938/2/235 939/3/235 940/4/235
v 0.461029 0.526928 -0.704619
v 0.461029 0.563308 -0.929675
v 0.477500 0.547038 -0.932240
v 0.477500 0.510679 -0.707315
vn -0.707104 -0.698048 -0.112840
f 941/1/236 942/2/236 943/3/236 944/4/236
v 0.477500 0.510679 -0.707315
v 0.477500 0.547038 -0.932240
v 0.500000 0.541083 -0.933179
v 0.500000 0.504731 -0.708301
vn -0.258817 -0.953548 -0.154142
f 945/1/237 946/2/237 947/3/237 948/4/237
v 0.500000 0.504731 -0.708301
v 0.500000 0.541083 -0.933179
v 0.522500 0.547038 -0.932240
v 0.522500 0.510679 -0.707315
vn 0.258817 -0.953548 -0.154142
f 949/1/238 950/2/238 951/3/238 952/4/238
v 0.522500 0.510679 -0.707315
v 0.522500 0.547038 -0.932240
v 0.538971 0.563308 -0.929675
v 0.538971 0.526928 -0.704619
vn 0.707104 -0.698048 -0.112840
f 953/1/239 954/2/239 955/3/239 956/4/239
v 0.538971 0.526928 -0.704619
v 0.538971 0.563308 -0.929675
v 0.545000 0.585534 -0.926172
v 0.545000 0.549125 -0.700937
vn 0.965925 -0.255504 -0.041302
f 957/1/240 958/2/240 959/3/240 960/4/240
v 0.545000 0.585534 -0.926172
v 0.545000 0.620132 -1.151406
v 0.538971 0.642384 -1.148073
v 0.538971 0.607760 -0.922668
vn 0.965925 0.255820 0.039297
f 961/1/241 962/2/241 963/3/241 964/4/241
v 0.538971 0.607760 -0.922668
v 0.538971 0.642384 -1.148073
v 0.522500 0.658673 -1.145633
v 0.522500 0.624030 -0.920104
vn 0.707104 0.698912 0.107360
f 965/1/242 966/2/242 967/3/242 968/4/242
v 0.522500 0.624030 -0.920104
v 0.522500 0.658673 -1.145633
v 0.500000 0.664636 -1.144740
v 0.500000 0.629985 -0.919165
vn 0.258817 0.954728 0.146656
f 969/1/243 970/2/243 971/3/243 972/4/243
v 0.500000 0.629985 -0.919165
v 0.500000 0.664636 -1.144740
v 0.477500 0.658673 -1.145633
v 0.477500 0.624030 -0.920104
vn -0.258817 0.954728 0.146656
f 973/1/244 974/2/244 975/3/244 976/4/244
v 0.477500 0.624030 -0.920104
v 0.477500 0.658673 -1.145633
v 0.461029 0.642384 -1.148073
v 0.461029 0.607760 -0.922668
vn -0.707104 0.698912 0.107360
f 977/1/245 978/2/245 979/3/245 980/4/245
v 0.461029 0.607760 -0.922668
v 0.461029 0.642384 -1.148073
v 0.455000 0.620132 -1.151406
v 0.455000 0.585534 -0.926172
vn -0.965925 0.255820 0.039297
f 981/1/246 982/2/246 983/3/246 984/4/246
v 0.455000 0.585534 -0.926172
v 0.455000 0.620132 -1.151406
v 0.461029 0.597881 -1.154739
v 0.461029 0.563308 -0.929675
vn -0.965925 -0.255820 -0.039297
f 985/1/247 986/2/247 987/3/247 988/4/247
v 0.461029 0.563308 -0.929675
v 0.461029 0.597881 -1.154739
v 0.477500 0.581591 -1.157179
v 0.477500 0.547038 -0.932240
vn -0.707104 -0.698912 -0.107360
f 989/1/248 990/2/248 991/3/248 992/4/248
v 0.477500 0.547038 -0.932240
v 0.477500 0.581591 -1.157179
v 0.500000 0.575629 -1.158073
v 0.500000 0.541083 -0.933179
vn -0.258817 -0.954728 -0.146656
f 993/1/249 994/2/249 995/3/249 996/4/249
v 0.500000 0.541083 -0.933179
v 0.500000 0.575629 -1.158073
v 0.522500 0.581591 -1.157179
v 0.522500 0.547038 -0.932240
vn 0.258817 -0.954728 -0.146656
f 997/1/250 998/2/250 999/3/250 1000/4/250
v 0.522500 0.547038 -0.932240
v 0.522500 0.581591 -1.157179
v 0.538971 0.597881 -1.154739
v 0.538971 0.563308 -0.929675
vn 0.707104 -0.698912 -0.107360
f 1001/1/251 1002/2/251 1003/3/251 1004/4/251
v 0.538971 0.563308 -0.929675
v 0.538971 0.597881 -1.154739
v 0.545000 0.620132 -1.151406
v 0.545000 0.585534 -0.926172
vn 0.965925 -0.255820 -0.039297
f 1005/1/252 1006/2/252 1007/3/252 1008/4/252
v 0.545000 0.620132 -1.151406
v 0.545000 0.653012 -1.376641
v 0.538971 0.675287 -1.373469
v 0.538971 0.642384 -1.148073
vn 0.965925 0.256106 0.037386
f 1009/1/253 1010/2/253 1011/3/253 1012/4/253
v 0.538971 0.642384 -1.148073
v 0.538971 0.675287 -1.373469
v 0.522500 0.691594 -1.371148
v 0.522500 0.658673 -1.145633
vn 0.707104 0.699693 0.102141
f 1013/1/254 1014/2/254 1015/3/254 1016/4/254
v 0.522500 0.658673 -1.145633
v 0.522500 0.691594 -1.371148
v 0.500000 0.697563 -1.370298
v 0.500000 0.664636 -1.144740
vn 0.258817 0.955796 0.139527
f 1017/1/255 1018/2/255 1019/3/255 1020/4/255
v 0.500000 0.664636 -1.144740
v 0.500000 0.697563 -1.370298
v 0.477500 0.691594 -1.371148
v 0.477500 0.658673 -1.145633
vn -0.258817 0.955796 0.139527
f 1021/1/256 1022/2/256 1023/3/256 1024/4/256
v 0.477500 0.658673 -1.145633
v 0.477500 0.691594 -1.371148
v 0.461029 0.675287 -1.373469
v 0.461029 0.642384 -1.148073
vn -0.707104 0.699693 0.102141
f 1025/1/257 1026/2/257 1027/3/257 1028/4/257
v 0.461029 0.642384 -1.148073
v 0.461029 0.675287 -1.373469
v 0.455000 0.653012 -1.376641
v 0.455000 0.620132 -1.151406
vn -0.965925 0.256106 0.037386
f 1029/1/258 1030/2/258 1031/3/258 1032/4/258
v 0.455000 0.620132 -1.151406
v 0.455000 0.653012 -1.376641
v 0.461029 0.630737 -1.379812
v 0.461029 0.597881 -1.154739
vn -0.965925 -0.256106 -0.037386
f 1033/1/259 1034/2/259 1035/3/259 1036/4/259
v 0.461029 0.597881 -1.154739
v 0.461029 0.630737 -1.379812
v 0.477500 0.614430 -1.382133
v 0.477500 0.581591 -1.157179
vn -0.707104 -0.699693 -0.102141
f 1037/1/260 1038/2/260 1039/3/260 1040/4/260
v 0.477500 0.581591 -1.157179
v 0.477500 0.614430 -1.382133
v 0.500000 0.608461 -1.382983
v 0.500000 0.575629 -1.158073
vn -0.258817 -0.955796 -0.139527
f 1041/1/261 1042/2/261 1043/3/261 1044/4/261
v 0.500000 0.575629 -1.158073
v 0.500000 0.608461 -1.382983
v 0.522500 0.614430 -1.382133
v 0.522500 0.581591 -1.157179
vn 0.258817 -0.955796 -0.139527
f 1045/1/262 1046/2/262 1047/3/262 1048/4/262
v 0.522500 0.581591 -1.157179
v 0.522500 0.614430 -1.382133
v 0.538971 0.630737 -1.379812
v 0.538971 0.597881 -1.154739
vn 0.707104 -0.699693 -0.102141
f 1049/1/263 1050/2/263 1051/3/263 1052/4/263
v 0.538971 0.597881 -1.154739
v 0.538971 0.630737 -1.379812
v 0.545000 0.653012 -1.376641
v 0.545000 0.620132 -1.151406
vn 0.965925 -0.256106 -0.037386
f 1053/1/264 1054/2/264 1055/3/264 1056/4/264
v 0.545000 0.653012 -1.376641
v 0.545000 0.684266 -1.601875
v 0.538971 0.706562 -1.598857
v 0.538971 0.675287 -1.373469
vn 0.965925 0.256364 0.035573
f 1057/1/265 1058/2/265 1059/3/265 1060/4/265
v 0.538971 0.675287 -1.373469
v 0.538971 0.706562 -1.598857
v 0.522500 0.722885 -1.596648
v 0.522500 0.691594 -1.371148
vn 0.707105 0.700398 0.097188
f 1061/1/266 1062/2/266 1063/3/266 1064/4/266
v 0.522500 0.691594 -1.371148
v 0.522500 0.722885 -1.596648
v 0.500000 0.728859 -1.595839
v 0.500000 0.697563 -1.370298
vn 0.258818 0.956759 0.132760
f 1065/1/267 1066/2/267 1067/3/267 1068/4/267
v 0.500000 0.697563 -1.370298
v 0.500000 0.728859 -1.595839
v 0.477500 0.722885 -1.596648
v 0.477500 0.691594 -1.371148
vn -0.258818 0.956759 0.132760
f 1069/1/268 1070/2/268 1071/3/268 1072/4/268
v 0.477500 0.691594 -1.371148
v 0.477500 0.722885 -1.596648
v 0.461029 0.706562 -1.598857
v 0.461029 0.675287 -1.373469
vn -0.707105 0.700398 0.097188
f 1073/1/269 1074/2/269 1075/3/269 1076/4/269
v 0.461029 0.675287 -1.373469
v 0.461029 0.706562 -1.598857
v 0.455000 0.684266 -1.601875
v 0.455000 0.653012 -1.376641
vn -0.965925 0.256364 0.035573
f 1077/1/270 1078/2/270 1079/3/270 1080/4/270
v 0.455000 0.653012 -1.376641
v 0.455000 0.684266 -1.601875
v 0.461029 0.661969 -1.604893
v 0.461029 0.630737 -1.379812
vn -0.965925 -0.256364 -0.035573
f 1081/1/271 1082/2/271 1083/3/271 1084/4/271
v 0.461029 0.630737 -1.379812
v 0.461029 0.661969 -1.604893
v 0.477500 0.645647 -1.607102
v 0.477500 0.614430 -1.382133
vn -0.707105 -0.700398 -0.097188
f 1085/1/272 1086/2/272 1087/3/272 1088/4/272
v 0.477500 0.614430 -1.382133
v 0.477500 0.645647 -1.607102
v 0.500000 0.639672 -1.607911
v 0.500000 0.608461 -1.382983
vn -0.258818 -0.956759 -0.132760
f 1089/1/273 1090/2/273 1091/3/273 1092/4/273
v 0.500000 0.608461 -1.382983
v 0.500000 0.639672 -1.607911
v 0.522500 0.645647 -1.607102
v 0.522500 0.614430 -1.382133
vn 0.258818 -0.956759 -0.132760
f 1093/1/274 1094/2/274 1095/3/274 1096/4/274
v 0.522500 0.614430 -1.382133
v 0.522500 0.645647 -1.607102
v 0.538971 0.661969 -1.604893
v 0.538971 0.630737 -1.379812
vn 0.707105 -0.700398 -0.097187
f 1097/1/275 1098/2/275 1099/3/275 1100/4/275
v 0.538971 0.630737 -1.379812
v 0.538971 0.661969 -1.604893
v 0.545000 0.684266 -1.601875
v 0.545000 0.653012 -1.376641
vn 0.965925 -0.256364 -0.035573
f 1101/1/276 1102/2/276 1103/3/276 1104/4/276
v 0.545000 0.684266 -1.601875
v 0.545000 0.713986 -1.827109
v 0.538971 0.736301 -1.824236
v 0.538971 0.706562 -1.598857
vn 0.965925 0.256596 0.033858
f 1105/1/277 1106/2/277 1107/3/277 1108/4/277
v 0.538971 0.706562 -1.598857
v 0.538971 0.736301 -1.824236
v 0.522500 0.752638 -1.822133
v 0.522500 0.722885 -1.596648
vn 0.707105 0.701032 0.092502
f 1109/1/278 1110/2/278 1111/3/278 1112/4/278
v 0.522500 0.722885 -1.596648
v 0.522500 0.752638 -1.822133
v 0.500000 0.758617 -1.821363
v 0.500000 0.728859 -1.595839
vn 0.258818 0.957626 0.126360
f 1113/1/279 1114/2/279 1115/3/279 1116/4/279
v 0.500000 0.728859 -1.595839
v 0.500000 0.758617 -1.821363
v 0.477500 0.752638 -1.822133
v 0.477500 0.722885 -1.596648
vn -0.258818 0.957626 0.126360
f 1117/1/280 1118/2/280 1119/3/280 1120/4/280
v 0.477500 0.722885 -1.596648
v 0.477500 0.752638 -1.822133
v 0.461029 0.736301 -1.824236
v 0.461029 0.706562 -1.598857
vn -0.707105 0.701032 0.092502
f 1121/1/281 1122/2/281 1123/3/281 1124/4/281
v 0.461029 0.706562 -1.598857
v 0.461029 0.736301 -1.824236
v 0.455000 0.713986 -1.827109
v 0.455000 0.684266 -1.601875
vn -0.965925 0.256596 0.033858
f 1125/1/282 1126/2/282 1127/3/282 1128/4/282
v 0.455000 0.684266 -1.601875
v 0.455000 0.713986 -1.827109
v 0.461029 0.691670 -1.829983
v 0.461029 0.661969 -1.604893
vn -0.965925 -0.256596 -0.033858
f 1129/1/283 1130/2/283 1131/3/283 1132/4/283
v 0.461029 0.661969 -1.604893
v 0.461029 0.691670 -1.829983
v 0.477500 0.675334 -1.832086
v 0.477500 0.645647 -1.607102
vn -0.707105 -0.701032 -0.092502
f 1133/1/284 1134/2/284 1135/3/284 1136/4/284
v 0.477500 0.645647 -1.607102
v 0.477500 0.675334 -1.832086
v 0.500000 0.669354 -1.832856
v 0.500000 0.639672 -1.607911
vn -0.258818 -0.957626 -0.126360
f 1137/1/285 1138/2/285 1139/3/285 1140/4/285
v 0.500000 0.639672 -1.607911
v 0.500000 0.669354 -1.832856
v 0.522500 0.675334 -1.832086
v 0.522500 0.645647 -1.607102
vn 0.258818 -0.957626 -0.126360
f 1141/1/286 1142/2/286 1143/3/286 1144/4/286
v 0.522500 0.645647 -1.607102
v 0.522500 0.675334 -1.832086
v 0.538971 0.691670 -1.829983
v 0.538971 0.661969 -1.604893
vn 0.707105 -0.701032 -0.092502
f 1145/1/287 1146/2/287 1147/3/287 1148/4/287
v 0.538971 0.661969 -1.604893
v 0.538971 0.691670 -1.829983
v 0.545000 0.713986 -1.827109
v 0.545000 0.684266 -1.601875
vn 0.965925 -0.256596 -0.033858
f 1149/1/288 1150/2/288 1151/3/288 1152/4/288
v 0.545000 0.713986 -1.827109
v 0.545000 0.742264 -2.052344
v 0.538971 0.764597 -2.049607
v 0.538971 0.736301 -1.824236
vn 0.965926 0.256804 0.032242
f 1153/1/289 1154/2/289 1155/3/289 1156/4/289
v 0.538971 0.736301 -1.824236
v 0.538971 0.764597 -2.049607
v 0.522500 0.780946 -2.047603
v 0.522500 0.752638 -1.822133
vn 0.707105 0.701600 0.088087
f 1157/1/290 1158/2/290 1159/3/290 1160/4/290
v 0.522500 0.752638 -1.822133
v 0.522500 0.780946 -2.047603
v 0.500000 0.786930 -2.046870
v 0.500000 0.758617 -1.821363
vn 0.258818 0.958402 0.120329
f 1161/1/291 1162/2/291 1163/3/291 1164/4/291
v 0.500000 0.758617 -1.821363
v 0.500000 0.786930 -2.046870
v 0.477500 0.780946 -2.047603
v 0.477500 0.752638 -1.822133
vn -0.258818 0.958402 0.120329
f 1165/1/292 1166/2/292 1167/3/292 1168/4/292
v 0.477500 0.752638 -1.822133
v 0.477500 0.780946 -2.047603
v 0.461029 0.764597 -2.049607
v 0.461029 0.736301 -1.824236
vn -0.707105 0.701600 0.088087
f 1169/1/293 1170/2/293 1171/3/293 1172/4/293
v 0.461029 0.736301 -1.824236
v 0.461029 0.764597 -2.049607
v 0.455000 0.742264 -2.052344
v 0.455000 0.713986 -1.827109
vn -0.965926 0.256804 0.032242
f 1173/1/294 1174/2/294 1175/3/294 1176/4/294
v 0.455000 0.713986 -1.827109
v 0.455000 0.742264 -2.052344
v 0.461029 0.719931 -2.055081
v 0.461029 0.691670 -1.829983
vn -0.965926 -0.256804 -0.032242
f 1177/1/295 1178/2/295 1179/3/295 1180/4/295
v 0.461029 0.691670 -1.829983
v 0.461029 0.719931 -2.055081
v 0.477500 0.703583 -2.057084
v 0.477500 0.675334 -1.832086
vn -0.707105 -0.701600 -0.088087
f 1181/1/296 1182/2/296 1183/3/296 1184/4/296
v 0.477500 0.675334 -1.832086
v 0.477500 0.703583 -2.057084
v 0.500000 0.697598 -2.057818
v 0.500000 0.669354 -1.832856
vn -0.258818 -0.958402 -0.120329
f 1185/1/297 1186/2/297 1187/3/297 1188/4/297
v 0.500000 0.669354 -1.832856
v 0.500000 0.697598 -2.057818
v 0.522500 0.703583 -2.057084
v 0.522500 0.675334 -1.832086
vn 0.258818 -0.958402 -0.120329
f 1189/1/298 1190/2/298 1191/3/298 1192/4/298
v 0.522500 0.675334 -1.832086
v 0.522500 0.703583 -2.057084
v 0.538971 0.719931 -2.055081
v 0.538971 0.691670 -1.829983
vn 0.707105 -0.701600 -0.088087
f 1193/1/299 1194/2/299 1195/3/299 1196/4/299
v 0.538971 0.691670 -1.829983
v 0.538971 0.719931 -2.055081
v 0.545000 0.742264 -2.052344
v 0.545000 0.713986 -1.827109
vn 0.965926 -0.256804 -0.032242
f 1197/1/300 1198/2/300 1199/3/300 1200/4/300
v 0.545000 0.742264 -2.052344
v 0.545000 0.769194 -2.277578
v 0.538971 0.791542 -2.274968
v 0.538971 0.764597 -2.049607
vn 0.965926 0.256990 0.030727
f 1201/1/301 1202/2/301 1203/3/301 1204/4/301
v 0.538971 0.764597 -2.049607
v 0.538971 0.791542 -2.274968
v 0.522500 0.807902 -2.273058
v 0.522500 0.780946 -2.047603
vn 0.707105 0.702108 0.083946
f 1205/1/302 1206/2/302 1207/3/302 1208/4/302
v 0.522500 0.780946 -2.047603
v 0.522500 0.807902 -2.273058
v 0.500000 0.813890 -2.272359
v 0.500000 0.786930 -2.046870
vn 0.258818 0.959095 0.114673
f 1209/1/303 1210/2/303 1211/3/303 1212/4/303
v 0.500000 0.786930 -2.046870
v 0.500000 0.813890 -2.272359
v 0.477500 0.807902 -2.273058
v 0.477500 0.780946 -2.047603
vn -0.258818 0.959095 0.114673
f 1213/1/304 1214/2/304 1215/3/304 1216/4/304
v 0.477500 0.780946 -2.047603
v 0.477500 0.807902 -2.273058
v 0.461029 0.791542 -2.274968
v 0.461029 0.764597 -2.049607
vn -0.707105 0.702108 0.083946
f 1217/1/305 1218/2/305 1219/3/305 1220/4/305
v 0.461029 0.764597 -2.049607
v 0.461029 0.791542 -2.274968
v 0.455000 0.769194 -2.277578
v 0.455000 0.742264 -2.052344
vn -0.965926 0.256990 0.030727
f 1221/1/306 1222/2/306 1223/3/306 1224/4/306
v 0.455000 0.742264 -2.052344
v 0.455000 0.769194 -2.277578
v 0.461029 0.746846 -2.280188
v 0.461029 0.719931 -2.055081
vn -0.965926 -0.256990 -0.030727
f 1225/1/307 1226/2/307 1227/3/307 1228/4/307
v 0.461029 0.719931 -2.055081
v 0.461029 0.746846 -2.280188
v 0.477500 0.730486 -2.282098
v 0.477500 0.703583 -2.057084
vn -0.707105 -0.702108 -0.083946
f 1229/1/308 1230/2/308 1231/3/308 1232/4/308
v 0.477500 0.703583 -2.057084
v 0.477500 0.730486 -2.282098
v 0.500000 0.724498 -2.282797
v 0.500000 0.697598 -2.057818
vn -0.258818 -0.959095 -0.114673
f 1233/1/309 1234/2/309 1235/3/309 1236/4/309
v 0.500000 0.697598 -2.057818
v 0.500000 0.724498 -2.282797
v 0.522500 0.730486 -2.282098
v 0.522500 0.703583 -2.057084
vn 0.258818 -0.959095 -0.114673
f 1237/1/310 1238/2/310 1239/3/310 1240/4/310
v 0.522500 0.703583 -2.057084
v 0.522500 0.730486 -2.282098
v 0.538971 0.746846 -2.280188
v 0.538971 0.719931 -2.055081
vn 0.707105 -0.702108 -0.083946
f 1241/1/311 1242/2/311 1243/3/311 1244/4/311
v 0.538971 0.719931 -2.055081
v 0.538971 0.746846 -2.280188
v 0.545000 0.769194 -2.277578
v 0.545000 0.742264 -2.052344
vn 0.965926 -0.256990 -0.030727
f 1245/1/312 1246/2/312 1247/3/312 1248/4/312
v 0.545000 0.769194 -2.277578
v 0.545000 0.794867 -2.502813
v 0.538971 0.817229 -2.500321
v 0.538971 0.791542 -2.274968
vn 0.965926 0.257155 0.029312
f 1249/1/313 1250/2/313 1251/3/313 1252/4/313
v 0.538971 0.791542 -2.274968
v 0.538971 0.817229 -2.500321
v 0.522500 0.833599 -2.498498
v 0.522500 0.807902 -2.273058
vn 0.707105 0.702559 0.080081
f 1253/1/314 1254/2/314 1255/3/314 1256/4/314
v 0.522500 0.807902 -2.273058
v 0.522500 0.833599 -2.498498
v 0.500000 0.839591 -2.497830
v 0.500000 0.813890 -2.272359
vn 0.258818 0.959712 0.109393
f 1257/1/315 1258/2/315 1259/3/315 1260/4/315
v 0.500000 0.813890 -2.272359
v 0.500000 0.839591 -2.497830
v 0.477500 0.833599 -2.498498
v 0.477500 0.807902 -2.273058
vn -0.258818 0.959712 0.109393
f 1261/1/316 1262/2/316 1263/3/316 1264/4/316
v 0.477500 0.807902 -2.273058
v 0.477500 0.833599 -2.498498
v 0.461029 0.817229 -2.500321
v 0.461029 0.791542 -2.274968
vn -0.707105 0.702559 0.080081
f 1265/1/317 1266/2/317 1267/3/317 1268/4/317
v 0.461029 0.791542 -2.274968
v 0.461029 0.817229 -2.500321
v 0.455000 0.794867 -2.502813
v 0.455000 0.769194 -2.277578
vn -0.965926 0.257155 0.029312
f 1269/1/318 1270/2/318 1271/3/318 1272/4/318
v 0.455000 0.769194 -2.277578
v 0.455000 0.794867 -2.502813
v 0.461029 0.772506 -2.505304
v 0.461029 0.746846 -2.280188
vn -0.965926 -0.257155 -0.029312
f 1273/1/319 1274/2/319 1275/3/319 1276/4/319
v 0.461029 0.746846 -2.280188
v 0.461029 0.772506 -2.505304
v 0.477500 0.756136 -2.507127
v 0.477500 0.730486 -2.282098
vn -0.707105 -0.702559 -0.080081
f 1277/1/320 1278/2/320 1279/3/320 1280/4/320
v 0.477500 0.730486 -2.282098
v 0.477500 0.756136 -2.507127
v 0.500000 0.750144 -2.507795
v 0.500000 0.724498 -2.282797
vn -0.258818 -0.959712 -0.109393
f 1281/1/321 1282/2/321 1283/3/321 1284/4/321
v 0.500000 0.724498 -2.282797
v 0.500000 0.750144 -2.507795
v 0.522500 0.756136 -2.507127
v 0.522500 0.730486 -2.282098
vn 0.258818 -0.959712 -0.109393
f 1285/1/322 1286/2/322 1287/3/322 1288/4/322
v 0.522500 0.730486 -2.282098
v 0.522500 0.756136 -2.507127
v 0.538971 0.772506 -2.505304
v 0.538971 0.746846 -2.280188
vn 0.707105 -0.702559 -0.080081
f 1289/1/323 1290/2/323 1291/3/323 1292/4/323
v 0.538971 0.746846 -2.280188
v 0.538971 0.772506 -2.505304
v 0.545000 0.794867 -2.502813
v 0.545000 0.769194 -2.277578
vn 0.965926 -0.257155 -0.029312
f 1293/1/324 1294/2/324 1295/3/324 1296/4/324
v 0.545000 0.794867 -2.502813
v 0.545000 0.819377 -2.728047
v 0.538971 0.841751 -2.725665
v 0.538971 0.817229 -2.500321
vn 0.965926 0.257301 0.027999
f 1297/1/325 1298/2/325 1299/3/325 1300/4/325
v 0.538971 0.817229 -2.500321
v 0.538971 0.841751 -2.725665
v 0.522500 0.858129 -2.723922
v 0.522500 0.833599 -2.498498
vn 0.707106 0.702958 0.076494
f 1301/1/326 1302/2/326 1303/3/326 1304/4/326
v 0.522500 0.833599 -2.498498
v 0.522500 0.858129 -2.723922
v 0.500000 0.864124 -2.723284
v 0.500000 0.839591 -2.497830
vn 0.258818 0.960257 0.104493
f 1305/1/327 1306/2/327 1307/3/327 1308/4/327
v 0.500000 0.839591 -2.497830
v 0.500000 0.864124 -2.723284
v 0.477500 0.858129 -2.723922
v 0.477500 0.833599 -2.498498
vn -0.258818 0.960257 0.104493
f 1309/1/328 1310/2/328 1311/3/328 1312/4/328
v 0.477500 0.833599 -2.498498
v 0.477500 0.858129 -2.723922
v 0.461029 0.841751 -2.725665
v 0.461029 0.817229 -2.500321
vn -0.707106 0.702958 0.076494
f 1313/1/329 1314/2/329 1315/3/329 1316/4/329
v 0.461029 0.817229 -2.500321
v 0.461029 0.841751 -2.725665
v 0.455000 0.819377 -2.728047
v 0.455000 0.794867 -2.502813
vn -0.965926 0.257301 0.027999
f 1317/1/330 1318/2/330 1319/3/330 1320/4/330
v 0.455000 0.794867 -2.502813
v 0.455000 0.819377 -2.728047
v 0.461029 0.797003 -2.730428
v 0.461029 0.772506 -2.505304
vn -0.965926 -0.257301 -0.027999
f 1321/1/331 1322/2/331 1323/3/331 1324/4/331
v 0.461029 0.772506 -2.505304
v 0.461029 0.797003 -2.730428
v 0.477500 0.780625 -2.732172
v 0.477500 0.756136 -2.507127
vn -0.707106 -0.702958 -0.076494
f 1325/1/332 1326/2/332 1327/3/332 1328/4/332
v 0.477500 0.756136 -2.507127
v 0.477500 0.780625 -2.732172
v 0.500000 0.774630 -2.732810
v 0.500000 0.750144 -2.507795
vn -0.258818 -0.960257 -0.104493
f 1329/1/333 1330/2/333 1331/3/333 1332/4/333
v 0.500000 0.750144 -2.507795
v 0.500000 0.774630 -2.732810
v 0.522500 0.780625 -2.732172
v 0.522500 0.756136 -2.507127
vn 0.258818 -0.960257 -0.104493
f 1333/1/334 1334/2/334 1335/3/334 1336/4/334
v 0.522500 0.756136 -2.507127
v 0.522500 0.780625 -2.732172
v 0.538971 0.797003 -2.730428
v 0.538971 0.772506 -2.505304
vn 0.707106 -0.702958 -0.076494
f 1337/1/335 1338/2/335 1339/3/335 1340/4/335
v 0.538971 0.772506 -2.505304
v 0.538971 0.797003 -2.730428
v 0.545000 0.819377 -2.728047
v 0.545000 0.794867 -2.502813
vn 0.965926 -0.257301 -0.027999
f 1341/1/336 1342/2/336 1343/3/336 1344/4/336
v 0.545000 0.819377 -2.728047
v 0.545000 0.842815 -2.953281
v 0.538971 0.865199 -2.951001
v 0.538971 0.841751 -2.725665
vn 0.965926 0.257430 0.026788
f 1345/1/337 1346/2/337 1347/3/337 1348/4/337
v 0.538971 0.841751 -2.725665
v 0.538971 0.865199 -2.951001
v 0.522500 0.881585 -2.949331
v 0.522500 0.858129 -2.723922
vn 0.707106 0.703310 0.073186
f 1349/1/338 1350/2/338 1351/3/338 1352/4/338
v 0.522500 0.858129 -2.723922
v 0.522500 0.881585 -2.949331
v 0.500000 0.887583 -2.948720
v 0.500000 0.864124 -2.723284
vn 0.258818 0.960738 0.099975
f 1353/1/339 1354/2/339 1355/3/339 1356/4/339
v 0.500000 0.864124 -2.723284
v 0.500000 0.887583 -2.948720
v 0.477500 0.881585 -2.949331
v 0.477500 0.858129 -2.723922
vn -0.258818 0.960738 0.099975
f 1357/1/340 1358/2/340 1359/3/340 1360/4/340
v 0.477500 0.858129 -2.723922
v 0.477500 0.881585 -2.949331
v 0.461029 0.865199 -2.951001
v 0.461029 0.841751 -2.725665
vn -0.707106 0.703310 0.073187
f 1361/1/341 1362/2/341 1363/3/341 1364/4/341
v 0.461029 0.841751 -2.725665
v 0.461029 0.865199 -2.951001
v 0.455000 0.842815 -2.953281
v 0.455000 0.819377 -2.728047
vn -0.965926 0.257430 0.026788
f 1365/1/342 1366/2/342 1367/3/342 1368/4/342
v 0.455000 0.819377 -2.728047
v 0.455000 0.842815 -2.953281
v 0.461029 0.820431 -2.955562
v 0.461029 0.797003 -2.730428
vn -0.965926 -0.257430 -0.026788
f 1369/1/343 1370/2/343 1371/3/343 1372/4/343
v 0.461029 0.797003 -2.730428
v 0.461029 0.820431 -2.955562
v 0.477500 0.804044 -2.957231
v 0.477500 0.780625 -2.732172
vn -0.707106 -0.703310 -0.073186
f 1373/1/344 1374/2/344 1375/3/344 1376/4/344
v 0.477500 0.780625 -2.732172
v 0.477500 0.804044 -2.957231
v 0.500000 0.798047 -2.957843
v 0.500000 0.774630 -2.732810
vn -0.258818 -0.960738 -0.099974
f 1377/1/345 1378/2/345 1379/3/345 1380/4/345
v 0.500000 0.774630 -2.732810
v 0.500000 0.798047 -2.957843
v 0.522500 0.804044 -2.957231
v 0.522500 0.780625 -2.732172
vn 0.258818 -0.960738 -0.099974
f 1381/1/346 1382/2/346 1383/3/346 1384/4/346
v 0.522500 0.780625 -2.732172
v 0.522500 0.804044 -2.957231
v 0.538971 0.820431 -2.955562
v 0.538971 0.797003 -2.730428
vn 0.707106 -0.703310 -0.073186
f 1385/1/347 1386/2/347 1387/3/347 1388/4/347
v 0.538971 0.797003 -2.730428
v 0.538971 0.820431 -2.955562
v 0.545000 0.842815 -2.953281
v 0.545000 0.819377 -2.728047
vn 0.965926 -0.257430 -0.026788
f 1389/1/348 1390/2/348 1391/3/348 1392/4/348
v 0.545000 0.842815 -2.953281
v 0.545000 0.865274 -3.178516
v 0.538971 0.887667 -3.176327
v 0.538971 0.865199 -2.951001
vn 0.965926 0.257542 0.025680
f 1393/1/349 1394/2/349 1395/3/349 1396/4/349
v 0.538971 0.865199 -2.951001
v 0.538971 0.887667 -3.176327
v 0.522500 0.904060 -3.174724
v 0.522500 0.881585 -2.949331
vn 0.707106 0.703618 0.070160
f 1397/1/350 1398/2/350 1399/3/350 1400/4/350
v 0.522500 0.881585 -2.949331
v 0.522500 0.904060 -3.174724
v 0.500000 0.910060 -3.174138
v 0.500000 0.887583 -2.948720
vn 0.258818 0.961160 0.095840
f 1401/1/351 1402/2/351 1403/3/351 1404/4/351
v 0.500000 0.887583 -2.948720
v 0.500000 0.910060 -3.174138
v 0.477500 0.904060 -3.174724
v 0.477500 0.881585 -2.949331
vn -0.258818 0.961160 0.095840
f 1405/1/352 1406/2/352 1407/3/352 1408/4/352
v 0.477500 0.881585 -2.949331
v 0.477500 0.904060 -3.174724
v 0.461029 0.887667 -3.176327
v 0.461029 0.865199 -2.951001
vn -0.707106 0.703618 0.070160
f 1409/1/353 1410/2/353 1411/3/353 1412/4/353
v 0.461029 0.865199 -2.951001
v 0.461029 0.887667 -3.176327
v 0.455000 0.865274 -3.178516
v 0.455000 0.842815 -2.953281
vn -0.965926 0.257542 0.025680
f 1413/1/354 1414/2/354 1415/3/354 1416/4/354
v 0.455000 0.842815 -2.953281
v 0.455000 0.865274 -3.178516
v 0.461029 0.842880 -3.180704
v 0.461029 0.820431 -2.955562
vn -0.965926 -0.257542 -0.025680
f 1417/1/355 1418/2/355 1419/3/355 1420/4/355
v 0.461029 0.820431 -2.955562
v 0.461029 0.842880 -3.180704
v 0.477500 0.826487 -3.182307
v 0.477500 0.804044 -2.957231
vn -0.707106 -0.703618 -0.070160
f 1421/1/356 1422/2/356 1423/3/356 1424/4/356
v 0.477500 0.804044 -2.957231
v 0.477500 0.826487 -3.182307
v 0.500000 0.820487 -3.182893
v 0.500000 0.798047 -2.957843
vn -0.258818 -0.961160 -0.095840
f 1425/1/357 1426/2/357 1427/3/357 1428/4/357
v 0.500000 0.798047 -2.957843
v 0.500000 0.820487 -3.182893
v 0.522500 0.826487 -3.182307
v 0.522500 0.804044 -2.957231
vn 0.258818 -0.961160 -0.095840
f 1429/1/358 1430/2/358 1431/3/358 1432/4/358
v 0.522500 0.804044 -2.957231
v 0.522500 0.826487 -3.182307
v 0.538971 0.842880 -3.180704
v 0.538971 0.820431 -2.955562
vn 0.707106 -0.703618 -0.070160
f 1433/1/359 1434/2/359 1435/3/359 1436/4/359
v 0.538971 0.820431 -2.955562
v 0.538971 0.842880 -3.180704
v 0.545000 0.865274 -3.178516
v 0.545000 0.842815 -2.953281
vn 0.965926 -0.257542 -0.025680
f 1437/1/360 1438/2/360 1439/3/360 1440/4/360
v 0.545000 0.865274 -3.178516
v 0.545000 0.886846 -3.403750
v 0.538971 0.909247 -3.401644
v 0.538971 0.887667 -3.176327
vn 0.965926 0.257641 0.024676
f 1441/1/361 1442/2/361 1443/3/361 1444/4/361
v 0.538971 0.887667 -3.176327
v 0.538971 0.909247 -3.401644
v 0.522500 0.925646 -3.400102
v 0.522500 0.904060 -3.174724
vn 0.707106 0.703886 0.067416
f 1445/1/362 1446/2/362 1447/3/362 1448/4/362
v 0.522500 0.904060 -3.174724
v 0.522500 0.925646 -3.400102
v 0.500000 0.931648 -3.399538
v 0.500000 0.910060 -3.174138
vn 0.258819 0.961526 0.092091
f 1449/1/363 1450/2/363 1451/3/363 1452/4/363
v 0.500000 0.910060 -3.174138
v 0.500000 0.931648 -3.399538
v 0.477500 0.925646 -3.400102
v 0.477500 0.904060 -3.174724
vn -0.258819 0.961526 0.092091
f 1453/1/364 1454/2/364 1455/3/364 1456/4/364
v 0.477500 0.904060 -3.174724
v 0.477500 0.925646 -3.400102
v 0.461029 0.909247 -3.401644
v 0.461029 0.887667 -3.176327
vn -0.707106 0.703886 0.067416
f 1457/1/365 1458/2/365 1459/3/365 1460/4/365
v 0.461029 0.887667 -3.176327
v 0.461029 0.909247 -3.401644
v 0.455000 0.886846 -3.403750
v 0.455000 0.865274 -3.178516
vn -0.965926 0.257641 0.024676
f 1461/1/366 1462/2/366 1463/3/366 1464/4/366
v 0.455000 0.865274 -3.178516
v 0.455000 0.886846 -3.403750
v 0.461029 0.864444 -3.405856
v 0.461029 0.842880 -3.180704
vn -0.965926 -0.257641 -0.024676
f 1465/1/367 1466/2/367 1467/3/367 1468/4/367
v 0.461029 0.842880 -3.180704
v 0.461029 0.864444 -3.405856
v 0.477500 0.848046 -3.407398
v 0.477500 0.826487 -3.182307
vn -0.707106 -0.703886 -0.067416
f 1469/1/368 1470/2/368 1471/3/368 1472/4/368
v 0.477500 0.826487 -3.182307
v 0.477500 0.848046 -3.407398
v 0.500000 0.842043 -3.407962
v 0.500000 0.820487 -3.182893
vn -0.258819 -0.961526 -0.092091
f 1473/1/369 1474/2/369 1475/3/369 1476/4/369
v 0.500000 0.820487 -3.182893
v 0.500000 0.842043 -3.407962
v 0.522500 0.848046 -3.407398
v 0.522500 0.826487 -3.182307
vn 0.258819 -0.961526 -0.092091
f 1477/1/370 1478/2/370 1479/3/370 1480/4/370
v 0.522500 0.826487 -3.182307
v 0.522500 0.848046 -3.407398
v 0.538971 0.864444 -3.405856
v 0.538971 0.842880 -3.180704
vn 0.707106 -0.703886 -0.067416
f 1481/1/371 1482/2/371 1483/3/371 1484/4/371
v 0.538971 0.842880 -3.180704
v 0.538971 0.864444 -3.405856
v 0.545000 0.886846 -3.403750
v 0.545000 0.865274 -3.178516
vn 0.965926 -0.257641 -0.024676
f 1485/1/372 1486/2/372 1487/3/372 1488/4/372
v 0.545000 0.886846 -3.403750
v 0.545000 0.907624 -3.628984
v 0.538971 0.930032 -3.626952
v 0.538971 0.909247 -3.401644
vn 0.965926 0.257725 0.023775
f 1489/1/373 1490/2/373 1491/3/373 1492/4/373
v 0.538971 0.909247 -3.401644
v 0.538971 0.930032 -3.626952
v 0.522500 0.946435 -3.625464
v 0.522500 0.925646 -3.400102
vn 0.707106 0.704118 0.064955
f 1493/1/374 1494/2/374 1495/3/374 1496/4/374
v 0.522500 0.925646 -3.400102
v 0.522500 0.946435 -3.625464
v 0.500000 0.952440 -3.624920
v 0.500000 0.931648 -3.399538
vn 0.258819 0.961842 0.088730
f 1497/1/375 1498/2/375 1499/3/375 1500/4/375
v 0.500000 0.931648 -3.399538
v 0.500000 0.952440 -3.624920
v 0.477500 0.946435 -3.625464
v 0.477500 0.925646 -3.400102
vn -0.258819 0.961842 0.088730
f 1501/1/376 1502/2/376 1503/3/376 1504/4/376
v 0.477500 0.925646 -3.400102
v 0.477500 0.946435 -3.625464
v 0.461029 0.930032 -3.626952
v 0.461029 0.909247 -3.401644
vn -0.707106 0.704118 0.064955
f 1505/1/377 1506/2/377 1507/3/377 1508/4/377
v 0.461029 0.909247 -3.401644
v 0.461029 0.930032 -3.626952
v 0.455000 0.907624 -3.628984
v 0.455000 0.886846 -3.403750
vn -0.965926 0.257725 0.023775
f 1509/1/378 1510/2/378 1511/3/378 1512/4/378
v 0.455000 0.886846 -3.403750
v 0.455000 0.907624 -3.628984
v 0.461029 0.885216 -3.631017
v 0.461029 0.864444 -3.405856
vn -0.965926 -0.257725 -0.023775
f 1513/1/379 1514/2/379 1515/3/379 1516/4/379
v 0.461029 0.864444 -3.405856
v 0.461029 0.885216 -3.631017
v 0.477500 0.868812 -3.632504
v 0.477500 0.848046 -3.407398
vn -0.707106 -0.704118 -0.064955
f 1517/1/380 1518/2/380 1519/3/380 1520/4/380
v 0.477500 0.848046 -3.407398
v 0.477500 0.868812 -3.632504
v 0.500000 0.862807 -3.633049
v 0.500000 0.842043 -3.407962
vn -0.258819 -0.961842 -0.088730
f 1521/1/381 1522/2/381 1523/3/381 1524/4/381
v 0.500000 0.842043 -3.407962
v 0.500000 0.862807 -3.633049
v 0.522500 0.868812 -3.632504
v 0.522500 0.848046 -3.407398
vn 0.258819 -0.961842 -0.088730
f 1525/1/382 1526/2/382 1527/3/382 1528/4/382
v 0.522500 0.848046 -3.407398
v 0.522500 0.868812 -3.632504
v 0.538971 0.885216 -3.631017
v 0.538971 0.864444 -3.405856
vn 0.707106 -0.704118 -0.064955
f 1529/1/383 1530/2/383 1531/3/383 1532/4/383
v 0.538971 0.864444 -3.405856
v 0.538971 0.885216 -3.631017
v 0.545000 0.907624 -3.628984
v 0.545000 0.886846 -3.403750
vn 0.965926 -0.257725 -0.023775
f 1533/1/384 1534/2/384 1535/3/384 1536/4/384
v 0.545000 0.907624 -3.628984
v 0.545000 0.927700 -3.854219
v 0.538971 0.950113 -3.852251
v 0.538971 0.930032 -3.626952
vn 0.965926 0.257797 0.022979
f 1537/1/385 1538/2/385 1539/3/385 1540/4/385
v 0.538971 0.930032 -3.626952
v 0.538971 0.950113 -3.852251
v 0.522500 0.966521 -3.850811
v 0.522500 0.946435 -3.625464
vn 0.707106 0.704315 0.062779
f 1541/1/386 1542/2/386 1543/3/386 1544/4/386
v 0.522500 0.946435 -3.625464
v 0.522500 0.966521 -3.850811
v 0.500000 0.972527 -3.850284
v 0.500000 0.952440 -3.624920
vn 0.258819 0.962112 0.085757
f 1545/1/387 1546/2/387 1547/3/387 1548/4/387
v 0.500000 0.952440 -3.624920
v 0.500000 0.972527 -3.850284
v 0.477500 0.966521 -3.850811
v 0.477500 0.946435 -3.625464
vn -0.258819 0.962112 0.085757
f 1549/1/388 1550/2/388 1551/3/388 1552/4/388
v 0.477500 0.946435 -3.625464
v 0.477500 0.966521 -3.850811
v 0.461029 0.950113 -3.852251
v 0.461029 0.930032 -3.626952
vn -0.707106 0.704315 0.062779
f 1553/1/389 1554/2/389 1555/3/389 1556/4/389
v 0.461029 0.930032 -3.626952
v 0.461029 0.950113 -3.852251
v 0.455000 0.927700 -3.854219
v 0.455000 0.907624 -3.628984
vn -0.965926 0.257797 0.022979
f 1557/1/390 1558/2/390 1559/3/390 1560/4/390
v 0.455000 0.907624 -3.628984
v 0.455000 0.927700 -3.854219
v 0.461029 0.905286 -3.856186
v 0.461029 0.885216 -3.631017
vn -0.965926 -0.257797 -0.022979
f 1561/1/391 1562/2/391 1563/3/391 1564/4/391
v 0.461029 0.885216 -3.631017
v 0.461029 0.905286 -3.856186
v 0.477500 0.888878 -3.857627
v 0.477500 0.868812 -3.632504
vn -0.707106 -0.704315 -0.062778
f 1565/1/392 1566/2/392 1567/3/392 1568/4/392
v 0.477500 0.868812 -3.632504
v 0.477500 0.888878 -3.857627
v 0.500000 0.882872 -3.858154
v 0.500000 0.862807 -3.633049
vn -0.258819 -0.962112 -0.085757
f 1569/1/393 1570/2/393 1571/3/393 1572/4/393
v 0.500000 0.862807 -3.633049
v 0.500000 0.882872 -3.858154
v 0.522500 0.888878 -3.857627
v 0.522500 0.868812 -3.632504
vn 0.258819 -0.962112 -0.085757
f 1573/1/394 1574/2/394 1575/3/394 1576/4/394
v 0.522500 0.868812 -3.632504
v 0.522500 0.888878 -3.857627
v 0.538971 0.905286 -3.856186
v 0.538971 0.885216 -3.631017
vn 0.707106 -0.704315 -0.062778
f 1577/1/395 1578/2/395 1579/3/395 1580/4/395
v 0.538971 0.885216 -3.631017
v 0.538971 0.905286 -3.856186
v 0.545000 0.927700 -3.854219
v 0.545000 0.907624 -3.628984
vn 0.965926 -0.257797 -0.022979
f 1581/1/396 1582/2/396 1583/3/396 1584/4/396
v 0.545000 0.927700 -3.854219
v 0.545000 0.947166 -4.079453
v 0.538971 0.969585 -4.077541
v 0.538971 0.950113 -3.852251
vn 0.965926 0.257858 0.022286
f 1585/1/397 1586/2/397 1587/3/397 1588/4/397
v 0.538971 0.950113 -3.852251
v 0.538971 0.969585 -4.077541
v 0.522500 0.985997 -4.076142
v 0.522500 0.966521 -3.850811
vn 0.707106 0.704481 0.060887
f 1589/1/398 1590/2/398 1591/3/398 1592/4/398
v 0.522500 0.966521 -3.850811
v 0.522500 0.985997 -4.076142
v 0.500000 0.992004 -4.075629
v 0.500000 0.972527 -3.850284
vn 0.258819 0.962338 0.083174
f 1593/1/399 1594/2/399 1595/3/399 1596/4/399
v 0.500000 0.972527 -3.850284
v 0.500000 0.992004 -4.075629
v 0.477500 0.985997 -4.076142
v 0.477500 0.966521 -3.850811
vn -0.258819 0.962338 0.083174
f 1597/1/400 1598/2/400 1599/3/400 1600/4/400
v 0.477500 0.966521 -3.850811
v 0.477500 0.985997 -4.076142
v 0.461029 0.969585 -4.077541
v 0.461029 0.950113 -3.852251
vn -0.707106 0.704481 0.060887
f 1601/1/401 1602/2/401 1603/3/401 1604/4/401
v 0.461029 0.950113 -3.852251
v 0.461029 0.969585 -4.077541
v 0.455000 0.947166 -4.079453
v 0.455000 0.927700 -3.854219
vn -0.965926 0.257858 0.022286
f 1605/1/402 1606/2/402 1607/3/402 1608/4/402
v 0.455000 0.927700 -3.854219
v 0.455000 0.947166 -4.079453
v 0.461029 0.924748 -4.081365
v 0.461029 0.905286 -3.856186
vn -0.965926 -0.257858 -0.022286
f 1609/1/403 1610/2/403 1611/3/403 1612/4/403
v 0.461029 0.905286 -3.856186
v 0.461029 0.924748 -4.081365
v 0.477500 0.908336 -4.082765
v 0.477500 0.888878 -3.857627
vn -0.707106 -0.704481 -0.060887
f 1613/1/404 1614/2/404 1615/3/404 1616/4/404
v 0.477500 0.888878 -3.857627
v 0.477500 0.908336 -4.082765
v 0.500000 0.902329 -4.083277
v 0.500000 0.882872 -3.858154
vn -0.258819 -0.962338 -0.083174
f 1617/1/405 1618/2/405 1619/3/405 1620/4/405
v 0.500000 0.882872 -3.858154
v 0.500000 0.902329 -4.083277
v 0.522500 0.908336 -4.082765
v 0.522500 0.888878 -3.857627
vn 0.258819 -0.962338 -0.083174
f 1621/1/406 1622/2/406 1623/3/406 1624/4/406
v 0.522500 0.888878 -3.857627
v 0.522500 0.908336 -4.082765
v 0.538971 0.924748 -4.081365
v 0.538971 0.905286 -3.856186
vn 0.707106 -0.704481 -0.060887
f 1625/1/407 1626/2/407 1627/3/407 1628/4/407
v 0.538971 0.905286 -3.856186
v 0.538971 0.924748 -4.081365
v 0.545000 0.947166 -4.079453
v 0.545000 0.927700 -3.854219
vn 0.965926 -0.257858 -0.022286
f 1629/1/408 1630/2/408 1631/3/408 1632/4/408
v 0.545000 0.947166 -4.079453
v 0.545000 0.966116 -4.304688
v 0.538971 0.988539 -4.302822
v 0.538971 0.969585 -4.077541
vn 0.965926 0.257908 0.021699
f 1633/1/409 1634/2/409 1635/3/409 1636/4/409
v 0.538971 0.969585 -4.077541
v 0.538971 0.988539 -4.302822
v 0.522500 1.004953 -4.301457
v 0.522500 0.985997 -4.076142
vn 0.707107 0.704618 0.059282
f 1637/1/410 1638/2/410 1639/3/410 1640/4/410
v 0.522500 0.985997 -4.076142
v 0.522500 1.004953 -4.301457
v 0.500000 1.010961 -4.300957
v 0.500000 0.992004 -4.075629
vn 0.258819 0.962525 0.080981
f 1641/1/411 1642/2/411 1643/3/411 1644/4/411
v 0.500000 0.992004 -4.075629
v 0.500000 1.010961 -4.300957
v 0.477500 1.004953 -4.301457
v 0.477500 0.985997 -4.076142
vn -0.258819 0.962525 0.080981
f 1645/1/412 1646/2/412 1647/3/412 1648/4/412
v 0.477500 0.985997 -4.076142
v 0.477500 1.004953 -4.301457
v 0.461029 0.988539 -4.302822
v 0.461029 0.969585 -4.077541
vn -0.707107 0.704618 0.059282
f 1649/1/413 1650/2/413 1651/3/413 1652/4/413
v 0.461029 0.969585 -4.077541
v 0.461029 0.988539 -4.302822
v 0.455000 0.966116 -4.304688
v 0.455000 0.947166 -4.079453
vn -0.965926 0.257908 0.021699
f 1653/1/414 1654/2/414 1655/3/414 1656/4/414
v 0.455000 0.947166 -4.079453
v 0.455000 0.966116 -4.304688
v 0.461029 0.943694 -4.306553
v 0.461029 0.924748 -4.081365
vn -0.965926 -0.257908 -0.021699
f 1657/1/415 1658/2/415 1659/3/415 1660/4/415
v 0.461029 0.924748 -4.081365
v 0.461029 0.943694 -4.306553
v 0.477500 0.927279 -4.307918
v 0.477500 0.908336 -4.082765
vn -0.707107 -0.704618 -0.059282
f 1661/1/416 1662/2/416 1663/3/416 1664/4/416
v 0.477500 0.908336 -4.082765
v 0.477500 0.927279 -4.307918
v 0.500000 0.921271 -4.308418
v 0.500000 0.902329 -4.083277
vn -0.258819 -0.962525 -0.080981
f 1665/1/417 1666/2/417 1667/3/417 1668/4/417
v 0.500000 0.902329 -4.083277
v 0.500000 0.921271 -4.308418
v 0.522500 0.927279 -4.307918
v 0.522500 0.908336 -4.082765
vn 0.258819 -0.962525 -0.080981
f 1669/1/418 1670/2/418 1671/3/418 1672/4/418
v 0.522500 0.908336 -4.082765
v 0.522500 0.927279 -4.307918
v 0.538971 0.943694 -4.306553
v 0.538971 0.924748 -4.081365
vn 0.707107 -0.704618 -0.059282
f 1673/1/419 1674/2/419 1675/3/419 1676/4/419
v 0.538971 0.924748 -4.081365
v 0.538971 0.943694 -4.306553
v 0.545000 0.966116 -4.304688
v 0.545000 0.947166 -4.079453
vn 0.965926 -0.257908 -0.021699
f 1677/1/420 1678/2/420 1679/3/420 1680/4/420
v 0.545000 0.966116 -4.304688
v 0.545000 0.984641 -4.529922
v 0.538971 1.007067 -4.528094
v 0.538971 0.988539 -4.302822
vn 0.965926 0.257948 0.021216
f 1681/1/421 1682/2/421 1683/3/421 1684/4/421
v 0.538971 0.988539 -4.302822
v 0.538971 1.007067 -4.528094
v 0.522500 1.023484 -4.526756
v 0.522500 1.004953 -4.301457
vn 0.707107 0.704727 0.057963
f 1685/1/422 1686/2/422 1687/3/422 1688/4/422
v 0.522500 1.004953 -4.301457
v 0.522500 1.023484 -4.526756
v 0.500000 1.029493 -4.526266
v 0.500000 1.010961 -4.300957
vn 0.258819 0.962675 0.079179
f 1689/1/423 1690/2/423 1691/3/423 1692/4/423
v 0.500000 1.010961 -4.300957
v 0.500000 1.029493 -4.526266
v 0.477500 1.023484 -4.526756
v 0.477500 1.004953 -4.301457
vn -0.258819 0.962675 0.079179
f 1693/1/424 1694/2/424 1695/3/424 1696/4/424
v 0.477500 1.004953 -4.301457
v 0.477500 1.023484 -4.526756
v 0.461029 1.007067 -4.528094
v 0.461029 0.988539 -4.302822
vn -0.707107 0.704727 0.057963
f 1697/1/425 1698/2/425 1699/3/425 1700/4/425
v 0.461029 0.988539 -4.302822
v 0.461029 1.007067 -4.528094
v 0.455000 0.984641 -4.529922
v 0.455000 0.966116 -4.304688
vn -0.965926 0.257948 0.021216
f 1701/1/426 1702/2/426 1703/3/426 1704/4/426
v 0.455000 0.966116 -4.304688
v 0.455000 0.984641 -4.529922
v 0.461029 0.962216 -4.531750
v 0.461029 0.943694 -4.306553
vn -0.965926 -0.257948 -0.021216
f 1705/1/427 1706/2/427 1707/3/427 1708/4/427
v 0.461029 0.943694 -4.306553
v 0.461029 0.962216 -4.531750
v 0.477500 0.945799 -4.533088
v 0.477500 0.927279 -4.307918
vn -0.707107 -0.704727 -0.057963
f 1709/1/428 1710/2/428 1711/3/428 1712/4/428
v 0.477500 0.927279 -4.307918
v 0.477500 0.945799 -4.533088
v 0.500000 0.939790 -4.533578
v 0.500000 0.921271 -4.308418
vn -0.258819 -0.962675 -0.079179
f 1713/1/429 1714/2/429 1715/3/429 1716/4/429
v 0.500000 0.921271 -4.308418
v 0.500000 0.939790 -4.533578
v 0.522500 0.945799 -4.533088
v 0.522500 0.927279 -4.307918
vn 0.258819 -0.962675 -0.079179
f 1717/1/430 1718/2/430 1719/3/430 1720/4/430
v 0.522500 0.927279 -4.307918
v 0.522500 0.945799 -4.533088
v 0.538971 0.962216 -4.531750
v 0.538971 0.943694 -4.306553
vn 0.707107 -0.704727 -0.057963
f 1721/1/431 1722/2/431 1723/3/431 1724/4/431
v 0.538971 0.943694 -4.306553
v 0.538971 0.962216 -4.531750
v 0.545000 0.984641 -4.529922
v 0.545000 0.966116 -4.304688
vn 0.965926 -0.257948 -0.021216
f 1725/1/432 1726/2/432 1727/3/432 1728/4/432
v 0.545000 0.984641 -4.529922
v 0.545000 1.002835 -4.755156
v 0.538971 1.025262 -4.753357
v 0.538971 1.007067 -4.528094
vn 0.965926 0.257979 0.020838
f 1729/1/433 1730/2/433 1731/3/433 1732/4/433
v 0.538971 1.007067 -4.528094
v 0.538971 1.025262 -4.753357
v 0.522500 1.041681 -4.752039
v 0.522500 1.023484 -4.526756
vn 0.707107 0.704811 0.056931
f 1733/1/434 1734/2/434 1735/3/434 1736/4/434
v 0.522500 1.023484 -4.526756
v 0.522500 1.041681 -4.752039
v 0.500000 1.047690 -4.751557
v 0.500000 1.029493 -4.526266
vn 0.258819 0.962790 0.077769
f 1737/1/435 1738/2/435 1739/3/435 1740/4/435
v 0.500000 1.029493 -4.526266
v 0.500000 1.047690 -4.751557
v 0.477500 1.041681 -4.752039
v 0.477500 1.023484 -4.526756
vn -0.258819 0.962790 0.077769
f 1741/1/436 1742/2/436 1743/3/436 1744/4/436
v 0.477500 1.023484 -4.526756
v 0.477500 1.041681 -4.752039
v 0.461029 1.025262 -4.753357
v 0.461029 1.007067 -4.528094
vn -0.707107 0.704811 0.056931
f 1745/1/437 1746/2/437 1747/3/437 1748/4/437
v 0.461029 1.007067 -4.528094
v 0.461029 1.025262 -4.753357
v 0.455000 1.002835 -4.755156
v 0.455000 0.984641 -4.529922
vn -0.965926 0.257979 0.020838
f 1749/1/438 1750/2/438 1751/3/438 1752/4/438
v 0.455000 0.984641 -4.529922
v 0.455000 1.002835 -4.755156
v 0.461029 0.980407 -4.756956
v 0.461029 0.962216 -4.531750
vn -0.965926 -0.257979 -0.020838
f 1753/1/439 1754/2/439 1755/3/439 1756/4/439
v 0.461029 0.962216 -4.531750
v 0.461029 0.980407 -4.756956
v 0.477500 0.963988 -4.758273
v 0.477500 0.945799 -4.533088
vn -0.707107 -0.704811 -0.056931
f 1757/1/440 1758/2/440 1759/3/440 1760/4/440
v 0.477500 0.945799 -4.533088
v 0.477500 0.963988 -4.758273
v 0.500000 0.957979 -4.758756
v 0.500000 0.939790 -4.533578
vn -0.258819 -0.962790 -0.077769
f 1761/1/441 1762/2/441 1763/3/441 1764/4/441
v 0.500000 0.939790 -4.533578
v 0.500000 0.957979 -4.758756
v 0.522500 0.963988 -4.758273
v 0.522500 0.945799 -4.533088
vn 0.258819 -0.962790 -0.077769
f 1765/1/442 1766/2/442 1767/3/442 1768/4/442
v 0.522500 0.945799 -4.533088
v 0.522500 0.963988 -4.758273
v 0.538971 0.980407 -4.756956
v 0.538971 0.962216 -4.531750
vn 0.707107 -0.704811 -0.056931
f 1769/1/443 1770/2/443 1771/3/443 1772/4/443
v 0.538971 0.962216 -4.531750
v 0.538971 0.980407 -4.756956
v 0.545000 1.002835 -4.755156
v 0.545000 0.984641 -4.529922
vn 0.965926 -0.257979 -0.020838
f 1773/1/444 1774/2/444 1775/3/444 1776/4/444
v 0.545000 1.002835 -4.755156
v 0.545000 1.020788 -4.980391
v 0.538971 1.043217 -4.978610
v 0.538971 1.025262 -4.753357
vn 0.965926 0.258001 0.020565
f 1777/1/445 1778/2/445 1779/3/445 1780/4/445
v 0.538971 1.025262 -4.753357
v 0.538971 1.043217 -4.978610
v 0.522500 1.059637 -4.977307
v 0.522500 1.041681 -4.752039
vn 0.707107 0.704871 0.056186
f 1781/1/446 1782/2/446 1783/3/446 1784/4/446
v 0.522500 1.041681 -4.752039
v 0.522500 1.059637 -4.977307
v 0.500000 1.065647 -4.976830
v 0.500000 1.047690 -4.751557
vn 0.258819 0.962872 0.076751
f 1785/1/447 1786/2/447 1787/3/447 1788/4/447
v 0.500000 1.047690 -4.751557
v 0.500000 1.065647 -4.976830
v 0.477500 1.059637 -4.977307
v 0.477500 1.041681 -4.752039
vn -0.258819 0.962872 0.076751
f 1789/1/448 1790/2/448 1791/3/448 1792/4/448
v 0.477500 1.041681 -4.752039
v 0.477500 1.059637 -4.977307
v 0.461029 1.043217 -4.978610
v 0.461029 1.025262 -4.753357
vn -0.707107 0.704871 0.056186
f 1793/1/449 1794/2/449 1795/3/449 1796/4/449
v 0.461029 1.025262 -4.753357
v 0.461029 1.043217 -4.978610
v 0.455000 1.020788 -4.980391
v 0.455000 1.002835 -4.755156
vn -0.965926 0.258001 0.020565
f 1797/1/450 1798/2/450 1799/3/450 1800/4/450
v 0.455000 1.002835 -4.755156
v 0.455000 1.020788 -4.980391
v 0.461029 0.998359 -4.982171
v 0.461029 0.980407 -4.756956
vn -0.965926 -0.258001 -0.020565
f 1801/1/451 1802/2/451 1803/3/451 1804/4/451
v 0.461029 0.980407 -4.756956
v 0.461029 0.998359 -4.982171
v 0.477500 0.981939 -4.983475
v 0.477500 0.963988 -4.758273
vn -0.707107 -0.704871 -0.056186
f 1805/1/452 1806/2/452 1807/3/452 1808/4/452
v 0.477500 0.963988 -4.758273
v 0.477500 0.981939 -4.983475
v 0.500000 0.975929 -4.983952
v 0.500000 0.957979 -4.758756
vn -0.258819 -0.962872 -0.076751
f 1809/1/453 1810/2/453 1811/3/453 1812/4/453
v 0.500000 0.957979 -4.758756
v 0.500000 0.975929 -4.983952
v 0.522500 0.981939 -4.983475
v 0.522500 0.963988 -4.758273
vn 0.258819 -0.962872 -0.076751
f 1813/1/454 1814/2/454 1815/3/454 1816/4/454
v 0.522500 0.963988 -4.758273
v 0.522500 0.981939 -4.983475
v 0.538971 0.998359 -4.982171
v 0.538971 0.980407 -4.756956
vn 0.707107 -0.704871 -0.056186
f 1817/1/455 1818/2/455 1819/3/455 1820/4/455
v 0.538971 0.980407 -4.756956
v 0.538971 0.998359 -4.982171
v 0.545000 1.020788 -4.980391
v 0.545000 1.002835 -4.755156
vn 0.965926 -0.258001 -0.020565
f 1821/1/456 1822/2/456 1823/3/456 1824/4/456
v 0.545000 1.020788 -4.980391
v 0.545000 1.038594 -5.205625
v 0.538971 1.061025 -5.203854
v 0.538971 1.043217 -4.978610
vn 0.965926 0.258014 0.020398
f 1825/1/457 1826/2/457 1827/3/457 1828/4/457
v 0.538971 1.043217 -4.978610
v 0.538971 1.061025 -5.203854
v 0.522500 1.077445 -5.202558
v 0.522500 1.059637 -4.977307
vn 0.707107 0.704907 0.055728
f 1829/1/458 1830/2/458 1831/3/458 1832/4/458
v 0.522500 1.059637 -4.977307
v 0.522500 1.077445 -5.202558
v 0.500000 1.083455 -5.202084
v 0.500000 1.065647 -4.976830
vn 0.258819 0.962921 0.076126
f 1833/1/459 1834/2/459 1835/3/459 1836/4/459
v 0.500000 1.065647 -4.976830
v 0.500000 1.083455 -5.202084
v 0.477500 1.077445 -5.202558
v 0.477500 1.059637 -4.977307
vn -0.258819 0.962921 0.076126
f 1837/1/460 1838/2/460 1839/3/460 1840/4/460
v 0.477500 1.059637 -4.977307
v 0.477500 1.077445 -5.202558
v 0.461029 1.061025 -5.203854
v 0.461029 1.043217 -4.978610
vn -0.707107 0.704907 0.055728
f 1841/1/461 1842/2/461 1843/3/461 1844/4/461
v 0.461029 1.043217 -4.978610
v 0.461029 1.061025 -5.203854
v 0.455000 1.038594 -5.205625
v 0.455000 1.020788 -4.980391
vn -0.965926 0.258014 0.020398
f 1845/1/462 1846/2/462 1847/3/462 1848/4/462
v 0.455000 1.020788 -4.980391
v 0.455000 1.038594 -5.205625
v 0.461029 1.016164 -5.207396
v 0.461029 0.998359 -4.982171
vn -0.965926 -0.258014 -0.020398
f 1849/1/463 1850/2/463 1851/3/463 1852/4/463
v 0.461029 0.998359 -4.982171
v 0.461029 1.016164 -5.207396
v 0.477500 0.999744 -5.208692
v 0.477500 0.981939 -4.983475
vn -0.707107 -0.704907 -0.055728
f 1853/1/464 1854/2/464 1855/3/464 1856/4/464
v 0.477500 0.981939 -4.983475
v 0.477500 0.999744 -5.208692
v 0.500000 0.993734 -5.209166
v 0.500000 0.975929 -4.983952
vn -0.258819 -0.962921 -0.076126
f 1857/1/465 1858/2/465 1859/3/465 1860/4/465
v 0.500000 0.975929 -4.983952
v 0.500000 0.993734 -5.209166
v 0.522500 0.999744 -5.208692
v 0.522500 0.981939 -4.983475
vn 0.258819 -0.962921 -0.076126
f 1861/1/466 1862/2/466 1863/3/466 1864/4/466
v 0.522500 0.981939 -4.983475
v 0.522500 0.999744 -5.208692
v 0.538971 1.016164 -5.207396
v 0.538971 0.998359 -4.982171
vn 0.707107 -0.704907 -0.055728
f 1865/1/467 1866/2/467 1867/3/467 1868/4/467
v 0.538971 0.998359 -4.982171
v 0.538971 1.016164 -5.207396
v 0.545000 1.038594 -5.205625
v 0.545000 1.020788 -4.980391
vn 0.965926 -0.258014 -0.020398
f 1869/1/468 1870/2/468 1871/3/468 1872/4/468
v 0.545000 1.038594 -5.205625
v 0.545000 1.056346 -5.430859
v 0.538971 1.078776 -5.429090
v 0.538971 1.061025 -5.203854
vn 0.965926 0.258019 0.020335
f 1873/1/469 1874/2/469 1875/3/469 1876/4/469
v 0.538971 1.061025 -5.203854
v 0.538971 1.078776 -5.429090
v 0.522500 1.095196 -5.427794
v 0.522500 1.077445 -5.202558
vn 0.707107 0.704921 0.055557
f 1877/1/470 1878/2/470 1879/3/470 1880/4/470
v 0.522500 1.077445 -5.202558
v 0.522500 1.095196 -5.427794
v 0.500000 1.101207 -5.427320
v 0.500000 1.083455 -5.202084
vn 0.258819 0.962940 0.075893
f 1881/1/471 1882/2/471 1883/3/471 1884/4/471
v 0.500000 1.083455 -5.202084
v 0.500000 1.101207 -5.427320
v 0.477500 1.095196 -5.427794
v 0.477500 1.077445 -5.202558
vn -0.258819 0.962940 0.075893
f 1885/1/472 1886/2/472 1887/3/472 1888/4/472
v 0.477500 1.077445 -5.202558
v 0.477500 1.095196 -5.427794
v 0.461029 1.078776 -5.429090
v 0.461029 1.061025 -5.203854
vn -0.707107 0.704921 0.055557
f 1889/1/473 1890/2/473 1891/3/473 1892/4/473
v 0.461029 1.061025 -5.203854
v 0.461029 1.078776 -5.429090
v 0.455000 1.056346 -5.430859
v 0.455000 1.038594 -5.205625
vn -0.965926 0.258019 0.020335
f 1893/1/474 1894/2/474 1895/3/474 1896/4/474
v 0.455000 1.038594 -5.205625
v 0.455000 1.056346 -5.430859
v 0.461029 1.033916 -5.432629
v 0.461029 1.016164 -5.207396
vn -0.965926 -0.258019 -0.020335
f 1897/1/475 1898/2/475 1899/3/475 1900/4/475
v 0.461029 1.016164 -5.207396
v 0.461029 1.033916 -5.432629
v 0.477500 1.017496 -5.433925
v 0.477500 0.999744 -5.208692
vn -0.707107 -0.704921 -0.055557
f 1901/1/476 1902/2/476 1903/3/476 1904/4/476
v 0.477500 0.999744 -5.208692
v 0.477500 1.017496 -5.433925
v 0.500000 1.011485 -5.434399
v 0.500000 0.993734 -5.209166
vn -0.258819 -0.962940 -0.075893
f 1905/1/477 1906/2/477 1907/3/477 1908/4/477
v 0.500000 0.993734 -5.209166
v 0.500000 1.011485 -5.434399
v 0.522500 1.017496 -5.433925
v 0.522500 0.999744 -5.208692
vn 0.258819 -0.962940 -0.075893
f 1909/1/478 1910/2/478 1911/3/478 1912/4/478
v 0.522500 0.999744 -5.208692
v 0.522500 1.017496 -5.433925
v 0.538971 1.033916 -5.432629
v 0.538971 1.016164 -5.207396
vn 0.707107 -0.704921 -0.055557
f 1913/1/479 1914/2/479 1915/3/479 1916/4/479
v 0.538971 1.016164 -5.207396
v 0.538971 1.033916 -5.432629
v 0.545000 1.056346 -5.430859
v 0.545000 1.038594 -5.205625
vn 0.965926 -0.258019 -0.020335
f 1917/1/480 1918/2/480 1919/3/480 1920/4/480
v 0.545000 1.056346 -5.430859
v 0.545000 1.074135 -5.656094
v 0.538971 1.096565 -5.654316
v 0.538971 1.078776 -5.429090
vn 0.965926 0.258016 0.020378
f 1921/1/481 1922/2/481 1923/3/481 1924/4/481
v 0.538971 1.078776 -5.429090
v 0.538971 1.096565 -5.654316
v 0.522500 1.112984 -5.653014
v 0.522500 1.095196 -5.427794
vn 0.707107 0.704912 0.055675
f 1925/1/482 1926/2/482 1927/3/482 1928/4/482
v 0.522500 1.095196 -5.427794
v 0.522500 1.112984 -5.653014
v 0.500000 1.118994 -5.652538
v 0.500000 1.101207 -5.427320
vn 0.258819 0.962927 0.076053
f 1929/1/483 1930/2/483 1931/3/483 1932/4/483
v 0.500000 1.101207 -5.427320
v 0.500000 1.118994 -5.652538
v 0.477500 1.112984 -5.653014
v 0.477500 1.095196 -5.427794
vn -0.258819 0.962927 0.076053
f 1933/1/484 1934/2/484 1935/3/484 1936/4/484
v 0.477500 1.095196 -5.427794
v 0.477500 1.112984 -5.653014
v 0.461029 1.096565 -5.654316
v 0.461029 1.078776 -5.429090
vn -0.707107 0.704912 0.055675
f 1937/1/485 1938/2/485 1939/3/485 1940/4/485
v 0.461029 1.078776 -5.429090
v 0.461029 1.096565 -5.654316
v 0.455000 1.074135 -5.656094
v 0.455000 1.056346 -5.430859
vn -0.965926 0.258016 0.020378
f 1941/1/486 1942/2/486 1943/3/486 1944/4/486
v 0.455000 1.056346 -5.430859
v 0.455000 1.074135 -5.656094
v 0.461029 1.051706 -5.657872
v 0.461029 1.033916 -5.432629
vn -0.965926 -0.258016 -0.020378
f 1945/1/487 1946/2/487 1947/3/487 1948/4/487
v 0.461029 1.033916 -5.432629
v 0.461029 1.051706 -5.657872
v 0.477500 1.035286 -5.659173
v 0.477500 1.017496 -5.433925
vn -0.707107 -0.704912 -0.055675
f 1949/1/488 1950/2/488 1951/3/488 1952/4/488
v 0.477500 1.017496 -5.433925
v 0.477500 1.035286 -5.659173
v 0.500000 1.029276 -5.659650
v 0.500000 1.011485 -5.434399
vn -0.258819 -0.962927 -0.076053
f 1953/1/489 1954/2/489 1955/3/489 1956/4/489
v 0.500000 1.011485 -5.434399
v 0.500000 1.029276 -5.659650
v 0.522500 1.035286 -5.659173
v 0.522500 1.017496 -5.433925
vn 0.258819 -0.962927 -0.076053
f 1957/1/490 1958/2/490 1959/3/490 1960/4/490
v 0.522500 1.017496 -5.433925
v 0.522500 1.035286 -5.659173
v 0.538971 1.051706 -5.657872
v 0.538971 1.033916 -5.432629
vn 0.707107 -0.704912 -0.055675
f 1961/1/491 1962/2/491 1963/3/491 1964/4/491
v 0.538971 1.033916 -5.432629
v 0.538971 1.051706 -5.657872
v 0.545000 1.074135 -5.656094
v 0.545000 1.056346 -5.430859
vn 0.965926 -0.258016 -0.020378
f 1965/1/492 1966/2/492 1967/3/492 1968/4/492
v 0.545000 1.074135 -5.656094
v 0.545000 1.092054 -5.881328
v 0.538971 1.114483 -5.879533
v 0.538971 1.096565 -5.654316
vn 0.965926 0.258004 0.020526
f 1969/1/493 1970/2/493 1971/3/493 1972/4/493
v 0.538971 1.096565 -5.654316
v 0.538971 1.114483 -5.879533
v 0.522500 1.130901 -5.878218
v 0.522500 1.112984 -5.653014
vn 0.707107 0.704880 0.056079
f 1973/1/494 1974/2/494 1975/3/494 1976/4/494
v 0.522500 1.112984 -5.653014
v 0.522500 1.130901 -5.878218
v 0.500000 1.136911 -5.877737
v 0.500000 1.118994 -5.652538
vn 0.258819 0.962883 0.076606
f 1977/1/495 1978/2/495 1979/3/495 1980/4/495
v 0.500000 1.118994 -5.652538
v 0.500000 1.136911 -5.877737
v 0.477500 1.130901 -5.878218
v 0.477500 1.112984 -5.653014
vn -0.258819 0.962883 0.076606
f 1981/1/496 1982/2/496 1983/3/496 1984/4/496
v 0.477500 1.112984 -5.653014
v 0.477500 1.130901 -5.878218
v 0.461029 1.114483 -5.879533
v 0.461029 1.096565 -5.654316
vn -0.707107 0.704880 0.056079
f 1985/1/497 1986/2/497 1987/3/497 1988/4/497
v 0.461029 1.096565 -5.654316
v 0.461029 1.114483 -5.879533
v 0.455000 1.092054 -5.881328
v 0.455000 1.074135 -5.656094
vn -0.965926 0.258004 0.020526
f 1989/1/498 1990/2/498 1991/3/498 1992/4/498
v 0.455000 1.074135 -5.656094
v 0.455000 1.092054 -5.881328
v 0.461029 1.069626 -5.883124
v 0.461029 1.051706 -5.657872
vn -0.965926 -0.258004 -0.020526
f 1993/1/499 1994/2/499 1995/3/499 1996/4/499
v 0.461029 1.051706 -5.657872
v 0.461029 1.069626 -5.883124
v 0.477500 1.053208 -5.884438
v 0.477500 1.035286 -5.659173
vn -0.707107 -0.704880 -0.056079
f 1997/1/500 1998/2/500 1999/3/500 2000/4/500
v 0.477500 1.035286 -5.659173
v 0.477500 1.053208 -5.884438
v 0.500000 1.047198 -5.884919
v 0.500000 1.029276 -5.659650
vn -0.258819 -0.962883 -0.076606
f 2001/1/501 2002/2/501 2003/3/501 2004/4/501
v 0.500000 1.029276 -5.659650
v 0.500000 1.047198 -5.884919
v 0.522500 1.053208 -5.884438
v 0.522500 1.035286 -5.659173
vn 0.258819 -0.962883 -0.076606
f 2005/1/502 2006/2/502 2007/3/502 2008/4/502
v 0.522500 1.035286 -5.659173
v 0.522500 1.053208 -5.884438
v 0.538971 1.069626 -5.883124
v 0.538971 1.051706 -5.657872
vn 0.707107 -0.704880 -0.056079
f 2009/1/503 2010/2/503 2011/3/503 2012/4/503
v 0.538971 1.051706 -5.657872
v 0.538971 1.069626 -5.883124
v 0.545000 1.092054 -5.881328
v 0.545000 1.074135 -5.656094
vn 0.965926 -0.258004 -0.020526
f 2013/1/504 2014/2/504 2015/3/504 2016/4/504
v 0.545000 1.092054 -5.881328
v 0.545000 1.110196 -6.106562
v 0.538971 1.132626 -6.104789
v 0.538971 1.114483 -5.879533
vn 0.965926 0.257984 0.020780
f 2017/1/505 2018/2/505 2019/3/505 2020/4/505
v 0.538971 1.114483 -5.879533
v 0.538971 1.132626 -6.104789
v 0.522500 1.149046 -6.103491
v 0.522500 1.130901 -5.878218
vn 0.707107 0.704824 0.056771
f 2021/1/506 2022/2/506 2023/3/506 2024/4/506
v 0.522500 1.130901 -5.878218
v 0.522500 1.149046 -6.103491
v 0.500000 1.155056 -6.103015
v 0.500000 1.136911 -5.877737
vn 0.258819 0.962808 0.077551
f 2025/1/507 2026/2/507 2027/3/507 2028/4/507
v 0.500000 1.136911 -5.877737
v 0.500000 1.155056 -6.103015
v 0.477500 1.149046 -6.103491
v 0.477500 1.130901 -5.878218
vn -0.258819 0.962808 0.077551
f 2029/1/508 2030/2/508 2031/3/508 2032/4/508
v 0.477500 1.130901 -5.878218
v 0.477500 1.149046 -6.103491
v 0.461029 1.132626 -6.104789
v 0.461029 1.114483 -5.879533
vn -0.707107 0.704824 0.056771
f 2033/1/509 2034/2/509 2035/3/509 2036/4/509
v 0.461029 1.114483 -5.879533
v 0.461029 1.132626 -6.104789
v 0.455000 1.110196 -6.106562
v 0.455000 1.092054 -5.881328
vn -0.965926 0.257984 0.020780
f 2037/1/510 2038/2/510 2039/3/510 2040/4/510
v 0.455000 1.092054 -5.881328
v 0.455000 1.110196 -6.106562
v 0.461029 1.087766 -6.108336
v 0.461029 1.069626 -5.883124
vn -0.965926 -0.257984 -0.020780
f 2041/1/511 2042/2/511 2043/3/511 2044/4/511
v 0.461029 1.069626 -5.883124
v 0.461029 1.087766 -6.108336
v 0.477500 1.071346 -6.109634
v 0.477500 1.053208 -5.884438
vn -0.707107 -0.704824 -0.056771
f 2045/1/512 2046/2/512 2047/3/512 2048/4/512
v 0.477500 1.053208 -5.884438
v 0.477500 1.071346 -6.109634
v 0.500000 1.065336 -6.110110
v 0.500000 1.047198 -5.884919
vn -0.258819 -0.962808 -0.077551
f 2049/1/513 2050/2/513 2051/3/513 2052/4/513
v 0.500000 1.047198 -5.884919
v 0.500000 1.065336 -6.110110
v 0.522500 1.071346 -6.109634
v 0.522500 1.053208 -5.884438
vn 0.258819 -0.962808 -0.077551
f 2053/1/514 2054/2/514 2055/3/514 2056/4/514
v 0.522500 1.053208 -5.884438
v 0.522500 1.071346 -6.109634
v 0.538971 1.087766 -6.108336
v 0.538971 1.069626 -5.883124
vn 0.707107 -0.704824 -0.056771
f 2057/1/515 2058/2/515 2059/3/515 2060/4/515
v 0.538971 1.069626 -5.883124
v 0.538971 1.087766 -6.108336
v 0.545000 1.110196 -6.106562
v 0.545000 1.092054 -5.881328
vn 0.965926 -0.257984 -0.020780
f 2061/1/516 2062/2/516 2063/3/516 2064/4/516
v 0.545000 1.110196 -6.106562
v 0.545000 1.127675 -6.331797
v 0.538971 1.150128 -6.330349
v 0.538971 1.132626 -6.104789
vn 0.965926 0.258044 0.020024
f 2065/1/517 2066/2/517 2067/3/517 2068/4/517
v 0.538971 1.132626 -6.104789
v 0.538971 1.150128 -6.330349
v 0.522500 1.166565 -6.329290
v 0.522500 1.149046 -6.103491
vn 0.707106 0.704988 0.054701
f 2069/1/518 2070/2/518 2071/3/518 2072/4/518
v 0.522500 1.149046 -6.103491
v 0.522500 1.166565 -6.329290
v 0.500000 1.172581 -6.328902
v 0.500000 1.155056 -6.103015
vn 0.258819 0.963032 0.074718
f 2073/1/519 2074/2/519 2075/3/519 2076/4/519
v 0.500000 1.155056 -6.103015
v 0.500000 1.172581 -6.328902
v 0.477500 1.166565 -6.329290
v 0.477500 1.149046 -6.103491
vn -0.258819 0.963032 0.074715
f 2077/1/520 2078/2/520 2079/3/520 2080/4/520
v 0.477500 1.149046 -6.103491
v 0.477500 1.166565 -6.329290
v 0.461029 1.150128 -6.330349
v 0.461029 1.132626 -6.104789
vn -0.707106 0.704988 0.054697
f 2081/1/521 2082/2/521 2083/3/521 2084/4/521
v 0.461029 1.132626 -6.104789
v 0.461029 1.150128 -6.330349
v 0.455000 1.127675 -6.331797
v 0.455000 1.110196 -6.106562
vn -0.965926 0.258044 0.020022
f 2085/1/522 2086/2/522 2087/3/522 2088/4/522
v 0.455000 1.110196 -6.106562
v 0.455000 1.127675 -6.331797
v 0.461029 1.105221 -6.333244
v 0.461029 1.087766 -6.108336
vn -0.965926 -0.258044 -0.020024
f 2089/1/523 2090/2/523 2091/3/523 2092/4/523
v 0.461029 1.087766 -6.108336
v 0.461029 1.105221 -6.333244
v 0.477500 1.088784 -6.334304
v 0.477500 1.071346 -6.109634
vn -0.707106 -0.704987 -0.054713
f 2093/1/524 2094/2/524 2095/3/524 2096/4/524
v 0.477500 1.071346 -6.109634
v 0.477500 1.088784 -6.334304
v 0.500000 1.082768 -6.334692
v 0.500000 1.065336 -6.110110
vn -0.258819 -0.963030 -0.074746
f 2097/1/525 2098/2/525 2099/3/525 2100/4/525
v 0.500000 1.065336 -6.110110
v 0.500000 1.082768 -6.334692
v 0.522500 1.088784 -6.334304
v 0.522500 1.071346 -6.109634
vn 0.258819 -0.963029 -0.074748
f 2101/1/526 2102/2/526 2103/3/526 2104/4/526
v 0.522500 1.071346 -6.109634
v 0.522500 1.088784 -6.334304
v 0.538971 1.105221 -6.333244
v 0.538971 1.087766 -6.108336
vn 0.707106 -0.704987 -0.054718
f 2105/1/527 2106/2/527 2107/3/527 2108/4/527
v 0.538971 1.087766 -6.108336
v 0.538971 1.105221 -6.333244
v 0.545000 1.127675 -6.331797
v 0.545000 1.110196 -6.106562
vn 0.965926 -0.258043 -0.020026
f 2109/1/528 2110/2/528 2111/3/528 2112/4/528
v 0.545000 1.127675 -6.331797
v 0.545000 1.139244 -6.557031
v 0.538971 1.161722 -6.556045
v 0.538971 1.150128 -6.330349
vn 0.965920 0.258499 0.013278
f 2113/1/529 2114/2/529 2115/3/529 2116/4/529
v 0.538971 1.150128 -6.330349
v 0.538971 1.161722 -6.556045
v 0.522500 1.178177 -6.555323
v 0.522500 1.166565 -6.329290
vn 0.707077 0.706206 0.036278
f 2117/1/530 2118/2/530 2119/3/530 2120/4/530
v 0.522500 1.166565 -6.329290
v 0.522500 1.178177 -6.555323
v 0.500000 1.184201 -6.555059
v 0.500000 1.172581 -6.328902
vn 0.258798 0.964659 0.049559
f 2121/1/531 2122/2/531 2123/3/531 2124/4/531
v 0.500000 1.172581 -6.328902
v 0.500000 1.184201 -6.555059
v 0.477500 1.178177 -6.555323
v 0.477500 1.166565 -6.329290
vn -0.258798 0.964659 0.049561
f 2125/1/532 2126/2/532 2127/3/532 2128/4/532
v 0.477500 1.166565 -6.329290
v 0.477500 1.178177 -6.555323
v 0.461029 1.161722 -6.556045
v 0.461029 1.150128 -6.330349
vn -0.707077 0.706206 0.036281
f 2129/1/533 2130/2/533 2131/3/533 2132/4/533
v 0.461029 1.150128 -6.330349
v 0.461029 1.161722 -6.556045
v 0.455000 1.139244 -6.557031
v 0.455000 1.127675 -6.331797
vn -0.965920 0.258499 0.013279
f 2133/1/534 2134/2/534 2135/3/534 2136/4/534
v 0.455000 1.127675 -6.331797
v 0.455000 1.139244 -6.557031
v 0.461029 1.116765 -6.558017
v 0.461029 1.105221 -6.333244
vn -0.965920 -0.258499 -0.013278
f 2137/1/535 2138/2/535 2139/3/535 2140/4/535
v 0.461029 1.105221 -6.333244
v 0.461029 1.116765 -6.558017
v 0.477500 1.100310 -6.558739
v 0.477500 1.088784 -6.334304
vn -0.707077 -0.706206 -0.036270
f 2141/1/536 2142/2/536 2143/3/536 2144/4/536
v 0.477500 1.088784 -6.334304
v 0.477500 1.100310 -6.558739
v 0.500000 1.094287 -6.559003
v 0.500000 1.082768 -6.334692
vn -0.258798 -0.964660 -0.049540
f 2145/1/537 2146/2/537 2147/3/537 2148/4/537
v 0.500000 1.082768 -6.334692
v 0.500000 1.094287 -6.559003
v 0.522500 1.100310 -6.558739
v 0.522500 1.088784 -6.334304
vn 0.258798 -0.964660 -0.049539
f 2149/1/538 2150/2/538 2151/3/538 2152/4/538
v 0.522500 1.088784 -6.334304
v 0.522500 1.100310 -6.558739
v 0.538971 1.116765 -6.558017
v 0.538971 1.105221 -6.333244
vn 0.707077 -0.706206 -0.036267
f 2153/1/539 2154/2/539 2155/3/539 2156/4/539
v 0.538971 1.105221 -6.333244
v 0.538971 1.116765 -6.558017
v 0.545000 1.139244 -6.557031
v 0.545000 1.127675 -6.331797
vn 0.965920 -0.258499 -0.013276
f 2157/1/540 2158/2/540 2159/3/540 2160/4/540
v 0.545000 1.139244 -6.557031
v 0.545000 1.147436 -6.782266
v 0.538971 1.169920 -6.781417
v 0.538971 1.161722 -6.556045
vn 0.965924 0.258655 0.009408
f 2161/1/541 2162/2/541 2163/3/541 2164/4/541
v 0.538971 1.161722 -6.556045
v 0.538971 1.169920 -6.781417
v 0.522500 1.186379 -6.780795
v 0.522500 1.178177 -6.555323
vn 0.707097 0.706649 0.025704
f 2165/1/542 2166/2/542 2167/3/542 2168/4/542
v 0.522500 1.178177 -6.555323
v 0.522500 1.186379 -6.780795
v 0.500000 1.192404 -6.780568
v 0.500000 1.184201 -6.555059
vn 0.258812 0.965289 0.035114
f 2169/1/543 2170/2/543 2171/3/543 2172/4/543
v 0.500000 1.184201 -6.555059
v 0.500000 1.192404 -6.780568
v 0.477500 1.186379 -6.780795
v 0.477500 1.178177 -6.555323
vn -0.258812 0.965289 0.035115
f 2173/1/544 2174/2/544 2175/3/544 2176/4/544
v 0.477500 1.178177 -6.555323
v 0.477500 1.186379 -6.780795
v 0.461029 1.169920 -6.781417
v 0.461029 1.161722 -6.556045
vn -0.707097 0.706649 0.025706
f 2177/1/545 2178/2/545 2179/3/545 2180/4/545
v 0.461029 1.161722 -6.556045
v 0.461029 1.169920 -6.781417
v 0.455000 1.147436 -6.782266
v 0.455000 1.139244 -6.557031
vn -0.965924 0.258655 0.009409
f 2181/1/546 2182/2/546 2183/3/546 2184/4/546
v 0.455000 1.139244 -6.557031
v 0.455000 1.147436 -6.782266
v 0.461029 1.124952 -6.783114
v 0.461029 1.116765 -6.558017
vn -0.965924 -0.258655 -0.009408
f 2185/1/547 2186/2/547 2187/3/547 2188/4/547
v 0.461029 1.116765 -6.558017
v 0.461029 1.124952 -6.783114
v 0.477500 1.108493 -6.783736
v 0.477500 1.100310 -6.558739
vn -0.707097 -0.706649 -0.025701
f 2189/1/548 2190/2/548 2191/3/548 2192/4/548
v 0.477500 1.100310 -6.558739
v 0.477500 1.108493 -6.783736
v 0.500000 1.102468 -6.783963
v 0.500000 1.094287 -6.559003
vn -0.258812 -0.965290 -0.035105
f 2193/1/549 2194/2/549 2195/3/549 2196/4/549
v 0.500000 1.094287 -6.559003
v 0.500000 1.102468 -6.783963
v 0.522500 1.108493 -6.783736
v 0.522500 1.100310 -6.558739
vn 0.258812 -0.965290 -0.035105
f 2197/1/550 2198/2/550 2199/3/550 2200/4/550
v 0.522500 1.100310 -6.558739
v 0.522500 1.108493 -6.783736
v 0.538971 1.124952 -6.783114
v 0.538971 1.116765 -6.558017
vn 0.707097 -0.706650 -0.025699
f 2201/1/551 2202/2/551 2203/3/551 2204/4/551
v 0.538971 1.116765 -6.558017
v 0.538971 1.124952 -6.783114
v 0.545000 1.147436 -6.782266
v 0.545000 1.139244 -6.557031
vn 0.965924 -0.258655 -0.009407
f 2205/1/552 2206/2/552 2207/3/552 2208/4/552
v 0.545000 1.147436 -6.782266
v 0.545000 1.156250 -7.007500
v 0.538971 1.178733 -7.006620
v 0.538971 1.169920 -6.781417
vn 0.965926 0.258621 0.010120
f 2209/1/553 2210/2/553 2211/3/553 2212/4/553
v 0.538971 1.169920 -6.781417
v 0.538971 1.178733 -7.006620
v 0.522500 1.195191 -7.005976
v 0.522500 1.186379 -6.780795
vn 0.707106 0.706566 0.027650
f 2213/1/554 2214/2/554 2215/3/554 2216/4/554
v 0.522500 1.186379 -6.780795
v 0.522500 1.195191 -7.005976
v 0.500000 1.201216 -7.005740
v 0.500000 1.192404 -6.780568
vn 0.258819 0.965187 0.037770
f 2217/1/555 2218/2/555 2219/3/555 2220/4/555
v 0.500000 1.192404 -6.780568
v 0.500000 1.201216 -7.005740
v 0.477500 1.195191 -7.005976
v 0.477500 1.186379 -6.780795
vn -0.258819 0.965187 0.037770
f 2221/1/556 2222/2/556 2223/3/556 2224/4/556
v 0.477500 1.186379 -6.780795
v 0.477500 1.195191 -7.005976
v 0.461029 1.178733 -7.006620
v 0.461029 1.169920 -6.781417
vn -0.707106 0.706566 0.027650
f 2225/1/557 2226/2/557 2227/3/557 2228/4/557
v 0.461029 1.169920 -6.781417
v 0.461029 1.178733 -7.006620
v 0.455000 1.156250 -7.007500
v 0.455000 1.147436 -6.782266
vn -0.965926 0.258621 0.010120
f 2229/1/558 2230/2/558 2231/3/558 2232/4/558
v 0.455000 1.147436 -6.782266
v 0.455000 1.156250 -7.007500
v 0.461029 1.133767 -7.008380
v 0.461029 1.124952 -6.783114
vn -0.965926 -0.258621 -0.010120
f 2233/1/559 2234/2/559 2235/3/559 2236/4/559
v 0.461029 1.124952 -6.783114
v 0.461029 1.133767 -7.008380
v 0.477500 1.117309 -7.009024
v 0.477500 1.108493 -6.783736
vn -0.707106 -0.706566 -0.027649
f 2237/1/560 2238/2/560 2239/3/560 2240/4/560
v 0.477500 1.108493 -6.783736
v 0.477500 1.117309 -7.009024
v 0.500000 1.111284 -7.009260
v 0.500000 1.102468 -6.783963
vn -0.258819 -0.965187 -0.037770
f 2241/1/561 2242/2/561 2243/3/561 2244/4/561
v 0.500000 1.102468 -6.783963
v 0.500000 1.111284 -7.009260
v 0.522500 1.117309 -7.009024
v 0.522500 1.108493 -6.783736
vn 0.258819 -0.965187 -0.037770
f 2245/1/562 2246/2/562 2247/3/562 2248/4/562
v 0.522500 1.108493 -6.783736
v 0.522500 1.117309 -7.009024
v 0.538971 1.133767 -7.008380
v 0.538971 1.124952 -6.783114
vn 0.707106 -0.706566 -0.027649
f 2249/1/563 2250/2/563 2251/3/563 2252/4/563
v 0.538971 1.124952 -6.783114
v 0.538971 1.133767 -7.008380
v 0.545000 1.156250 -7.007500
v 0.545000 1.147436 -6.782266
vn 0.965926 -0.258621 -0.010120
f 2253/1/564 2254/2/564 2255/3/564 2256/4/564
v 0.545000 1.156250 -7.007500
v 0.500000 1.201216 -7.005740
v 0.522500 1.195191 -7.005976
v 0.538971 1.178733 -7.006620
vn -0.000000 0.039102 -0.999235
f 2257/1/565 2258/2/565 2259/3/565 2260/4/565
v 0.545000 1.156250 -7.007500
v 0.461029 1.178733 -7.006620
v 0.477500 1.195191 -7.005976
v 0.500000 1.201216 -7.005740
vn 0.000000 0.039102 -0.999235
f 2261/1/566 2262/2/566 2263/3/566 2264/4/566
v 0.545000 1.156250 -7.007500
v 0.461029 1.133767 -7.008380
v 0.455000 1.156250 -7.007500
v 0.461029 1.178733 -7.006620
vn 0.000000 0.039102 -0.999235
f 2265/1/567 2266/2/567 2267/3/567 2268/4/567
v 0.545000 1.156250 -7.007500
v 0.500000 1.111284 -7.009260
v 0.477500 1.117309 -7.009024
v 0.461029 1.133767 -7.008380
vn -0.000000 0.039102 -0.999235
f 2269/1/568 2270/2/568 2271/3/568 2272/4/568
v 0.545000 1.156250 -7.007500
v 0.538971 1.133767 -7.008380
v 0.522500 1.117309 -7.009024
v 0.500000 1.111284 -7.009260
vn 0.000000 0.039102 -0.999235
f 2273/1/569 2274/2/569 2275/3/569 2276/4/569
v 0.534000 1.155790 -6.997500
v 0.534000 1.156250 -7.060833
v 0.529445 1.173250 -7.060772
v 0.529445 1.172790 -6.997377
vn 0.965926 0.258812 0.001879
f 2277/1/570 2278/2/570 2279/3/570 2280/4/570
v 0.529445 1.172790 -6.997377
v 0.529445 1.173250 -7.060772
v 0.517000 1.185695 -7.060726
v 0.517000 1.185234 -6.997286
vn 0.707107 0.707088 0.005132
f 2281/1/571 2282/2/571 2283/3/571 2284/4/571
v 0.517000 1.185234 -6.997286
v 0.517000 1.185695 -7.060726
v 0.500000 1.190250 -7.060710
v 0.500000 1.189789 -6.997253
vn 0.258819 0.965900 0.007010
f 2285/1/572 2286/2/572 2287/3/572 2288/4/572
v 0.500000 1.189789 -6.997253
v 0.500000 1.190250 -7.060710
v 0.483000 1.185695 -7.060726
v 0.483000 1.185234 -6.997286
vn -0.258819 0.965900 0.007009
f 2289/1/573 2290/2/573 2291/3/573 2292/4/573
v 0.483000 1.185234 -6.997286
v 0.483000 1.185695 -7.060726
v 0.470555 1.173250 -7.060772
v 0.470555 1.172790 -6.997377
vn -0.707107 0.707088 0.005131
f 2293/1/574 2294/2/574 2295/3/574 2296/4/574
v 0.470555 1.172790 -6.997377
v 0.470555 1.173250 -7.060772
v 0.466000 1.156250 -7.060833
v 0.466000 1.155790 -6.997500
vn -0.965926 0.258812 0.001879
f 2297/1/575 2298/2/575 2299/3/575 2300/4/575
v 0.466000 1.155790 -6.997500
v 0.466000 1.156250 -7.060833
v 0.470555 1.139250 -7.060895
v 0.470555 1.138791 -6.997623
vn -0.965926 -0.258812 -0.001879
f 2301/1/576 2302/2/576 2303/3/576 2304/4/576
v 0.470555 1.138791 -6.997623
v 0.470555 1.139250 -7.060895
v 0.483000 1.126805 -7.060940
v 0.483000 1.126346 -6.997714
vn -0.707107 -0.707088 -0.005135
f 2305/1/577 2306/2/577 2307/3/577 2308/4/577
v 0.483000 1.126346 -6.997714
v 0.483000 1.126805 -7.060940
v 0.500000 1.122250 -7.060957
v 0.500000 1.121791 -6.997747
vn -0.258819 -0.965900 -0.007015
f 2309/1/578 2310/2/578 2311/3/578 2312/4/578
v 0.500000 1.121791 -6.997747
v 0.500000 1.122250 -7.060957
v 0.517000 1.126805 -7.060940
v 0.517000 1.126346 -6.997714
vn 0.258819 -0.965900 -0.007016
f 2313/1/579 2314/2/579 2315/3/579 2316/4/579
v 0.517000 1.126346 -6.997714
v 0.517000 1.126805 -7.060940
v 0.529445 1.139250 -7.060895
v 0.529445 1.138791 -6.997623
vn 0.707107 -0.707088 -0.005136
f 2317/1/580 2318/2/580 2319/3/580 2320/4/580
v 0.529445 1.138791 -6.997623
v 0.529445 1.139250 -7.060895
v 0.534000 1.156250 -7.060833
v 0.534000 1.155790 -6.997500
vn 0.965926 -0.258812 -0.001879
f 2321/1/581 2322/2/581 2323/3/581 2324/4/581
v 0.534000 1.156250 -7.060833
v 0.534000 1.156250 -7.124167
v 0.529445 1.173250 -7.124167
v 0.529445 1.173250 -7.060772
vn 0.965925 0.258821 0.000000
f 2325/1/582 2326/2/582 2327/3/582 2328/4/582
v 0.529445 1.173250 -7.060772
v 0.529445 1.173250 -7.124167
v 0.517000 1.185695 -7.124167
v 0.517000 1.185695 -7.060726
vn 0.707104 0.707109 0.000001
f 2329/1/583 2330/2/583 2331/3/583 2332/4/583
v 0.517000 1.185695 -7.060726
v 0.517000 1.185695 -7.124167
v 0.500000 1.190250 -7.124167
v 0.500000 1.190250 -7.060710
vn 0.258817 0.965926 0.000003
f 2333/1/584 2334/2/584 2335/3/584 2336/4/584
v 0.500000 1.190250 -7.060710
v 0.500000 1.190250 -7.124167
v 0.483000 1.185695 -7.124167
v 0.483000 1.185695 -7.060726
vn -0.258817 0.965926 0.000003
f 2337/1/585 2338/2/585 2339/3/585 2340/4/585
v 0.483000 1.185695 -7.060726
v 0.483000 1.185695 -7.124167
v 0.470555 1.173250 -7.124167
v 0.470555 1.173250 -7.060772
vn -0.707104 0.707109 0.000002
f 2341/1/586 2342/2/586 2343/3/586 2344/4/586
v 0.470555 1.173250 -7.060772
v 0.470555 1.173250 -7.124167
v 0.466000 1.156250 -7.124167
v 0.466000 1.156250 -7.060833
vn -0.965925 0.258821 0.000000
f 2345/1/587 2346/2/587 2347/3/587 2348/4/587
v 0.466000 1.156250 -7.060833
v 0.466000 1.156250 -7.124167
v 0.470555 1.139250 -7.124167
v 0.470555 1.139250 -7.060895
vn -0.965925 -0.258821 -0.000000
f 2349/1/588 2350/2/588 2351/3/588 2352/4/588
v 0.470555 1.139250 -7.060895
v 0.470555 1.139250 -7.124167
v 0.483000 1.126805 -7.124167
v 0.483000 1.126805 -7.060940
vn -0.707104 -0.707109 0.000001
f 2353/1/589 2354/2/589 2355/3/589 2356/4/589
v 0.483000 1.126805 -7.060940
v 0.483000 1.126805 -7.124167
v 0.500000 1.122250 -7.124167
v 0.500000 1.122250 -7.060957
vn -0.258817 -0.965926 0.000003
f 2357/1/590 2358/2/590 2359/3/590 2360/4/590
v 0.500000 1.122250 -7.060957
v 0.500000 1.122250 -7.124167
v 0.517000 1.126805 -7.124167
v 0.517000 1.126805 -7.060940
vn 0.258817 -0.965926 0.000003
f 2361/1/591 2362/2/591 2363/3/591 2364/4/591
v 0.517000 1.126805 -7.060940
v 0.517000 1.126805 -7.124167
v 0.529445 1.139250 -7.124167
v 0.529445 1.139250 -7.060895
vn 0.707104 -0.707109 0.000002
f 2365/1/592 2366/2/592 2367/3/592 2368/4/592
v 0.529445 1.139250 -7.060895
v 0.529445 1.139250 -7.124167
v 0.534000 1.156250 -7.124167
v 0.534000 1.156250 -7.060833
vn 0.965925 -0.258821 0.000000
f 2369/1/593 2370/2/593 2371/3/593 2372/4/593
v 0.534000 1.156250 -7.124167
v 0.534000 1.156250 -7.187500
v 0.529445 1.173250 -7.187500
v 0.529445 1.173250 -7.124167
vn 0.965926 0.258819 0.000000
f 2373/1/594 2374/2/594 2375/3/594 2376/4/594
v 0.529445 1.173250 -7.124167
v 0.529445 1.173250 -7.187500
v 0.517000 1.185695 -7.187500
v 0.517000 1.185695 -7.124167
vn 0.707107 0.707107 0.000000
f 2377/1/595 2378/2/595 2379/3/595 2380/4/595
v 0.517000 1.185695 -7.124167
v 0.517000 1.185695 -7.187500
v 0.500000 1.190250 -7.187500
v 0.500000 1.190250 -7.124167
vn 0.258819 0.965926 0.000000
f 2381/1/596 2382/2/596 2383/3/596 2384/4/596
v 0.500000 1.190250 -7.124167
v 0.500000 1.190250 -7.187500
v 0.483000 1.185695 -7.187500
v 0.483000 1.185695 -7.124167
vn -0.258819 0.965926 0.000000
f 2385/1/597 2386/2/597 2387/3/597 2388/4/597
v 0.483000 1.185695 -7.124167
v 0.483000 1.185695 -7.187500
v 0.470555 1.173250 -7.187500
v 0.470555 1.173250 -7.124167
vn -0.707107 0.707107 0.000000
f 2389/1/598 2390/2/598 2391/3/598 2392/4/598
v 0.470555 1.173250 -7.124167
v 0.470555 1.173250 -7.187500
v 0.466000 1.156250 -7.187500
v 0.466000 1.156250 -7.124167
vn -0.965926 0.258819 0.000000
f 2393/1/599 2394/2/599 2395/3/599 2396/4/599
v 0.466000 1.156250 -7.124167
v 0.466000 1.156250 -7.187500
v 0.470555 1.139250 -7.187500
v 0.470555 1.139250 -7.124167
vn -0.965926 -0.258819 -0.000000
f 2397/1/600 2398/2/600 2399/3/600 2400/4/600
v 0.470555 1.139250 -7.124167
v 0.470555 1.139250 -7.187500
v 0.483000 1.126805 -7.187500
v 0.483000 1.126805 -7.124167
vn -0.707107 -0.707107 -0.000000
f 2401/1/601 2402/2/601 2403/3/601 2404/4/601
v 0.483000 1.126805 -7.124167
v 0.483000 1.126805 -7.187500
v 0.500000 1.122250 -7.187500
v 0.500000 1.122250 -7.124167
vn -0.258819 -0.965926 -0.000000
f 2405/1/602 2406/2/602 2407/3/602 2408/4/602
v 0.500000 1.122250 -7.124167
v 0.500000 1.122250 -7.187500
v 0.517000 1.126805 -7.187500
v 0.517000 1.126805 -7.124167
vn 0.258819 -0.965926 0.000000
f 2409/1/603 2410/2/603 2411/3/603 2412/4/603
v 0.517000 1.126805 -7.124167
v 0.517000 1.126805 -7.187500
v 0.529445 1.139250 -7.187500
v 0.529445 1.139250 -7.124167
vn 0.707107 -0.707107 0.000000
f 2413/1/604 2414/2/604 2415/3/604 2416/4/604
v 0.529445 1.139250 -7.124167
v 0.529445 1.139250 -7.187500
v 0.534000 1.156250 -7.187500
v 0.534000 1.156250 -7.124167
vn 0.965926 -0.258819 0.000000
f 2417/1/605 2418/2/605 2419/3/605 2420/4/605
v 0.534000 1.156250 -7.187500
v 0.500000 1.190250 -7.187500
v 0.517000 1.185695 -7.187500
v 0.529445 1.173250 -7.187500
vn 0.000000 0.000000 -1.000000
f 2421/1/606 2422/2/606 2423/3/606 2424/4/606
v 0.534000 1.156250 -7.187500
v 0.470555 1.173250 -7.187500
v 0.483000 1.185695 -7.187500
v 0.500000 1.190250 -7.187500
vn 0.000000 0.000000 -1.000000
f 2425/1/607 2426/2/607 2427/3/607 2428/4/607
v 0.534000 1.156250 -7.187500
v 0.470555 1.139250 -7.187500
v 0.466000 1.156250 -7.187500
v 0.470555 1.173250 -7.187500
vn -0.000000 0.000000 -1.000000
f 2429/1/608 2430/2/608 2431/3/608 2432/4/608
v 0.534000 1.156250 -7.187500
v 0.500000 1.122250 -7.187500
v 0.483000 1.126805 -7.187500
v 0.470555 1.139250 -7.187500
vn 0.000000 0.000000 -1.000000
f 2433/1/609 2434/2/609 2435/3/609 2436/4/609
v 0.534000 1.156250 -7.187500
v 0.529445 1.139250 -7.187500
v 0.517000 1.126805 -7.187500
v 0.500000 1.122250 -7.187500
vn 0.000000 0.000000 -1.000000
f 2437/1/610 2438/2/610 2439/3/610 2440/4/610
v 0.526000 1.620000 0.900000
v 0.526000 1.620000 0.800000
v 0.518385 1.638376 0.799441
v 0.518385 1.638385 0.900000
vn 0.923880 0.382683 0.000000
f 2441/1/611 2442/2/611 2443/3/611 2444/4/611
v 0.518385 1.638385 0.900000
v 0.518385 1.638376 0.799441
v 0.500000 1.645988 0.799209
v 0.500000 1.646000 0.900000
vn 0.382683 0.923880 -0.000078
f 2445/1/612 2446/2/612 2447/3/612 2448/4/612
v 0.500000 1.646000 0.900000
v 0.500000 1.645988 0.799209
v 0.481615 1.638376 0.799441
v 0.481615 1.638385 0.900000
vn -0.382683 0.923880 -0.000110
f 2449/1/613 2450/2/613 2451/3/613 2452/4/613
v 0.481615 1.638385 0.900000
v 0.481615 1.638376 0.799441
v 0.474000 1.620000 0.800000
v 0.474000 1.620000 0.900000
vn -0.923880 0.382683 -0.000032
f 2453/1/614 2454/2/614 2455/3/614 2456/4/614
v 0.474000 1.620000 0.900000
v 0.474000 1.620000 0.800000
v 0.481615 1.601624 0.800559
v 0.481615 1.601615 0.900000
vn -0.923880 -0.382683 -0.000000
f 2457/1/615 2458/2/615 2459/3/615 2460/4/615
v 0.481615 1.601615 0.900000
v 0.481615 1.601624 0.800559
v 0.500000 1.594012 0.800791
v 0.500000 1.594000 0.900000
vn -0.382683 -0.923880 -0.000079
f 2461/1/616 2462/2/616 2463/3/616 2464/4/616
v 0.500000 1.594000 0.900000
v 0.500000 1.594012 0.800791
v 0.518385 1.601624 0.800559
v 0.518385 1.601615 0.900000
vn 0.382683 -0.923880 -0.000112
f 2465/1/617 2466/2/617 2467/3/617 2468/4/617
v 0.518385 1.601615 0.900000
v 0.518385 1.601624 0.800559
v 0.526000 1.620000 0.800000
v 0.526000 1.620000 0.900000
vn 0.923880 -0.382683 -0.000033
f 2469/1/618 2470/2/618 2471/3/618 2472/4/618
v 0.526000 1.620000 0.800000
v 0.526000 1.601066 0.489271
v 0.518385 1.619416 0.488153
v 0.518385 1.638376 0.799441
vn 0.923817 0.382126 -0.023285
f 2473/1/619 2474/2/619 2475/3/619 2476/4/619
v 0.518385 1.638376 0.799441
v 0.518385 1.619416 0.488153
v 0.500000 1.627018 0.487689
v 0.500000 1.645988 0.799209
vn 0.382532 0.922233 -0.056171
f 2477/1/620 2478/2/620 2479/3/620 2480/4/620
v 0.500000 1.645988 0.799209
v 0.500000 1.627018 0.487689
v 0.481615 1.619416 0.488153
v 0.481615 1.638376 0.799441
vn -0.382533 0.922234 -0.056161
f 2481/1/621 2482/2/621 2483/3/621 2484/4/621
v 0.481615 1.638376 0.799441
v 0.481615 1.619416 0.488153
v 0.474000 1.601066 0.489271
v 0.474000 1.620000 0.800000
vn -0.923817 0.382126 -0.023274
f 2485/1/622 2486/2/622 2487/3/622 2488/4/622
v 0.474000 1.620000 0.800000
v 0.474000 1.601066 0.489271
v 0.481615 1.582715 0.490389
v 0.481615 1.601624 0.800559
vn -0.923817 -0.382126 0.023285
f 2489/1/623 2490/2/623 2491/3/623 2492/4/623
v 0.481615 1.601624 0.800559
v 0.481615 1.582715 0.490389
v 0.500000 1.575114 0.490852
v 0.500000 1.594012 0.800791
vn -0.382532 -0.922230 0.056221
f 2493/1/624 2494/2/624 2495/3/624 2496/4/624
v 0.500000 1.594012 0.800791
v 0.500000 1.575114 0.490852
v 0.518385 1.582715 0.490389
v 0.518385 1.601624 0.800559
vn 0.382532 -0.922230 0.056232
f 2497/1/625 2498/2/625 2499/3/625 2500/4/625
v 0.518385 1.601624 0.800559
v 0.518385 1.582715 0.490389
v 0.526000 1.601066 0.489271
v 0.526000 1.620000 0.800000
vn 0.923817 -0.382126 0.023295
f 2501/1/626 2502/2/626 2503/3/626 2504/4/626
v 0.526000 1.601066 0.489271
v 0.526000 1.582131 0.178542
v 0.518385 1.600482 0.177423
v 0.518385 1.619416 0.488153
vn 0.923880 0.381975 -0.023276
f 2505/1/627 2506/2/627 2507/3/627 2508/4/627
v 0.518385 1.619416 0.488153
v 0.518385 1.600482 0.177423
v 0.500000 1.608083 0.176960
v 0.500000 1.627018 0.487689
vn 0.382683 0.922169 -0.056192
f 2509/1/628 2510/2/628 2511/3/628 2512/4/628
v 0.500000 1.627018 0.487689
v 0.500000 1.608083 0.176960
v 0.481615 1.600482 0.177423
v 0.481615 1.619416 0.488153
vn -0.382683 0.922169 -0.056192
f 2513/1/629 2514/2/629 2515/3/629 2516/4/629
v 0.481615 1.619416 0.488153
v 0.481615 1.600482 0.177423
v 0.474000 1.582131 0.178542
v 0.474000 1.601066 0.489271
vn -0.923880 0.381975 -0.023276
f 2517/1/630 2518/2/630 2519/3/630 2520/4/630
v 0.474000 1.601066 0.489271
v 0.474000 1.582131 0.178542
v 0.481615 1.563781 0.179660
v 0.481615 1.582715 0.490389
vn -0.923880 -0.381975 0.023276
f 2521/1/631 2522/2/631 2523/3/631 2524/4/631
v 0.481615 1.582715 0.490389
v 0.481615 1.563781 0.179660
v 0.500000 1.556180 0.180123
v 0.500000 1.575114 0.490852
vn -0.382683 -0.922169 0.056192
f 2525/1/632 2526/2/632 2527/3/632 2528/4/632
v 0.500000 1.575114 0.490852
v 0.500000 1.556180 0.180123
v 0.518385 1.563781 0.179660
v 0.518385 1.582715 0.490389
vn 0.382683 -0.922169 0.056192
f 2529/1/633 2530/2/633 2531/3/633 2532/4/633
v 0.518385 1.582715 0.490389
v 0.518385 1.563781 0.179660
v 0.526000 1.582131 0.178542
v 0.526000 1.601066 0.489271
vn 0.923880 -0.381975 0.023276
f 2533/1/634 2534/2/634 2535/3/634 2536/4/634
v 0.526000 1.582131 0.178542
v 0.526000 1.563197 -0.132188
v 0.518385 1.581548 -0.133306
v 0.518385 1.600482 0.177423
vn 0.923880 0.381975 -0.023276
f 2537/1/635 2538/2/635 2539/3/635 2540/4/635
v 0.518385 1.600482 0.177423
v 0.518385 1.581548 -0.133306
v 0.500000 1.589149 -0.133769
v 0.500000 1.608083 0.176960
vn 0.382683 0.922169 -0.056192
f 2541/1/636 2542/2/636 2543/3/636 2544/4/636
v 0.500000 1.608083 0.176960
v 0.500000 1.589149 -0.133769
v 0.481615 1.581548 -0.133306
v 0.481615 1.600482 0.177423
vn -0.382683 0.922169 -0.056192
f 2545/1/637 2546/2/637 2547/3/637 2548/4/637
v 0.481615 1.600482 0.177423
v 0.481615 1.581548 -0.133306
v 0.474000 1.563197 -0.132188
v 0.474000 1.582131 0.178542
vn -0.923880 0.381975 -0.023276
f 2549/1/638 2550/2/638 2551/3/638 2552/4/638
v 0.474000 1.582131 0.178542
v 0.474000 1.563197 -0.132188
v 0.481615 1.544846 -0.131069
v 0.481615 1.563781 0.179660
vn -0.923880 -0.381975 0.023276
f 2553/1/639 2554/2/639 2555/3/639 2556/4/639
v 0.481615 1.563781 0.179660
v 0.481615 1.544846 -0.131069
v 0.500000 1.537245 -0.130606
v 0.500000 1.556180 0.180123
vn -0.382683 -0.922169 0.056192
f 2557/1/640 2558/2/640 2559/3/640 2560/4/640
v 0.500000 1.556180 0.180123
v 0.500000 1.537245 -0.130606
v 0.518385 1.544846 -0.131069
v 0.518385 1.563781 0.179660
vn 0.382683 -0.922169 0.056192
f 2561/1/641 2562/2/641 2563/3/641 2564/4/641
v 0.518385 1.563781 0.179660
v 0.518385 1.544846 -0.131069
v 0.526000 1.563197 -0.132188
v 0.526000 1.582131 0.178542
vn 0.923880 -0.381975 0.023276
f 2565/1/642 2566/2/642 2567/3/642 2568/4/642
v 0.526000 1.563197 -0.132188
v 0.526000 1.544263 -0.442917
v 0.518385 1.562614 -0.444035
v 0.518385 1.581548 -0.133306
vn 0.923880 0.381975 -0.023276
f 2569/1/643 2570/2/643 2571/3/643 2572/4/643
v 0.518385 1.581548 -0.133306
v 0.518385 1.562614 -0.444035
v 0.500000 1.570215 -0.444498
v 0.500000 1.589149 -0.133769
vn 0.382683 0.922169 -0.056192
f 2573/1/644 2574/2/644 2575/3/644 2576/4/644
v 0.500000 1.589149 -0.133769
v 0.500000 1.570215 -0.444498
v 0.481615 1.562614 -0.444035
v 0.481615 1.581548 -0.133306
vn -0.382683 0.922169 -0.056192
f 2577/1/645 2578/2/645 2579/3/645 2580/4/645
v 0.481615 1.581548 -0.133306
v 0.481615 1.562614 -0.444035
v 0.474000 1.544263 -0.442917
v 0.474000 1.563197 -0.132188
vn -0.923880 0.381975 -0.023276
f 2581/1/646 2582/2/646 2583/3/646 2584/4/646
v 0.474000 1.563197 -0.132188
v 0.474000 1.544263 -0.442917
v 0.481615 1.525912 -0.441798
v 0.481615 1.544846 -0.131069
vn -0.923880 -0.381975 0.023276
f 2585/1/647 2586/2/647 2587/3/647 2588/4/647
v 0.481615 1.544846 -0.131069
v 0.481615 1.525912 -0.441798
v 0.500000 1.518311 -0.441335
v 0.500000 1.537245 -0.130606
vn -0.382683 -0.922169 0.056192
f 2589/1/648 2590/2/648 2591/3/648 2592/4/648
v 0.500000 1.537245 -0.130606
v 0.500000 1.518311 -0.441335
v 0.518385 1.525912 -0.441798
v 0.518385 1.544846 -0.131069
vn 0.382683 -0.922169 0.056192
f 2593/1/649 2594/2/649 2595/3/649 2596/4/649
v 0.518385 1.544846 -0.131069
v 0.518385 1.525912 -0.441798
v 0.526000 1.544263 -0.442917
v 0.526000 1.563197 -0.132188
vn 0.923880 -0.381975 0.023276
f 2597/1/650 2598/2/650 2599/3/650 2600/4/650
v 0.526000 1.544263 -0.442917
v 0.526000 1.525329 -0.753646
v 0.518385 1.543679 -0.754764
v 0.518385 1.562614 -0.444035
vn 0.923880 0.381975 -0.023276
f 2601/1/651 2602/2/651 2603/3/651 2604/4/651
v 0.518385 1.562614 -0.444035
v 0.518385 1.543679 -0.754764
v 0.500000 1.551280 -0.755227
v 0.500000 1.570215 -0.444498
vn 0.382683 0.922169 -0.056192
f 2605/1/652 2606/2/652 2607/3/652 2608/4/652
v 0.500000 1.570215 -0.444498
v 0.500000 1.551280 -0.755227
v 0.481615 1.543679 -0.754764
v 0.481615 1.562614 -0.444035
vn -0.382683 0.922169 -0.056192
f 2609/1/653 2610/2/653 2611/3/653 2612/4/653
v 0.481615 1.562614 -0.444035
v 0.481615 1.543679 -0.754764
v 0.474000 1.525329 -0.753646
v 0.474000 1.544263 -0.442917
vn -0.923880 0.381975 -0.023276
f 2613/1/654 2614/2/654 2615/3/654 2616/4/654
v 0.474000 1.544263 -0.442917
v 0.474000 1.525329 -0.753646
v 0.481615 1.506978 -0.752528
v 0.481615 1.525912 -0.441798
vn -0.923880 -0.381975 0.023276
f 2617/1/655 2618/2/655 2619/3/655 2620/4/655
v 0.481615 1.525912 -0.441798
v 0.481615 1.506978 -0.752528
v 0.500000 1.499377 -0.752064
v 0.500000 1.518311 -0.441335
vn -0.382683 -0.922169 0.056192
f 2621/1/656 2622/2/656 2623/3/656 2624/4/656
v 0.500000 1.518311 -0.441335
v 0.500000 1.499377 -0.752064
v 0.518385 1.506978 -0.752528
v 0.518385 1.525912 -0.441798
vn 0.382683 -0.922169 0.056192
f 2625/1/657 2626/2/657 2627/3/657 2628/4/657
v 0.518385 1.525912 -0.441798
v 0.518385 1.506978 -0.752528
v 0.526000 1.525329 -0.753646
v 0.526000 1.544263 -0.442917
vn 0.923880 -0.381975 0.023276
f 2629/1/658 2630/2/658 2631/3/658 2632/4/658
v 0.526000 1.525329 -0.753646
v 0.526000 1.506394 -1.064375
v 0.518385 1.524745 -1.065493
v 0.518385 1.543679 -0.754764
vn 0.923880 0.381975 -0.023276
f 2633/1/659 2634/2/659 2635/3/659 2636/4/659
v 0.518385 1.543679 -0.754764
v 0.518385 1.524745 -1.065493
v 0.500000 1.532346 -1.065956
v 0.500000 1.551280 -0.755227
vn 0.382683 0.922169 -0.056192
f 2637/1/660 2638/2/660 2639/3/660 2640/4/660
v 0.500000 1.551280 -0.755227
v 0.500000 1.532346 -1.065956
v 0.481615 1.524745 -1.065493
v 0.481615 1.543679 -0.754764
vn -0.382683 0.922169 -0.056192
f 2641/1/661 2642/2/661 2643/3/661 2644/4/661
v 0.481615 1.543679 -0.754764
v 0.481615 1.524745 -1.065493
v 0.474000 1.506394 -1.064375
v 0.474000 1.525329 -0.753646
vn -0.923880 0.381975 -0.023276
f 2645/1/662 2646/2/662 2647/3/662 2648/4/662
v 0.474000 1.525329 -0.753646
v 0.474000 1.506394 -1.064375
v 0.481615 1.488044 -1.063257
v 0.481615 1.506978 -0.752528
vn -0.923880 -0.381975 0.023276
f 2649/1/663 2650/2/663 2651/3/663 2652/4/663
v 0.481615 1.506978 -0.752528
v 0.481615 1.488044 -1.063257
v 0.500000 1.480442 -1.062794
v 0.500000 1.499377 -0.752064
vn -0.382683 -0.922169 0.056192
f 2653/1/664 2654/2/664 2655/3/664 2656/4/664
v 0.500000 1.499377 -0.752064
v 0.500000 1.480442 -1.062794
v 0.518385 1.488044 -1.063257
v 0.518385 1.506978 -0.752528
vn 0.382683 -0.922169 0.056192
f 2657/1/665 2658/2/665 2659/3/665 2660/4/665
v 0.518385 1.506978 -0.752528
v 0.518385 1.488044 -1.063257
v 0.526000 1.506394 -1.064375
v 0.526000 1.525329 -0.753646
vn 0.923880 -0.381975 0.023276
f 2661/1/666 2662/2/666 2663/3/666 2664/4/666
v 0.526000 1.506394 -1.064375
v 0.526000 1.487460 -1.375104
v 0.518385 1.505811 -1.376222
v 0.518385 1.524745 -1.065493
vn 0.923880 0.381975 -0.023276
f 2665/1/667 2666/2/667 2667/3/667 2668/4/667
v 0.518385 1.524745 -1.065493
v 0.518385 1.505811 -1.376222
v 0.500000 1.513412 -1.376686
v 0.500000 1.532346 -1.065956
vn 0.382683 0.922169 -0.056192
f 2669/1/668 2670/2/668 2671/3/668 2672/4/668
v 0.500000 1.532346 -1.065956
v 0.500000 1.513412 -1.376686
v 0.481615 1.505811 -1.376222
v 0.481615 1.524745 -1.065493
vn -0.382683 0.922169 -0.056192
f 2673/1/669 2674/2/669 2675/3/669 2676/4/669
v 0.481615 1.524745 -1.065493
v 0.481615 1.505811 -1.376222
v 0.474000 1.487460 -1.375104
v 0.474000 1.506394 -1.064375
vn -0.923880 0.381975 -0.023276
f 2677/1/670 2678/2/670 2679/3/670 2680/4/670
v 0.474000 1.506394 -1.064375
v 0.474000 1.487460 -1.375104
v 0.481615 1.469109 -1.373986
v 0.481615 1.488044 -1.063257
vn -0.923880 -0.381975 0.023276
f 2681/1/671 2682/2/671 2683/3/671 2684/4/671
v 0.481615 1.488044 -1.063257
v 0.481615 1.469109 -1.373986
v 0.500000 1.461508 -1.373523
v 0.500000 1.480442 -1.062794
vn -0.382683 -0.922169 0.056192
f 2685/1/672 2686/2/672 2687/3/672 2688/4/672
v 0.500000 1.480442 -1.062794
v 0.500000 1.461508 -1.373523
v 0.518385 1.469109 -1.373986
v 0.518385 1.488044 -1.063257
vn 0.382683 -0.922169 0.056192
f 2689/1/673 2690/2/673 2691/3/673 2692/4/673
v 0.518385 1.488044 -1.063257
v 0.518385 1.469109 -1.373986
v 0.526000 1.487460 -1.375104
v 0.526000 1.506394 -1.064375
vn 0.923880 -0.381975 0.023276
f 2693/1/674 2694/2/674 2695/3/674 2696/4/674
v 0.526000 1.487460 -1.375104
v 0.526000 1.468526 -1.685833
v 0.518385 1.486876 -1.686952
v 0.518385 1.505811 -1.376222
vn 0.923880 0.381975 -0.023276
f 2697/1/675 2698/2/675 2699/3/675 2700/4/675
v 0.518385 1.505811 -1.376222
v 0.518385 1.486876 -1.686952
v 0.500000 1.494478 -1.687415
v 0.500000 1.513412 -1.376686
vn 0.382683 0.922169 -0.056192
f 2701/1/676 2702/2/676 2703/3/676 2704/4/676
v 0.500000 1.513412 -1.376686
v 0.500000 1.494478 -1.687415
v 0.481615 1.486876 -1.686952
v 0.481615 1.505811 -1.376222
vn -0.382683 0.922169 -0.056192
f 2705/1/677 2706/2/677 2707/3/677 2708/4/677
v 0.481615 1.505811 -1.376222
v 0.481615 1.486876 -1.686952
v 0.474000 1.468526 -1.685833
v 0.474000 1.487460 -1.375104
vn -0.923880 0.381975 -0.023276
f 2709/1/678 2710/2/678 2711/3/678 2712/4/678
v 0.474000 1.487460 -1.375104
v 0.474000 1.468526 -1.685833
v 0.481615 1.450175 -1.684715
v 0.481615 1.469109 -1.373986
vn -0.923880 -0.381975 0.023276
f 2713/1/679 2714/2/679 2715/3/679 2716/4/679
v 0.481615 1.469109 -1.373986
v 0.481615 1.450175 -1.684715
v 0.500000 1.442574 -1.684252
v 0.500000 1.461508 -1.373523
vn -0.382683 -0.922169 0.056192
f 2717/1/680 2718/2/680 2719/3/680 2720/4/680
v 0.500000 1.461508 -1.373523
v 0.500000 1.442574 -1.684252
v 0.518385 1.450175 -1.684715
v 0.518385 1.469109 -1.373986
vn 0.382683 -0.922169 0.056192
f 2721/1/681 2722/2/681 2723/3/681 2724/4/681
v 0.518385 1.469109 -1.373986
v 0.518385 1.450175 -1.684715
v 0.526000 1.468526 -1.685833
v 0.526000 1.487460 -1.375104
vn 0.923880 -0.381975 0.023276
f 2725/1/682 2726/2/682 2727/3/682 2728/4/682
v 0.526000 1.468526 -1.685833
v 0.526000 1.449591 -1.996563
v 0.518385 1.467942 -1.997681
v 0.518385 1.486876 -1.686952
vn 0.923880 0.381975 -0.023276
f 2729/1/683 2730/2/683 2731/3/683 2732/4/683
v 0.518385 1.486876 -1.686952
v 0.518385 1.467942 -1.997681
v 0.500000 1.475543 -1.998144
v 0.500000 1.494478 -1.687415
vn 0.382683 0.922169 -0.056192
f 2733/1/684 2734/2/684 2735/3/684 2736/4/684
v 0.500000 1.494478 -1.687415
v 0.500000 1.475543 -1.998144
v 0.481615 1.467942 -1.997681
v 0.481615 1.486876 -1.686952
vn -0.382683 0.922169 -0.056192
f 2737/1/685 2738/2/685 2739/3/685 2740/4/685
v 0.481615 1.486876 -1.686952
v 0.481615 1.467942 -1.997681
v 0.474000 1.449591 -1.996563
v 0.474000 1.468526 -1.685833
vn -0.923880 0.381975 -0.023276
f 2741/1/686 2742/2/686 2743/3/686 2744/4/686
v 0.474000 1.468526 -1.685833
v 0.474000 1.449591 -1.996563
v 0.481615 1.431241 -1.995444
v 0.481615 1.450175 -1.684715
vn -0.923880 -0.381975 0.023276
f 2745/1/687 2746/2/687 2747/3/687 2748/4/687
v 0.481615 1.450175 -1.684715
v 0.481615 1.431241 -1.995444
v 0.500000 1.423640 -1.994981
v 0.500000 1.442574 -1.684252
vn -0.382683 -0.922169 0.056192
f 2749/1/688 2750/2/688 2751/3/688 2752/4/688
v 0.500000 1.442574 -1.684252
v 0.500000 1.423640 -1.994981
v 0.518385 1.431241 -1.995444
v 0.518385 1.450175 -1.684715
vn 0.382683 -0.922169 0.056192
f 2753/1/689 2754/2/689 2755/3/689 2756/4/689
v 0.518385 1.450175 -1.684715
v 0.518385 1.431241 -1.995444
v 0.526000 1.449591 -1.996563
v 0.526000 1.468526 -1.685833
vn 0.923880 -0.381975 0.023276
f 2757/1/690 2758/2/690 2759/3/690 2760/4/690
v 0.526000 1.449591 -1.996563
v 0.526000 1.430657 -2.307292
v 0.518385 1.449008 -2.308410
v 0.518385 1.467942 -1.997681
vn 0.923880 0.381975 -0.023276
f 2761/1/691 2762/2/691 2763/3/691 2764/4/691
v 0.518385 1.467942 -1.997681
v 0.518385 1.449008 -2.308410
v 0.500000 1.456609 -2.308873
v 0.500000 1.475543 -1.998144
vn 0.382683 0.922169 -0.056192
f 2765/1/692 2766/2/692 2767/3/692 2768/4/692
v 0.500000 1.475543 -1.998144
v 0.500000 1.456609 -2.308873
v 0.481615 1.449008 -2.308410
v 0.481615 1.467942 -1.997681
vn -0.382683 0.922169 -0.056192
f 2769/1/693 2770/2/693 2771/3/693 2772/4/693
v 0.481615 1.467942 -1.997681
v 0.481615 1.449008 -2.308410
v 0.474000 1.430657 -2.307292
v 0.474000 1.449591 -1.996563
vn -0.923880 0.381975 -0.023276
f 2773/1/694 2774/2/694 2775/3/694 2776/4/694
v 0.474000 1.449591 -1.996563
v 0.474000 1.430657 -2.307292
v 0.481615 1.412306 -2.306173
v 0.481615 1.431241 -1.995444
vn -0.923880 -0.381975 0.023276
f 2777/1/695 2778/2/695 2779/3/695 2780/4/695
v 0.481615 1.431241 -1.995444
v 0.481615 1.412306 -2.306173
v 0.500000 1.404705 -2.305710
v 0.500000 1.423640 -1.994981
vn -0.382683 -0.922169 0.056192
f 2781/1/696 2782/2/696 2783/3/696 2784/4/696
v 0.500000 1.423640 -1.994981
v 0.500000 1.404705 -2.305710
v 0.518385 1.412306 -2.306173
v 0.518385 1.431241 -1.995444
vn 0.382683 -0.922169 0.056192
f 2785/1/697 2786/2/697 2787/3/697 2788/4/697
v 0.518385 1.431241 -1.995444
v 0.518385 1.412306 -2.306173
v 0.526000 1.430657 -2.307292
v 0.526000 1.449591 -1.996563
vn 0.923880 -0.381975 0.023276
f 2789/1/698 2790/2/698 2791/3/698 2792/4/698
v 0.526000 1.430657 -2.307292
v 0.526000 1.411723 -2.618021
v 0.518385 1.430074 -2.619139
v 0.518385 1.449008 -2.308410
vn 0.923880 0.381975 -0.023276
f 2793/1/699 2794/2/699 2795/3/699 2796/4/699
v 0.518385 1.449008 -2.308410
v 0.518385 1.430074 -2.619139
v 0.500000 1.437675 -2.619602
v 0.500000 1.456609 -2.308873
vn 0.382683 0.922169 -0.056192
f 2797/1/700 2798/2/700 2799/3/700 2800/4/700
v 0.500000 1.456609 -2.308873
v 0.500000 1.437675 -2.619602
v 0.481615 1.430074 -2.619139
v 0.481615 1.449008 -2.308410
vn -0.382683 0.922169 -0.056192
f 2801/1/701 2802/2/701 2803/3/701 2804/4/701
v 0.481615 1.449008 -2.308410
v 0.481615 1.430074 -2.619139
v 0.474000 1.411723 -2.618021
v 0.474000 1.430657 -2.307292
vn -0.923880 0.381975 -0.023276
f 2805/1/702 2806/2/702 2807/3/702 2808/4/702
v 0.474000 1.430657 -2.307292
v 0.474000 1.411723 -2.618021
v 0.481615 1.393372 -2.616903
v 0.481615 1.412306 -2.306173
vn -0.923880 -0.381975 0.023276
f 2809/1/703 2810/2/703 2811/3/703 2812/4/703
v 0.481615 1.412306 -2.306173
v 0.481615 1.393372 -2.616903
v 0.500000 1.385771 -2.616439
v 0.500000 1.404705 -2.305710
vn -0.382683 -0.922169 0.056192
f 2813/1/704 2814/2/704 2815/3/704 2816/4/704
v 0.500000 1.404705 -2.305710
v 0.500000 1.385771 -2.616439
v 0.518385 1.393372 -2.616903
v 0.518385 1.412306 -2.306173
vn 0.382683 -0.922169 0.056192
f 2817/1/705 2818/2/705 2819/3/705 2820/4/705
v 0.518385 1.412306 -2.306173
v 0.518385 1.393372 -2.616903
v 0.526000 1.411723 -2.618021
v 0.526000 1.430657 -2.307292
vn 0.923880 -0.381975 0.023276
f 2821/1/706 2822/2/706 2823/3/706 2824/4/706
v 0.526000 1.411723 -2.618021
v 0.526000 1.392789 -2.928750
v 0.518385 1.411139 -2.929868
v 0.518385 1.430074 -2.619139
vn 0.923880 0.381975 -0.023276
f 2825/1/707 2826/2/707 2827/3/707 2828/4/707
v 0.518385 1.430074 -2.619139
v 0.518385 1.411139 -2.929868
v 0.500000 1.418740 -2.930331
v 0.500000 1.437675 -2.619602
vn 0.382683 0.922169 -0.056192
f 2829/1/708 2830/2/708 2831/3/708 2832/4/708
v 0.500000 1.437675 -2.619602
v 0.500000 1.418740 -2.930331
v 0.481615 1.411139 -2.929868
v 0.481615 1.430074 -2.619139
vn -0.382683 0.922169 -0.056192
f 2833/1/709 2834/2/709 2835/3/709 2836/4/709
v 0.481615 1.430074 -2.619139
v 0.481615 1.411139 -2.929868
v 0.474000 1.392789 -2.928750
v 0.474000 1.411723 -2.618021
vn -0.923880 0.381975 -0.023276
f 2837/1/710 2838/2/710 2839/3/710 2840/4/710
v 0.474000 1.411723 -2.618021
v 0.474000 1.392789 -2.928750
v 0.481615 1.374438 -2.927632
v 0.481615 1.393372 -2.616903
vn -0.923880 -0.381975 0.023276
f 2841/1/711 2842/2/711 2843/3/711 2844/4/711
v 0.481615 1.393372 -2.616903
v 0.481615 1.374438 -2.927632
v 0.500000 1.366837 -2.927169
v 0.500000 1.385771 -2.616439
vn -0.382683 -0.922169 0.056192
f 2845/1/712 2846/2/712 2847/3/712 2848/4/712
v 0.500000 1.385771 -2.616439
v 0.500000 1.366837 -2.927169
v 0.518385 1.374438 -2.927632
v 0.518385 1.393372 -2.616903
vn 0.382683 -0.922169 0.056192
f 2849/1/713 2850/2/713 2851/3/713 2852/4/713
v 0.518385 1.393372 -2.616903
v 0.518385 1.374438 -2.927632
v 0.526000 1.392789 -2.928750
v 0.526000 1.411723 -2.618021
vn 0.923880 -0.381975 0.023276
f 2853/1/714 2854/2/714 2855/3/714 2856/4/714
v 0.526000 1.392789 -2.928750
v 0.526000 1.373854 -3.239479
v 0.518385 1.392205 -3.240597
v 0.518385 1.411139 -2.929868
vn 0.923880 0.381975 -0.023276
f 2857/1/715 2858/2/715 2859/3/715 2860/4/715
v 0.518385 1.411139 -2.929868
v 0.518385 1.392205 -3.240597
v 0.500000 1.399806 -3.241061
v 0.500000 1.418740 -2.930331
vn 0.382683 0.922169 -0.056192
f 2861/1/716 2862/2/716 2863/3/716 2864/4/716
v 0.500000 1.418740 -2.930331
v 0.500000 1.399806 -3.241061
v 0.481615 1.392205 -3.240597
v 0.481615 1.411139 -2.929868
vn -0.382683 0.922169 -0.056192
f 2865/1/717 2866/2/717 2867/3/717 2868/4/717
v 0.481615 1.411139 -2.929868
v 0.481615 1.392205 -3.240597
v 0.474000 1.373854 -3.239479
v 0.474000 1.392789 -2.928750
vn -0.923880 0.381975 -0.023276
f 2869/1/718 2870/2/718 2871/3/718 2872/4/718
v 0.474000 1.392789 -2.928750
v 0.474000 1.373854 -3.239479
v 0.481615 1.355504 -3.238361
v 0.481615 1.374438 -2.927632
vn -0.923880 -0.381975 0.023276
f 2873/1/719 2874/2/719 2875/3/719 2876/4/719
v 0.481615 1.374438 -2.927632
v 0.481615 1.355504 -3.238361
v 0.500000 1.347902 -3.237898
v 0.500000 1.366837 -2.927169
vn -0.382683 -0.922169 0.056192
f 2877/1/720 2878/2/720 2879/3/720 2880/4/720
v 0.500000 1.366837 -2.927169
v 0.500000 1.347902 -3.237898
v 0.518385 1.355504 -3.238361
v 0.518385 1.374438 -2.927632
vn 0.382683 -0.922169 0.056192
f 2881/1/721 2882/2/721 2883/3/721 2884/4/721
v 0.518385 1.374438 -2.927632
v 0.518385 1.355504 -3.238361
v 0.526000 1.373854 -3.239479
v 0.526000 1.392789 -2.928750
vn 0.923880 -0.381975 0.023276
f 2885/1/722 2886/2/722 2887/3/722 2888/4/722
v 0.526000 1.373854 -3.239479
v 0.526000 1.354920 -3.550208
v 0.518385 1.373271 -3.551327
v 0.518385 1.392205 -3.240597
vn 0.923880 0.381975 -0.023276
f 2889/1/723 2890/2/723 2891/3/723 2892/4/723
v 0.518385 1.392205 -3.240597
v 0.518385 1.373271 -3.551327
v 0.500000 1.380872 -3.551790
v 0.500000 1.399806 -3.241061
vn 0.382683 0.922169 -0.056192
f 2893/1/724 2894/2/724 2895/3/724 2896/4/724
v 0.500000 1.399806 -3.241061
v 0.500000 1.380872 -3.551790
v 0.481615 1.373271 -3.551327
v 0.481615 1.392205 -3.240597
vn -0.382683 0.922169 -0.056192
f 2897/1/725 2898/2/725 2899/3/725 2900/4/725
v 0.481615 1.392205 -3.240597
v 0.481615 1.373271 -3.551327
v 0.474000 1.354920 -3.550208
v 0.474000 1.373854 -3.239479
vn -0.923880 0.381975 -0.023276
f 2901/1/726 2902/2/726 2903/3/726 2904/4/726
v 0.474000 1.373854 -3.239479
v 0.474000 1.354920 -3.550208
v 0.481615 1.336569 -3.549090
v 0.481615 1.355504 -3.238361
vn -0.923880 -0.381975 0.023276
f 2905/1/727 2906/2/727 2907/3/727 2908/4/727
v 0.481615 1.355504 -3.238361
v 0.481615 1.336569 -3.549090
v 0.500000 1.328968 -3.548627
v 0.500000 1.347902 -3.237898
vn -0.382683 -0.922169 0.056192
f 2909/1/728 2910/2/728 2911/3/728 2912/4/728
v 0.500000 1.347902 -3.237898
v 0.500000 1.328968 -3.548627
v 0.518385 1.336569 -3.549090
v 0.518385 1.355504 -3.238361
vn 0.382683 -0.922169 0.056192
f 2913/1/729 2914/2/729 2915/3/729 2916/4/729
v 0.518385 1.355504 -3.238361
v 0.518385 1.336569 -3.549090
v 0.526000 1.354920 -3.550208
v 0.526000 1.373854 -3.239479
vn 0.923880 -0.381975 0.023276
f 2917/1/730 2918/2/730 2919/3/730 2920/4/730
v 0.526000 1.354920 -3.550208
v 0.526000 1.335986 -3.860938
v 0.518385 1.354336 -3.862056
v 0.518385 1.373271 -3.551327
vn 0.923880 0.381975 -0.023276
f 2921/1/731 2922/2/731 2923/3/731 2924/4/731
v 0.518385 1.373271 -3.551327
v 0.518385 1.354336 -3.862056
v 0.500000 1.361938 -3.862519
v 0.500000 1.380872 -3.551790
vn 0.382683 0.922169 -0.056192
f 2925/1/732 2926/2/732 2927/3/732 2928/4/732
v 0.500000 1.380872 -3.551790
v 0.500000 1.361938 -3.862519
v 0.481615 1.354336 -3.862056
v 0.481615 1.373271 -3.551327
vn -0.382683 0.922169 -0.056192
f 2929/1/733 2930/2/733 2931/3/733 2932/4/733
v 0.481615 1.373271 -3.551327
v 0.481615 1.354336 -3.862056
v 0.474000 1.335986 -3.860938
v 0.474000 1.354920 -3.550208
vn -0.923880 0.381975 -0.023276
f 2933/1/734 2934/2/734 2935/3/734 2936/4/734
v 0.474000 1.354920 -3.550208
v 0.474000 1.335986 -3.860938
v 0.481615 1.317635 -3.859819
v 0.481615 1.336569 -3.549090
vn -0.923880 -0.381975 0.023276
f 2937/1/735 2938/2/735 2939/3/735 2940/4/735
v 0.481615 1.336569 -3.549090
v 0.481615 1.317635 -3.859819
v 0.500000 1.310034 -3.859356
v 0.500000 1.328968 -3.548627
vn -0.382683 -0.922169 0.056192
f 2941/1/736 2942/2/736 2943/3/736 2944/4/736
v 0.500000 1.328968 -3.548627
v 0.500000 1.310034 -3.859356
v 0.518385 1.317635 -3.859819
v 0.518385 1.336569 -3.549090
vn 0.382683 -0.922169 0.056192
f 2945/1/737 2946/2/737 2947/3/737 2948/4/737
v 0.518385 1.336569 -3.549090
v 0.518385 1.317635 -3.859819
v 0.526000 1.335986 -3.860938
v 0.526000 1.354920 -3.550208
vn 0.923880 -0.381975 0.023276
f 2949/1/738 2950/2/738 2951/3/738 2952/4/738
v 0.526000 1.335986 -3.860938
v 0.526000 1.317051 -4.171667
v 0.518385 1.335402 -4.172785
v 0.518385 1.354336 -3.862056
vn 0.923880 0.381975 -0.023276
f 2953/1/739 2954/2/739 2955/3/739 2956/4/739
v 0.518385 1.354336 -3.862056
v 0.518385 1.335402 -4.172785
v 0.500000 1.343003 -4.173248
v 0.500000 1.361938 -3.862519
vn 0.382683 0.922169 -0.056192
f 2957/1/740 2958/2/740 2959/3/740 2960/4/740
v 0.500000 1.361938 -3.862519
v 0.500000 1.343003 -4.173248
v 0.481615 1.335402 -4.172785
v 0.481615 1.354336 -3.862056
vn -0.382683 0.922169 -0.056192
f 2961/1/741 2962/2/741 2963/3/741 2964/4/741
v 0.481615 1.354336 -3.862056
v 0.481615 1.335402 -4.172785
v 0.474000 1.317051 -4.171667
v 0.474000 1.335986 -3.860938
vn -0.923880 0.381975 -0.023276
f 2965/1/742 2966/2/742 2967/3/742 2968/4/742
v 0.474000 1.335986 -3.860938
v 0.474000 1.317051 -4.171667
v 0.481615 1.298701 -4.170548
v 0.481615 1.317635 -3.859819
vn -0.923880 -0.381975 0.023276
f 2969/1/743 2970/2/743 2971/3/743 2972/4/743
v 0.481615 1.317635 -3.859819
v 0.481615 1.298701 -4.170548
v 0.500000 1.291100 -4.170085
v 0.500000 1.310034 -3.859356
vn -0.382683 -0.922169 0.056192
f 2973/1/744 2974/2/744 2975/3/744 2976/4/744
v 0.500000 1.310034 -3.859356
v 0.500000 1.291100 -4.170085
v 0.518385 1.298701 -4.170548
v 0.518385 1.317635 -3.859819
vn 0.382683 -0.922169 0.056192
f 2977/1/745 2978/2/745 2979/3/745 2980/4/745
v 0.518385 1.317635 -3.859819
v 0.518385 1.298701 -4.170548
v 0.526000 1.317051 -4.171667
v 0.526000 1.335986 -3.860938
vn 0.923880 -0.381975 0.023276
f 2981/1/746 2982/2/746 2983/3/746 2984/4/746
v 0.526000 1.317051 -4.171667
v 0.526000 1.298117 -4.482396
v 0.518385 1.316468 -4.483514
v 0.518385 1.335402 -4.172785
vn 0.923880 0.381975 -0.023276
f 2985/1/747 2986/2/747 2987/3/747 2988/4/747
v 0.518385 1.335402 -4.172785
v 0.518385 1.316468 -4.483514
v 0.500000 1.324069 -4.483977
v 0.500000 1.343003 -4.173248
vn 0.382683 0.922169 -0.056192
f 2989/1/748 2990/2/748 2991/3/748 2992/4/748
v 0.500000 1.343003 -4.173248
v 0.500000 1.324069 -4.483977
v 0.481615 1.316468 -4.483514
v 0.481615 1.335402 -4.172785
vn -0.382683 0.922169 -0.056192
f 2993/1/749 2994/2/749 2995/3/749 2996/4/749
v 0.481615 1.335402 -4.172785
v 0.481615 1.316468 -4.483514
v 0.474000 1.298117 -4.482396
v 0.474000 1.317051 -4.171667
vn -0.923880 0.381975 -0.023276
f 2997/1/750 2998/2/750 2999/3/750 3000/4/750
v 0.474000 1.317051 -4.171667
v 0.474000 1.298117 -4.482396
v 0.481615 1.279766 -4.481278
v 0.481615 1.298701 -4.170548
vn -0.923880 -0.381975 0.023276
f 3001/1/751 3002/2/751 3003/3/751 3004/4/751
v 0.481615 1.298701 -4.170548
v 0.481615 1.279766 -4.481278
v 0.500000 1.272165 -4.480814
v 0.500000 1.291100 -4.170085
vn -0.382683 -0.922169 0.056192
f 3005/1/752 3006/2/752 3007/3/752 3008/4/752
v 0.500000 1.291100 -4.170085
v 0.500000 1.272165 -4.480814
v 0.518385 1.279766 -4.481278
v 0.518385 1.298701 -4.170548
vn 0.382683 -0.922169 0.056192
f 3009/1/753 3010/2/753 3011/3/753 3012/4/753
v 0.518385 1.298701 -4.170548
v 0.518385 1.279766 -4.481278
v 0.526000 1.298117 -4.482396
v 0.526000 1.317051 -4.171667
vn 0.923880 -0.381975 0.023276
f 3013/1/754 3014/2/754 3015/3/754 3016/4/754
v 0.526000 1.298117 -4.482396
v 0.526000 1.279183 -4.793125
v 0.518385 1.297534 -4.794243
v 0.518385 1.316468 -4.483514
vn 0.923880 0.381975 -0.023276
f 3017/1/755 3018/2/755 3019/3/755 3020/4/755
v 0.518385 1.316468 -4.483514
v 0.518385 1.297534 -4.794243
v 0.500000 1.305135 -4.794706
v 0.500000 1.324069 -4.483977
vn 0.382683 0.922169 -0.056192
f 3021/1/756 3022/2/756 3023/3/756 3024/4/756
v 0.500000 1.324069 -4.483977
v 0.500000 1.305135 -4.794706
v 0.481615 1.297534 -4.794243
v 0.481615 1.316468 -4.483514
vn -0.382683 0.922169 -0.056192
f 3025/1/757 3026/2/757 3027/3/757 3028/4/757
v 0.481615 1.316468 -4.483514
v 0.481615 1.297534 -4.794243
v 0.474000 1.279183 -4.793125
v 0.474000 1.298117 -4.482396
vn -0.923880 0.381975 -0.023276
f 3029/1/758 3030/2/758 3031/3/758 3032/4/758
v 0.474000 1.298117 -4.482396
v 0.474000 1.279183 -4.793125
v 0.481615 1.260832 -4.792007
v 0.481615 1.279766 -4.481278
vn -0.923880 -0.381975 0.023276
f 3033/1/759 3034/2/759 3035/3/759 3036/4/759
v 0.481615 1.279766 -4.481278
v 0.481615 1.260832 -4.792007
v 0.500000 1.253231 -4.791544
v 0.500000 1.272165 -4.480814
vn -0.382683 -0.922169 0.056192
f 3037/1/760 3038/2/760 3039/3/760 3040/4/760
v 0.500000 1.272165 -4.480814
v 0.500000 1.253231 -4.791544
v 0.518385 1.260832 -4.792007
v 0.518385 1.279766 -4.481278
vn 0.382683 -0.922169 0.056192
f 3041/1/761 3042/2/761 3043/3/761 3044/4/761
v 0.518385 1.279766 -4.481278
v 0.518385 1.260832 -4.792007
v 0.526000 1.279183 -4.793125
v 0.526000 1.298117 -4.482396
vn 0.923880 -0.381975 0.023276
f 3045/1/762 3046/2/762 3047/3/762 3048/4/762
v 0.526000 1.279183 -4.793125
v 0.526000 1.260249 -5.103854
v 0.518385 1.278599 -5.104972
v 0.518385 1.297534 -4.794243
vn 0.923880 0.381975 -0.023276
f 3049/1/763 3050/2/763 3051/3/763 3052/4/763
v 0.518385 1.297534 -4.794243
v 0.518385 1.278599 -5.104972
v 0.500000 1.286200 -5.105436
v 0.500000 1.305135 -4.794706
vn 0.382683 0.922169 -0.056192
f 3053/1/764 3054/2/764 3055/3/764 3056/4/764
v 0.500000 1.305135 -4.794706
v 0.500000 1.286200 -5.105436
v 0.481615 1.278599 -5.104972
v 0.481615 1.297534 -4.794243
vn -0.382683 0.922169 -0.056192
f 3057/1/765 3058/2/765 3059/3/765 3060/4/765
v 0.481615 1.297534 -4.794243
v 0.481615 1.278599 -5.104972
v 0.474000 1.260249 -5.103854
v 0.474000 1.279183 -4.793125
vn -0.923880 0.381975 -0.023276
f 3061/1/766 3062/2/766 3063/3/766 3064/4/766
v 0.474000 1.279183 -4.793125
v 0.474000 1.260249 -5.103854
v 0.481615 1.241898 -5.102736
v 0.481615 1.260832 -4.792007
vn -0.923880 -0.381975 0.023276
f 3065/1/767 3066/2/767 3067/3/767 3068/4/767
v 0.481615 1.260832 -4.792007
v 0.481615 1.241898 -5.102736
v 0.500000 1.234297 -5.102273
v 0.500000 1.253231 -4.791544
vn -0.382683 -0.922169 0.056192
f 3069/1/768 3070/2/768 3071/3/768 3072/4/768
v 0.500000 1.253231 -4.791544
v 0.500000 1.234297 -5.102273
v 0.518385 1.241898 -5.102736
v 0.518385 1.260832 -4.792007
vn 0.382683 -0.922169 0.056192
f 3073/1/769 3074/2/769 3075/3/769 3076/4/769
v 0.518385 1.260832 -4.792007
v 0.518385 1.241898 -5.102736
v 0.526000 1.260249 -5.103854
v 0.526000 1.279183 -4.793125
vn 0.923880 -0.381975 0.023276
f 3077/1/770 3078/2/770 3079/3/770 3080/4/770
v 0.526000 1.260249 -5.103854
v 0.526000 1.241314 -5.414583
v 0.518385 1.259665 -5.415702
v 0.518385 1.278599 -5.104972
vn 0.923880 0.381975 -0.023276
f 3081/1/771 3082/2/771 3083/3/771 3084/4/771
v 0.518385 1.278599 -5.104972
v 0.518385 1.259665 -5.415702
v 0.500000 1.267266 -5.416165
v 0.500000 1.286200 -5.105436
vn 0.382683 0.922169 -0.056192
f 3085/1/772 3086/2/772 3087/3/772 3088/4/772
v 0.500000 1.286200 -5.105436
v 0.500000 1.267266 -5.416165
v 0.481615 1.259665 -5.415702
v 0.481615 1.278599 -5.104972
vn -0.382683 0.922169 -0.056192
f 3089/1/773 3090/2/773 3091/3/773 3092/4/773
v 0.481615 1.278599 -5.104972
v 0.481615 1.259665 -5.415702
v 0.474000 1.241314 -5.414583
v 0.474000 1.260249 -5.103854
vn -0.923880 0.381975 -0.023276
f 3093/1/774 3094/2/774 3095/3/774 3096/4/774
v 0.474000 1.260249 -5.103854
v 0.474000 1.241314 -5.414583
v 0.481615 1.222964 -5.413465
v 0.481615 1.241898 -5.102736
vn -0.923880 -0.381975 0.023276
f 3097/1/775 3098/2/775 3099/3/775 3100/4/775
v 0.481615 1.241898 -5.102736
v 0.481615 1.222964 -5.413465
v 0.500000 1.215362 -5.413002
v 0.500000 1.234297 -5.102273
vn -0.382683 -0.922169 0.056192
f 3101/1/776 3102/2/776 3103/3/776 3104/4/776
v 0.500000 1.234297 -5.102273
v 0.500000 1.215362 -5.413002
v 0.518385 1.222964 -5.413465
v 0.518385 1.241898 -5.102736
vn 0.382683 -0.922169 0.056192
f 3105/1/777 3106/2/777 3107/3/777 3108/4/777
v 0.518385 1.241898 -5.102736
v 0.518385 1.222964 -5.413465
v 0.526000 1.241314 -5.414583
v 0.526000 1.260249 -5.103854
vn 0.923880 -0.381975 0.023276
f 3109/1/778 3110/2/778 3111/3/778 3112/4/778
v 0.526000 1.241314 -5.414583
v 0.526000 1.222380 -5.725313
v 0.518385 1.240731 -5.726431
v 0.518385 1.259665 -5.415702
vn 0.923880 0.381975 -0.023276
f 3113/1/779 3114/2/779 3115/3/779 3116/4/779
v 0.518385 1.259665 -5.415702
v 0.518385 1.240731 -5.726431
v 0.500000 1.248332 -5.726894
v 0.500000 1.267266 -5.416165
vn 0.382683 0.922169 -0.056192
f 3117/1/780 3118/2/780 3119/3/780 3120/4/780
v 0.500000 1.267266 -5.416165
v 0.500000 1.248332 -5.726894
v 0.481615 1.240731 -5.726431
v 0.481615 1.259665 -5.415702
vn -0.382683 0.922169 -0.056192
f 3121/1/781 3122/2/781 3123/3/781 3124/4/781
v 0.481615 1.259665 -5.415702
v 0.481615 1.240731 -5.726431
v 0.474000 1.222380 -5.725313
v 0.474000 1.241314 -5.414583
vn -0.923880 0.381975 -0.023276
f 3125/1/782 3126/2/782 3127/3/782 3128/4/782
v 0.474000 1.241314 -5.414583
v 0.474000 1.222380 -5.725313
v 0.481615 1.204029 -5.724194
v 0.481615 1.222964 -5.413465
vn -0.923880 -0.381975 0.023276
f 3129/1/783 3130/2/783 3131/3/783 3132/4/783
v 0.481615 1.222964 -5.413465
v 0.481615 1.204029 -5.724194
v 0.500000 1.196428 -5.723731
v 0.500000 1.215362 -5.413002
vn -0.382683 -0.922169 0.056192
f 3133/1/784 3134/2/784 3135/3/784 3136/4/784
v 0.500000 1.215362 -5.413002
v 0.500000 1.196428 -5.723731
v 0.518385 1.204029 -5.724194
v 0.518385 1.222964 -5.413465
vn 0.382683 -0.922169 0.056192
f 3137/1/785 3138/2/785 3139/3/785 3140/4/785
v 0.518385 1.222964 -5.413465
v 0.518385 1.204029 -5.724194
v 0.526000 1.222380 -5.725313
v 0.526000 1.241314 -5.414583
vn 0.923880 -0.381975 0.023276
f 3141/1/786 3142/2/786 3143/3/786 3144/4/786
v 0.526000 1.222380 -5.725313
v 0.526000 1.203446 -6.036042
v 0.518385 1.221796 -6.037160
v 0.518385 1.240731 -5.726431
vn 0.923880 0.381975 -0.023276
f 3145/1/787 3146/2/787 3147/3/787 3148/4/787
v 0.518385 1.240731 -5.726431
v 0.518385 1.221796 -6.037160
v 0.500000 1.229398 -6.037623
v 0.500000 1.248332 -5.726894
vn 0.382683 0.922169 -0.056192
f 3149/1/788 3150/2/788 3151/3/788 3152/4/788
v 0.500000 1.248332 -5.726894
v 0.500000 1.229398 -6.037623
v 0.481615 1.221796 -6.037160
v 0.481615 1.240731 -5.726431
vn -0.382683 0.922169 -0.056192
f 3153/1/789 3154/2/789 3155/3/789 3156/4/789
v 0.481615 1.240731 -5.726431
v 0.481615 1.221796 -6.037160
v 0.474000 1.203446 -6.036042
v 0.474000 1.222380 -5.725313
vn -0.923880 0.381975 -0.023276
f 3157/1/790 3158/2/790 3159/3/790 3160/4/790
v 0.474000 1.222380 -5.725313
v 0.474000 1.203446 -6.036042
v 0.481615 1.185095 -6.034923
v 0.481615 1.204029 -5.724194
vn -0.923880 -0.381975 0.023276
f 3161/1/791 3162/2/791 3163/3/791 3164/4/791
v 0.481615 1.204029 -5.724194
v 0.481615 1.185095 -6.034923
v 0.500000 1.177494 -6.034460
v 0.500000 1.196428 -5.723731
vn -0.382683 -0.922169 0.056192
f 3165/1/792 3166/2/792 3167/3/792 3168/4/792
v 0.500000 1.196428 -5.723731
v 0.500000 1.177494 -6.034460
v 0.518385 1.185095 -6.034923
v 0.518385 1.204029 -5.724194
vn 0.382683 -0.922169 0.056192
f 3169/1/793 3170/2/793 3171/3/793 3172/4/793
v 0.518385 1.204029 -5.724194
v 0.518385 1.185095 -6.034923
v 0.526000 1.203446 -6.036042
v 0.526000 1.222380 -5.725313
vn 0.923880 -0.381975 0.023276
f 3173/1/794 3174/2/794 3175/3/794 3176/4/794
v 0.526000 1.203446 -6.036042
v 0.526000 1.184511 -6.346771
v 0.518385 1.202862 -6.347889
v 0.518385 1.221796 -6.037160
vn 0.923880 0.381975 -0.023276
f 3177/1/795 3178/2/795 3179/3/795 3180/4/795
v 0.518385 1.221796 -6.037160
v 0.518385 1.202862 -6.347889
v 0.500000 1.210463 -6.348352
v 0.500000 1.229398 -6.037623
vn 0.382683 0.922169 -0.056192
f 3181/1/796 3182/2/796 3183/3/796 3184/4/796
v 0.500000 1.229398 -6.037623
v 0.500000 1.210463 -6.348352
v 0.481615 1.202862 -6.347889
v 0.481615 1.221796 -6.037160
vn -0.382683 0.922169 -0.056192
f 3185/1/797 3186/2/797 3187/3/797 3188/4/797
v 0.481615 1.221796 -6.037160
v 0.481615 1.202862 -6.347889
v 0.474000 1.184511 -6.346771
v 0.474000 1.203446 -6.036042
vn -0.923880 0.381975 -0.023276
f 3189/1/798 3190/2/798 3191/3/798 3192/4/798
v 0.474000 1.203446 -6.036042
v 0.474000 1.184511 -6.346771
v 0.481615 1.166161 -6.345653
v 0.481615 1.185095 -6.034923
vn -0.923880 -0.381975 0.023276
f 3193/1/799 3194/2/799 3195/3/799 3196/4/799
v 0.481615 1.185095 -6.034923
v 0.481615 1.166161 -6.345653
v 0.500000 1.158560 -6.345189
v 0.500000 1.177494 -6.034460
vn -0.382683 -0.922169 0.056192
f 3197/1/800 3198/2/800 3199/3/800 3200/4/800
v 0.500000 1.177494 -6.034460
v 0.500000 1.158560 -6.345189
v 0.518385 1.166161 -6.345653
v 0.518385 1.185095 -6.034923
vn 0.382683 -0.922169 0.056192
f 3201/1/801 3202/2/801 3203/3/801 3204/4/801
v 0.518385 1.185095 -6.034923
v 0.518385 1.166161 -6.345653
v 0.526000 1.184511 -6.346771
v 0.526000 1.203446 -6.036042
vn 0.923880 -0.381975 0.023276
f 3205/1/802 3206/2/802 3207/3/802 3208/4/802
v 0.526000 1.184511 -6.346771
v 0.526000 1.165577 -6.657500
v 0.518385 1.183928 -6.658618
v 0.518385 1.202862 -6.347889
vn 0.923880 0.381975 -0.023276
f 3209/1/803 3210/2/803 3211/3/803 3212/4/803
v 0.518385 1.202862 -6.347889
v 0.518385 1.183928 -6.658618
v 0.500000 1.191529 -6.659081
v 0.500000 1.210463 -6.348352
vn 0.382683 0.922169 -0.056192
f 3213/1/804 3214/2/804 3215/3/804 3216/4/804
v 0.500000 1.210463 -6.348352
v 0.500000 1.191529 -6.659081
v 0.481615 1.183928 -6.658618
v 0.481615 1.202862 -6.347889
vn -0.382683 0.922169 -0.056192
f 3217/1/805 3218/2/805 3219/3/805 3220/4/805
v 0.481615 1.202862 -6.347889
v 0.481615 1.183928 -6.658618
v 0.474000 1.165577 -6.657500
v 0.474000 1.184511 -6.346771
vn -0.923880 0.381975 -0.023276
f 3221/1/806 3222/2/806 3223/3/806 3224/4/806
v 0.474000 1.184511 -6.346771
v 0.474000 1.165577 -6.657500
v 0.481615 1.147226 -6.656382
v 0.481615 1.166161 -6.345653
vn -0.923880 -0.381975 0.023276
f 3225/1/807 3226/2/807 3227/3/807 3228/4/807
v 0.481615 1.166161 -6.345653
v 0.481615 1.147226 -6.656382
v 0.500000 1.139625 -6.655919
v 0.500000 1.158560 -6.345189
vn -0.382683 -0.922169 0.056192
f 3229/1/808 3230/2/808 3231/3/808 3232/4/808
v 0.500000 1.158560 -6.345189
v 0.500000 1.139625 -6.655919
v 0.518385 1.147226 -6.656382
v 0.518385 1.166161 -6.345653
vn 0.382683 -0.922169 0.056192
f 3233/1/809 3234/2/809 3235/3/809 3236/4/809
v 0.518385 1.166161 -6.345653
v 0.518385 1.147226 -6.656382
v 0.526000 1.165577 -6.657500
v 0.526000 1.184511 -6.346771
vn 0.923880 -0.381975 0.023276
f 3237/1/810 3238/2/810 3239/3/810 3240/4/810
v 0.526000 1.165577 -6.657500
v 0.481615 1.183928 -6.658618
v 0.500000 1.191529 -6.659081
v 0.518385 1.183928 -6.658618
vn 0.000000 -0.060822 -0.998149
f 3241/1/811 3242/2/811 3243/3/811 3244/4/811
v 0.526000 1.165577 -6.657500
v 0.481615 1.147226 -6.656382
v 0.474000 1.165577 -6.657500
v 0.481615 1.183928 -6.658618
vn 0.000000 -0.060822 -0.998149
f 3245/1/812 3246/2/812 3247/3/812 3248/4/812
v 0.526000 1.165577 -6.657500
v 0.518385 1.147226 -6.656382
v 0.500000 1.139625 -6.655919
v 0.481615 1.147226 -6.656382
vn 0.000000 -0.060822 -0.998149
f 3249/1/813 3250/2/813 3251/3/813 3252/4/813
v 0.522000 0.629472 -1.064375
v 0.522000 1.370067 -3.301625
v 0.515556 1.384836 -3.296736
v 0.515556 0.644240 -1.059486
vn 0.923880 0.363296 0.120262
f 3253/1/814 3254/2/814 3255/3/814 3256/4/814
v 0.515556 0.644240 -1.059486
v 0.515556 1.384836 -3.296736
v 0.500000 1.390953 -3.294711
v 0.500000 0.650358 -1.057461
vn 0.382683 0.877073 0.290337
f 3257/1/815 3258/2/815 3259/3/815 3260/4/815
v 0.500000 0.650358 -1.057461
v 0.500000 1.390953 -3.294711
v 0.484444 1.384836 -3.296736
v 0.484444 0.644240 -1.059486
vn -0.382683 0.877073 0.290337
f 3261/1/816 3262/2/816 3263/3/816 3264/4/816
v 0.484444 0.644240 -1.059486
v 0.484444 1.384836 -3.296736
v 0.478000 1.370067 -3.301625
v 0.478000 0.629472 -1.064375
vn -0.923880 0.363296 0.120262
f 3265/1/817 3266/2/817 3267/3/817 3268/4/817
v 0.478000 0.629472 -1.064375
v 0.478000 1.370067 -3.301625
v 0.484444 1.355299 -3.306514
v 0.484444 0.614704 -1.069264
vn -0.923880 -0.363296 -0.120262
f 3269/1/818 3270/2/818 3271/3/818 3272/4/818
v 0.484444 0.614704 -1.069264
v 0.484444 1.355299 -3.306514
v 0.500000 1.349182 -3.308539
v 0.500000 0.608587 -1.071289
vn -0.382683 -0.877073 -0.290337
f 3273/1/819 3274/2/819 3275/3/819 3276/4/819
v 0.500000 0.608587 -1.071289
v 0.500000 1.349182 -3.308539
v 0.515556 1.355299 -3.306514
v 0.515556 0.614704 -1.069264
vn 0.382683 -0.877073 -0.290337
f 3277/1/820 3278/2/820 3279/3/820 3280/4/820
v 0.515556 0.614704 -1.069264
v 0.515556 1.355299 -3.306514
v 0.522000 1.370067 -3.301625
v 0.522000 0.629472 -1.064375
vn 0.923880 -0.363296 -0.120262
f 3281/1/821 3282/2/821 3283/3/821 3284/4/821
v 0.522000 1.370067 -3.301625
v 0.484444 1.384836 -3.296736
v 0.500000 1.390953 -3.294711
v 0.515556 1.384836 -3.296736
vn 0.000000 0.314258 -0.949337
f 3285/1/822 3286/2/822 3287/3/822 3288/4/822
v 0.522000 1.370067 -3.301625
v 0.484444 1.355299 -3.306514
v 0.478000 1.370067 -3.301625
v 0.484444 1.384836 -3.296736
vn 0.000000 0.314258 -0.949337
f 3289/1/823 3290/2/823 3291/3/823 3292/4/823
v 0.522000 1.370067 -3.301625
v 0.515556 1.355299 -3.306514
v 0.500000 1.349182 -3.308539
v 0.484444 1.355299 -3.306514
vn 0.000000 0.314258 -0.949337
f 3293/1/824 3294/2/824 3295/3/824 3296/4/824
v 0.497146 1.620000 0.878186
v -0.051535 1.620000 0.955488
v -0.046692 1.635556 0.959738
v 0.497982 1.635556 0.884575
vn -0.128891 0.382668 -0.914851
f 3297/1/825 3298/2/825 3299/3/825 3300/4/825
v 0.497982 1.635556 0.884575
v -0.046692 1.635556 0.959738
v -0.035000 1.642000 0.970000
v 0.500000 1.642000 0.900000
vn -0.052314 0.923876 -0.379099
f 3301/1/826 3302/2/826 3303/3/826 3304/4/826
v 0.500000 1.642000 0.900000
v -0.035000 1.642000 0.970000
v -0.023308 1.635556 0.980262
v 0.502018 1.635556 0.915425
vn 0.049648 0.923880 0.379449
f 3305/1/827 3306/2/827 3307/3/827 3308/4/827
v 0.502018 1.635556 0.915425
v -0.023308 1.635556 0.980262
v -0.018465 1.620000 0.984512
v 0.502854 1.620000 0.921814
vn 0.113169 0.382675 0.916926
f 3309/1/828 3310/2/828 3311/3/828 3312/4/828
v 0.502854 1.620000 0.921814
v -0.018465 1.620000 0.984512
v -0.023308 1.604444 0.980262
v 0.502018 1.604444 0.915425
vn 0.110319 -0.382666 0.917277
f 3313/1/829 3314/2/829 3315/3/829 3316/4/829
v 0.502018 1.604444 0.915425
v -0.023308 1.604444 0.980262
v -0.035000 1.598000 0.970000
v 0.500000 1.598000 0.900000
vn 0.046877 -0.923876 0.379810
f 3317/1/830 3318/2/830 3319/3/830 3320/4/830
v 0.500000 1.598000 0.900000
v -0.035000 1.598000 0.970000
v -0.046692 1.604444 0.959738
v 0.497982 1.604444 0.884575
vn -0.049648 -0.923880 -0.379449
f 3321/1/831 3322/2/831 3323/3/831 3324/4/831
v 0.497982 1.604444 0.884575
v -0.046692 1.604444 0.959738
v -0.051535 1.620000 0.955488
v 0.497146 1.620000 0.878186
vn -0.126296 -0.382675 -0.915210
f 3325/1/832 3326/2/832 3327/3/832 3328/4/832
v -0.051535 1.620000 0.955488
v -0.057000 1.620000 1.400000
v -0.050556 1.635556 1.400000
v -0.046692 1.635556 0.959738
vn -0.953822 0.300142 -0.011727
f 3329/1/833 3330/2/833 3331/3/833 3332/4/833
v -0.046692 1.635556 0.959738
v -0.050556 1.635556 1.400000
v -0.035000 1.642000 1.400000
v -0.035000 1.642000 0.970000
vn -0.479833 0.877349 -0.004212
f 3333/1/834 3334/2/834 3335/3/834 3336/4/834
v -0.035000 1.642000 0.970000
v -0.035000 1.642000 1.400000
v -0.019444 1.635556 1.400000
v -0.023308 1.635556 0.980262
vn 0.482676 0.875799 -0.000000
f 3337/1/835 3338/2/835 3339/3/835 3340/4/835
v -0.023308 1.635556 0.980262
v -0.019444 1.635556 1.400000
v -0.013000 1.620000 1.400000
v -0.018465 1.620000 0.984512
vn 0.955445 0.295039 -0.008797
f 3341/1/836 3342/2/836 3343/3/836 3344/4/836
v -0.018465 1.620000 0.984512
v -0.013000 1.620000 1.400000
v -0.019444 1.604444 1.400000
v -0.023308 1.604444 0.980262
vn 0.955696 -0.294086 -0.012571
f 3345/1/837 3346/2/837 3347/3/837 3348/4/837
v -0.023308 1.604444 0.980262
v -0.019444 1.604444 1.400000
v -0.035000 1.598000 1.400000
v -0.035000 1.598000 0.970000
vn 0.485678 -0.874126 -0.004472
f 3349/1/838 3350/2/838 3351/3/838 3352/4/838
v -0.035000 1.598000 0.970000
v -0.035000 1.598000 1.400000
v -0.050556 1.604444 1.400000
v -0.046692 1.604444 0.959738
vn -0.482676 -0.875799 0.000000
f 3353/1/839 3354/2/839 3355/3/839 3356/4/839
v -0.046692 1.604444 0.959738
v -0.050556 1.604444 1.400000
v -0.057000 1.620000 1.400000
v -0.051535 1.620000 0.955488
vn -0.954117 -0.299318 -0.008375
f 3357/1/840 3358/2/840 3359/3/840 3360/4/840
v -0.057000 1.620000 1.400000
v -0.019444 1.635556 1.400000
v -0.035000 1.642000 1.400000
v -0.050556 1.635556 1.400000
vn 0.000000 0.000000 1.000000
f 3361/1/841 3362/2/841 3363/3/841 3364/4/841
v -0.057000 1.620000 1.400000
v -0.019444 1.604444 1.400000
v -0.013000 1.620000 1.400000
v -0.019444 1.635556 1.400000
vn -0.000000 0.000000 1.000000
f 3365/1/842 3366/2/842 3367/3/842 3368/4/842
v -0.057000 1.620000 1.400000
v -0.050556 1.604444 1.400000
v -0.035000 1.598000 1.400000
v -0.019444 1.604444 1.400000
vn 0.000000 0.000000 1.000000
f 3369/1/843 3370/2/843 3371/3/843 3372/4/843
usemtl clamp
v -0.097500 1.495000 1.500000
v 0.027500 1.495000 1.500000
v 0.027500 1.745000 1.500000
v -0.097500 1.745000 1.500000
vn 0.000000 0.000000 1.000000
f 3373/1/844 3374/2/844 3375/3/844 3376/4/844
v 0.027500 1.495000 1.250000
v -0.097500 1.495000 1.250000
v -0.097500 1.745000 1.250000
v 0.027500 1.745000 1.250000
vn 0.000000 0.000000 -1.000000
f 3377/1/845 3378/2/845 3379/3/845 3380/4/845
v 0.027500 1.495000 1.500000
v 0.027500 1.495000 1.250000
v 0.027500 1.745000 1.250000
v 0.027500 1.745000 1.500000
vn 1.000000 -0.000000 0.000000
f 3381/1/846 3382/2/846 3383/3/846 3384/4/846
v -0.097500 1.495000 1.250000
v -0.097500 1.495000 1.500000
v -0.097500 1.745000 1.500000
v -0.097500 1.745000 1.250000
vn -1.000000 0.000000 0.000000
f 3385/1/847 3386/2/847 3387/3/847 3388/4/847
v -0.097500 1.745000 1.500000
v 0.027500 1.745000 1.500000
v 0.027500 1.745000 1.250000
v -0.097500 1.745000 1.250000
vn -0.000000 1.000000 0.000000
f 3389/1/848 3390/2/848 3391/3/848 3392/4/848
v -0.097500 1.495000 1.250000
v 0.027500 1.495000 1.250000
v 0.027500 1.495000 1.500000
v -0.097500 1.495000 1.500000
vn 0.000000 -1.000000 0.000000
f 3393/1/849 3394/2/849 3395/3/849 3396/4/849
usemtl metal
v 0.497146 1.620000 0.921814
v 1.018465 1.620000 0.984512
v 1.023308 1.635556 0.980262
v 0.497982 1.635556 0.915425
vn -0.110319 0.382666 0.917277
f 3397/1/850 3398/2/850 3399/3/850 3400/4/850
v 0.497982 1.635556 0.915425
v 1.023308 1.635556 0.980262
v 1.035000 1.642000 0.970000
v 0.500000 1.642000 0.900000
vn -0.046877 0.923876 0.379810
f 3401/1/851 3402/2/851 3403/3/851 3404/4/851
v 0.500000 1.642000 0.900000
v 1.035000 1.642000 0.970000
v 1.046692 1.635556 0.959738
v 0.502018 1.635556 0.884575
vn 0.049648 0.923880 -0.379449
f 3405/1/852 3406/2/852 3407/3/852 3408/4/852
v 0.502018 1.635556 0.884575
v 1.046692 1.635556 0.959738
v 1.051535 1.620000 0.955488
v 0.502854 1.620000 0.878186
vn 0.126296 0.382675 -0.915210
f 3409/1/853 3410/2/853 3411/3/853 3412/4/853
v 0.502854 1.620000 0.878186
v 1.051535 1.620000 0.955488
v 1.046692 1.604444 0.959738
v 0.502018 1.604444 0.884575
vn 0.128891 -0.382668 -0.914851
f 3413/1/854 3414/2/854 3415/3/854 3416/4/854
v 0.502018 1.604444 0.884575
v 1.046692 1.604444 0.959738
v 1.035000 1.598000 0.970000
v 0.500000 1.598000 0.900000
vn 0.052314 -0.923876 -0.379099
f 3417/1/855 3418/2/855 3419/3/855 3420/4/855
v 0.500000 1.598000 0.900000
v 1.035000 1.598000 0.970000
v 1.023308 1.604444 0.980262
v 0.497982 1.604444 0.915425
vn -0.049648 -0.923880 0.379449
f 3421/1/856 3422/2/856 3423/3/856 3424/4/856
v 0.497982 1.604444 0.915425
v 1.023308 1.604444 0.980262
v 1.018465 1.620000 0.984512
v 0.497146 1.620000 0.921814
vn -0.113169 -0.382675 0.916926
f 3425/1/857 3426/2/857 3427/3/857 3428/4/857
v 1.018465 1.620000 0.984512
v 1.013000 1.620000 1.400000
v 1.019444 1.635556 1.400000
v 1.023308 1.635556 0.980262
vn -0.955696 0.294086 -0.012571
f 3429/1/858 3430/2/858 3431/3/858 3432/4/858
v 1.023308 1.635556 0.980262
v 1.019444 1.635556 1.400000
v 1.035000 1.642000 1.400000
v 1.035000 1.642000 0.970000
vn -0.485678 0.874126 -0.004472
f 3433/1/859 3434/2/859 3435/3/859 3436/4/859
v 1.035000 1.642000 0.970000
v 1.035000 1.642000 1.400000
v 1.050556 1.635556 1.400000
v 1.046692 1.635556 0.959738
vn 0.482676 0.875799 -0.000000
f 3437/1/860 3438/2/860 3439/3/860 3440/4/860
v 1.046692 1.635556 0.959738
v 1.050556 1.635556 1.400000
v 1.057000 1.620000 1.400000
v 1.051535 1.620000 0.955488
vn 0.954117 0.299318 -0.008375
f 3441/1/861 3442/2/861 3443/3/861 3444/4/861
v 1.051535 1.620000 0.955488
v 1.057000 1.620000 1.400000
v 1.050556 1.604444 1.400000
v 1.046692 1.604444 0.959738
vn 0.953822 -0.300142 -0.011727
f 3445/1/862 3446/2/862 3447/3/862 3448/4/862
v 1.046692 1.604444 0.959738
v 1.050556 1.604444 1.400000
v 1.035000 1.598000 1.400000
v 1.035000 1.598000 0.970000
vn 0.479833 -0.877349 -0.004212
f 3449/1/863 3450/2/863 3451/3/863 3452/4/863
v 1.035000 1.598000 0.970000
v 1.035000 1.598000 1.400000
v 1.019444 1.604444 1.400000
v 1.023308 1.604444 0.980262
vn -0.482676 -0.875799 0.000000
f 3453/1/864 3454/2/864 3455/3/864 3456/4/864
v 1.023308 1.604444 0.980262
v 1.019444 1.604444 1.400000
v 1.013000 1.620000 1.400000
v 1.018465 1.620000 0.984512
vn -0.955445 -0.295039 -0.008797
f 3457/1/865 3458/2/865 3459/3/865 3460/4/865
v 1.013000 1.620000 1.400000
v 1.050556 1.635556 1.400000
v 1.035000 1.642000 1.400000
v 1.019444 1.635556 1.400000
vn 0.000000 0.000000 1.000000
f 3461/1/866 3462/2/866 3463/3/866 3464/4/866
v 1.013000 1.620000 1.400000
v 1.050556 1.604444 1.400000
v 1.057000 1.620000 1.400000
v 1.050556 1.635556 1.400000
vn -0.000000 0.000000 1.000000
f 3465/1/867 3466/2/867 3467/3/867 3468/4/867
v 1.013000 1.620000 1.400000
v 1.019444 1.604444 1.400000
v 1.035000 1.598000 1.400000
v 1.050556 1.604444 1.400000
vn 0.000000 0.000000 1.000000
f 3469/1/868 3470/2/868 3471/3/868 3472/4/868
usemtl clamp
v 0.972500 1.495000 1.500000
v 1.097500 1.495000 1.500000
v 1.097500 1.745000 1.500000
v 0.972500 1.745000 1.500000
vn 0.000000 0.000000 1.000000
f 3473/1/869 3474/2/869 3475/3/869 3476/4/869
v 1.097500 1.495000 1.250000
v 0.972500 1.495000 1.250000
v 0.972500 1.745000 1.250000
v 1.097500 1.745000 1.250000
vn 0.000000 0.000000 -1.000000
f 3477/1/870 3478/2/870 3479/3/870 3480/4/870
v 1.097500 1.495000 1.500000
v 1.097500 1.495000 1.250000
v 1.097500 1.745000 1.250000
v 1.097500 1.745000 1.500000
vn 1.000000 -0.000000 0.000000
f 3481/1/871 3482/2/871 3483/3/871 3484/4/871
v 0.972500 1.495000 1.250000
v 0.972500 1.495000 1.500000
v 0.972500 1.745000 1.500000
v 0.972500 1.745000 1.250000
vn -1.000000 0.000000 0.000000
f 3485/1/872 3486/2/872 3487/3/872 3488/4/872
v 0.972500 1.745000 1.500000
v 1.097500 1.745000 1.500000
v 1.097500 1.745000 1.250000
v 0.972500 1.745000 1.250000
vn -0.000000 1.000000 0.000000
f 3489/1/873 3490/2/873 3491/3/873 3492/4/873
v 0.972500 1.495000 1.250000
v 1.097500 1.495000 1.250000
v 1.097500 1.495000 1.500000
v 0.972500 1.495000 1.500000
vn 0.000000 -1.000000 0.000000
f 3493/1/874 3494/2/874 3495/3/874 3496/4/874
usemtl metal
usemtl clamp
v 0.500000 1.157547 -6.958750
v 0.500000 1.282547 -6.958750
v 0.531250 1.282547 -6.927500
v 0.531250 1.157547 -6.927500
vn 0.707107 0.000000 -0.707107
f 3497/1/875 3498/2/875 3499/3/875 3500/4/875
v 0.531250 1.157547 -6.927500
v 0.531250 1.282547 -6.927500
v 0.500000 1.282547 -6.896250
v 0.500000 1.157547 -6.896250
vn 0.707107 -0.000000 0.707107
f 3501/1/876 3502/2/876 3503/3/876 3504/4/876
v 0.500000 1.157547 -6.896250
v 0.500000 1.282547 -6.896250
v 0.468750 1.282547 -6.927500
v 0.468750 1.157547 -6.927500
vn -0.707107 0.000000 0.707107
f 3505/1/877 3506/2/877 3507/3/877 3508/4/877
v 0.468750 1.157547 -6.927500
v 0.468750 1.282547 -6.927500
v 0.500000 1.282547 -6.958750
v 0.500000 1.157547 -6.958750
vn -0.707107 0.000000 -0.707107
f 3509/1/878 3510/2/878 3511/3/878 3512/4/878
v 0.500000 1.282547 -6.958750
v 0.468750 1.282547 -6.927500
v 0.500000 1.282547 -6.896250
v 0.531250 1.282547 -6.927500
vn 0.000000 1.000000 -0.000000
f 3513/1/879 3514/2/879 3515/3/879 3516/4/879
usemtl porcelain
v 0.406250 1.282547 -6.833750
v 0.593750 1.282547 -6.833750
v 0.593750 1.470047 -6.833750
v 0.406250 1.470047 -6.833750
vn 0.000000 0.000000 1.000000
f 3517/1/880 3518/2/880 3519/3/880 3520/4/880
v 0.593750 1.282547 -7.021250
v 0.406250 1.282547 -7.021250
v 0.406250 1.470047 -7.021250
v 0.593750 1.470047 -7.021250
vn 0.000000 0.000000 -1.000000
f 3521/1/881 3522/2/881 3523/3/881 3524/4/881
v 0.593750 1.282547 -6.833750
v 0.593750 1.282547 -7.021250
v 0.593750 1.470047 -7.021250
v 0.593750 1.470047 -6.833750
vn 1.000000 -0.000000 0.000000
f 3525/1/882 3526/2/882 3527/3/882 3528/4/882
v 0.406250 1.282547 -7.021250
v 0.406250 1.282547 -6.833750
v 0.406250 1.470047 -6.833750
v 0.406250 1.470047 -7.021250
vn -1.000000 0.000000 0.000000
f 3529/1/883 3530/2/883 3531/3/883 3532/4/883
v 0.406250 1.470047 -6.833750
v 0.593750 1.470047 -6.833750
v 0.593750 1.470047 -7.021250
v 0.406250 1.470047 -7.021250
vn -0.000000 1.000000 0.000000
f 3533/1/884 3534/2/884 3535/3/884 3536/4/884
v 0.406250 1.282547 -7.021250
v 0.593750 1.282547 -7.021250
v 0.593750 1.282547 -6.833750
v 0.406250 1.282547 -6.833750
vn 0.000000 -1.000000 0.000000
f 3537/1/885 3538/2/885 3539/3/885 3540/4/885
usemtl cable
v 0.593750 1.280605 -6.910611
v 0.593750 1.106559 -6.930625
v 0.608472 1.107587 -6.939062
v 0.608472 1.281576 -6.919056
vn 0.500000 -0.098932 0.860356
f 3541/1/886 3542/2/886 3543/3/886 3544/4/886
v 0.608472 1.281576 -6.919056
v 0.608472 1.107587 -6.939062
v 0.608472 1.109644 -6.955938
v 0.608472 1.283518 -6.935944
vn 1.000000 0.000000 0.000000
f 3545/1/887 3546/2/887 3547/3/887 3548/4/887
v 0.608472 1.283518 -6.935944
v 0.608472 1.109644 -6.955938
v 0.593750 1.110672 -6.964375
v 0.593750 1.284489 -6.944389
vn 0.500000 0.098929 -0.860356
f 3549/1/888 3550/2/888 3551/3/888 3552/4/888
v 0.593750 1.284489 -6.944389
v 0.593750 1.110672 -6.964375
v 0.579028 1.109644 -6.955938
v 0.579028 1.283518 -6.935944
vn -0.500000 0.098928 -0.860356
f 3553/1/889 3554/2/889 3555/3/889 3556/4/889
v 0.579028 1.283518 -6.935944
v 0.579028 1.109644 -6.955938
v 0.579028 1.107587 -6.939062
v 0.579028 1.281576 -6.919056
vn -1.000000 -0.000000 0.000000
f 3557/1/890 3558/2/890 3559/3/890 3560/4/890
v 0.579028 1.281576 -6.919056
v 0.579028 1.107587 -6.939062
v 0.593750 1.106559 -6.930625
v 0.593750 1.280605 -6.910611
vn -0.500000 -0.098931 0.860356
f 3561/1/891 3562/2/891 3563/3/891 3564/4/891
v 0.593750 1.106559 -6.930625
v 0.610750 0.797839 -6.987500
v 0.602250 0.811813 -6.992134
v 0.608472 1.107587 -6.939062
vn 0.499835 -0.130227 0.856275
f 3565/1/892 3566/2/892 3567/3/892 3568/4/892
v 0.608472 1.107587 -6.939062
v 0.602250 0.811813 -6.992134
v 0.585250 0.811813 -6.992134
v 0.608472 1.109644 -6.955938
vn 0.999785 -0.020583 -0.002508
f 3569/1/893 3570/2/893 3571/3/893 3572/4/893
v 0.608472 1.109644 -6.955938
v 0.585250 0.811813 -6.992134
v 0.576750 0.797839 -6.987500
v 0.593750 1.110672 -6.964375
vn 0.499621 0.066016 -0.863725
f 3573/1/894 3574/2/894 3575/3/894 3576/4/894
v 0.593750 1.110672 -6.964375
v 0.576750 0.797839 -6.987500
v 0.585250 0.783865 -6.982866
v 0.579028 1.109644 -6.955938
vn -0.499951 0.090835 -0.861277
f 3577/1/895 3578/2/895 3579/3/895 3580/4/895
v 0.579028 1.109644 -6.955938
v 0.585250 0.783865 -6.982866
v 0.602250 0.783865 -6.982866
v 0.579028 1.107587 -6.939062
vn -0.999819 -0.018906 -0.002304
f 3581/1/896 3582/2/896 3583/3/896 3584/4/896
v 0.579028 1.107587 -6.939062
v 0.602250 0.783865 -6.982866
v 0.610750 0.797839 -6.987500
v 0.593750 1.106559 -6.930625
vn -0.499448 -0.151254 0.853038
f 3585/1/897 3586/2/897 3587/3/897 3588/4/897
v 0.610750 0.797839 -6.987500
v 0.610750 0.870250 -7.057500
v 0.602250 0.878635 -7.045399
v 0.602250 0.811813 -6.992134
vn 0.600324 0.555860 0.575004
f 3589/1/898 3590/2/898 3591/3/898 3592/4/898
v 0.602250 0.811813 -6.992134
v 0.602250 0.878635 -7.045399
v 0.585250 0.878635 -7.045399
v 0.585250 0.811813 -6.992134
vn 0.000000 0.623315 0.781971
f 3593/1/899 3594/2/899 3595/3/899 3596/4/899
v 0.585250 0.811813 -6.992134
v 0.585250 0.878635 -7.045399
v 0.576750 0.870250 -7.057500
v 0.576750 0.797839 -6.987500
vn -0.513471 0.534871 0.671014
f 3597/1/900 3598/2/900 3599/3/900 3600/4/900
v 0.576750 0.797839 -6.987500
v 0.576750 0.870250 -7.057500
v 0.585250 0.861865 -7.069601
v 0.585250 0.783865 -6.982866
vn -0.600324 -0.555860 -0.575004
f 3601/1/901 3602/2/901 3603/3/901 3604/4/901
v 0.585250 0.783865 -6.982866
v 0.585250 0.861865 -7.069601
v 0.602250 0.861865 -7.069601
v 0.602250 0.783865 -6.982866
vn 0.000000 -0.743560 -0.668670
f 3605/1/902 3606/2/902 3607/3/902 3608/4/902
v 0.602250 0.783865 -6.982866
v 0.602250 0.861865 -7.069601
v 0.610750 0.870250 -7.057500
v 0.610750 0.797839 -6.987500
vn 0.651093 -0.564360 -0.507519
f 3609/1/903 3610/2/903 3611/3/903 3612/4/903
v 0.610750 0.870250 -7.057500
v 0.605879 1.059750 -7.159412
v 0.608338 1.068043 -7.144777
v 0.602250 0.878635 -7.045399
vn 0.865441 0.254376 0.431631
f 3613/1/904 3614/2/904 3615/3/904 3616/4/904
v 0.602250 0.878635 -7.045399
v 0.608338 1.068043 -7.144777
v 0.596210 1.068043 -7.132865
v 0.585250 0.878635 -7.045399
vn 0.000000 0.464611 0.885515
f 3617/1/905 3618/2/905 3619/3/905 3620/4/905
v 0.585250 0.878635 -7.045399
v 0.596210 1.068043 -7.132865
v 0.581621 1.059750 -7.135588
v 0.576750 0.870250 -7.057500
vn -0.865286 0.250560 0.434166
f 3621/1/906 3622/2/906 3623/3/906 3624/4/906
v 0.576750 0.870250 -7.057500
v 0.581621 1.059750 -7.135588
v 0.579162 1.051457 -7.150223
v 0.585250 0.861865 -7.069601
vn -0.858767 -0.176182 -0.481122
f 3625/1/907 3626/2/907 3627/3/907 3628/4/907
v 0.585250 0.861865 -7.069601
v 0.579162 1.051457 -7.150223
v 0.591290 1.051457 -7.162135
v 0.602250 0.861865 -7.069601
vn 0.000000 -0.391325 -0.920252
f 3629/1/908 3630/2/908 3631/3/908 3632/4/908
v 0.602250 0.861865 -7.069601
v 0.591290 1.051457 -7.162135
v 0.605879 1.059750 -7.159412
v 0.610750 0.870250 -7.057500
vn 0.859647 -0.183092 -0.476953
f 3633/1/909 3634/2/909 3635/3/909 3636/4/909
v 0.605879 1.059750 -7.159412
v 0.506671 1.139250 -7.203136
v 0.511664 1.150859 -7.191765
v 0.608338 1.068043 -7.144777
vn 0.670973 0.591075 -0.447689
f 3637/1/910 3638/2/910 3639/3/910 3640/4/910
v 0.608338 1.068043 -7.144777
v 0.511664 1.150859 -7.191765
v 0.504992 1.150859 -7.176129
v 0.596210 1.068043 -7.132865
vn 0.443597 0.774092 0.451667
f 3641/1/911 3642/2/911 3643/3/911 3644/4/911
v 0.596210 1.068043 -7.132865
v 0.504992 1.150859 -7.176129
v 0.493329 1.139250 -7.171864
v 0.581621 1.059750 -7.135588
vn -0.280222 0.183571 0.942219
f 3645/1/912 3646/2/912 3647/3/912 3648/4/912
v 0.581621 1.059750 -7.135588
v 0.493329 1.139250 -7.171864
v 0.488336 1.127641 -7.183235
v 0.579162 1.051457 -7.150223
vn -0.693997 -0.570125 0.439688
f 3649/1/913 3650/2/913 3651/3/913 3652/4/913
v 0.579162 1.051457 -7.150223
v 0.488336 1.127641 -7.183235
v 0.495008 1.127641 -7.198871
v 0.591290 1.051457 -7.162135
vn -0.461035 -0.753053 -0.469422
f 3653/1/914 3654/2/914 3655/3/914 3656/4/914
v 0.591290 1.051457 -7.162135
v 0.495008 1.127641 -7.198871
v 0.506671 1.139250 -7.203136
v 0.605879 1.059750 -7.159412
vn 0.256539 -0.137136 -0.956756
f 3657/1/915 3658/2/915 3659/3/915 3660/4/915
v 0.506671 1.139250 -7.203136
v 0.493329 1.139250 -7.171864
v 0.504992 1.150859 -7.176129
v 0.511664 1.150859 -7.191765
vn -0.725257 0.615018 -0.309443
f 3661/1/916 3662/2/916 3663/3/916 3664/4/916
v 0.506671 1.139250 -7.203136
v 0.495008 1.127641 -7.198871
v 0.488336 1.127641 -7.183235
v 0.493329 1.139250 -7.171864
vn -0.725257 0.615018 -0.309443
f 3665/1/917 3666/2/917 3667/3/917 3668/4/917
