# Generated by scripts/gen_pole_light_mounts.py
mtllib pole_light_mount.mtl
o pole_light_mount_6_right_wired
vt 0 0
vt 1 0
vt 1 1
vt 0 1
usemtl clamp
v 0.312500 0.062500 1.000000
v 0.687500 0.062500 1.000000
v 0.687500 0.937500 1.000000
v 0.312500 0.937500 1.000000
vn 0.000000 0.000000 1.000000
f 1/1/1 2/2/1 3/3/1 4/4/1
v 0.687500 0.062500 0.900000
v 0.312500 0.062500 0.900000
v 0.312500 0.937500 0.900000
v 0.687500 0.937500 0.900000
vn 0.000000 0.000000 -1.000000
f 5/1/2 6/2/2 7/3/2 8/4/2
v 0.687500 0.062500 1.000000
v 0.687500 0.062500 0.900000
v 0.687500 0.937500 0.900000
v 0.687500 0.937500 1.000000
vn 1.000000 -0.000000 0.000000
f 9/1/3 10/2/3 11/3/3 12/4/3
v 0.312500 0.062500 0.900000
v 0.312500 0.062500 1.000000
v 0.312500 0.937500 1.000000
v 0.312500 0.937500 0.900000
vn -1.000000 0.000000 0.000000
f 13/1/4 14/2/4 15/3/4 16/4/4
v 0.312500 0.937500 1.000000
v 0.687500 0.937500 1.000000
v 0.687500 0.937500 0.900000
v 0.312500 0.937500 0.900000
vn -0.000000 1.000000 0.000000
f 17/1/5 18/2/5 19/3/5 20/4/5
v 0.312500 0.062500 0.900000
v 0.687500 0.062500 0.900000
v 0.687500 0.062500 1.000000
v 0.312500 0.062500 1.000000
vn 0.000000 -1.000000 0.000000
f 21/1/6 22/2/6 23/3/6 24/4/6
v 0.406250 0.110625 0.900000
v 0.593750 0.110625 0.900000
v 0.593750 0.329375 0.900000
v 0.406250 0.329375 0.900000
vn 0.000000 0.000000 1.000000
f 25/1/7 26/2/7 27/3/7 28/4/7
v 0.593750 0.110625 0.800000
v 0.406250 0.110625 0.800000
v 0.406250 0.329375 0.800000
v 0.593750 0.329375 0.800000
vn 0.000000 0.000000 -1.000000
f 29/1/8 30/2/8 31/3/8 32/4/8
v 0.593750 0.110625 0.900000
v 0.593750 0.110625 0.800000
v 0.593750 0.329375 0.800000
v 0.593750 0.329375 0.900000
vn 1.000000 -0.000000 0.000000
f 33/1/9 34/2/9 35/3/9 36/4/9
v 0.406250 0.110625 0.800000
v 0.406250 0.110625 0.900000
v 0.406250 0.329375 0.900000
v 0.406250 0.329375 0.800000
vn -1.000000 0.000000 0.000000
f 37/1/10 38/2/10 39/3/10 40/4/10
v 0.406250 0.329375 0.900000
v 0.593750 0.329375 0.900000
v 0.593750 0.329375 0.800000
v 0.406250 0.329375 0.800000
vn -0.000000 1.000000 0.000000
f 41/1/11 42/2/11 43/3/11 44/4/11
v 0.406250 0.110625 0.800000
v 0.593750 0.110625 0.800000
v 0.593750 0.110625 0.900000
v 0.406250 0.110625 0.900000
vn 0.000000 -1.000000 0.000000
f 45/1/12 46/2/12 47/3/12 48/4/12
v 0.468750 0.125000 0.900000
v 0.531250 0.125000 0.900000
v 0.531250 0.187500 0.900000
v 0.468750 0.187500 0.900000
vn 0.000000 0.000000 1.000000
f 49/1/13 50/2/13 51/3/13 52/4/13
v 0.531250 0.125000 0.880000
v 0.468750 0.125000 0.880000
v 0.468750 0.187500 0.880000
v 0.531250 0.187500 0.880000
vn 0.000000 0.000000 -1.000000
f 53/1/14 54/2/14 55/3/14 56/4/14
v 0.531250 0.125000 0.900000
v 0.531250 0.125000 0.880000
v 0.531250 0.187500 0.880000
v 0.531250 0.187500 0.900000
vn 1.000000 -0.000000 0.000000
f 57/1/15 58/2/15 59/3/15 60/4/15
v 0.468750 0.125000 0.880000
v 0.468750 0.125000 0.900000
v 0.468750 0.187500 0.900000
v 0.468750 0.187500 0.880000
vn -1.000000 0.000000 0.000000
f 61/1/16 62/2/16 63/3/16 64/4/16
v 0.468750 0.187500 0.900000
v 0.531250 0.187500 0.900000
v 0.531250 0.187500 0.880000
v 0.468750 0.187500 0.880000
vn -0.000000 1.000000 0.000000
f 65/1/17 66/2/17 67/3/17 68/4/17
v 0.468750 0.125000 0.880000
v 0.531250 0.125000 0.880000
v 0.531250 0.125000 0.900000
v 0.468750 0.125000 0.900000
vn 0.000000 -1.000000 0.000000
f 69/1/18 70/2/18 71/3/18 72/4/18
v 0.468750 0.812500 0.900000
v 0.531250 0.812500 0.900000
v 0.531250 0.875000 0.900000
v 0.468750 0.875000 0.900000
vn 0.000000 0.000000 1.000000
f 73/1/19 74/2/19 75/3/19 76/4/19
v 0.531250 0.812500 0.880000
v 0.468750 0.812500 0.880000
v 0.468750 0.875000 0.880000
v 0.531250 0.875000 0.880000
vn 0.000000 0.000000 -1.000000
f 77/1/20 78/2/20 79/3/20 80/4/20
v 0.531250 0.812500 0.900000
v 0.531250 0.812500 0.880000
v 0.531250 0.875000 0.880000
v 0.531250 0.875000 0.900000
vn 1.000000 -0.000000 0.000000
f 81/1/21 82/2/21 83/3/21 84/4/21
v 0.468750 0.812500 0.880000
v 0.468750 0.812500 0.900000
v 0.468750 0.875000 0.900000
v 0.468750 0.875000 0.880000
vn -1.000000 0.000000 0.000000
f 85/1/22 86/2/22 87/3/22 88/4/22
v 0.468750 0.875000 0.900000
v 0.531250 0.875000 0.900000
v 0.531250 0.875000 0.880000
v 0.468750 0.875000 0.880000
vn -0.000000 1.000000 0.000000
f 89/1/23 90/2/23 91/3/23 92/4/23
v 0.468750 0.812500 0.880000
v 0.531250 0.812500 0.880000
v 0.531250 0.812500 0.900000
v 0.468750 0.812500 0.900000
vn 0.000000 -1.000000 0.000000
f 93/1/24 94/2/24 95/3/24 96/4/24
usemtl metal
v 0.545000 0.220000 0.860000
v 0.541639 0.220000 0.817064
v 0.533127 0.241128 0.821937
v 0.538971 0.242500 0.860000
vn 0.963177 0.258082 -0.075394
f 97/1/25 98/2/25 99/3/25 100/4/25
v 0.538971 0.242500 0.860000
v 0.533127 0.241128 0.821937
v 0.515738 0.256595 0.820932
v 0.522500 0.258971 0.860000
vn 0.700837 0.700837 -0.132875
f 101/1/26 102/2/26 103/3/26 104/4/26
v 0.522500 0.258971 0.860000
v 0.515738 0.256595 0.820932
v 0.494132 0.262256 0.814318
v 0.500000 0.265000 0.860000
vn 0.257442 0.960788 -0.103003
f 105/1/27 106/2/27 107/3/27 108/4/27
v 0.500000 0.265000 0.860000
v 0.494132 0.262256 0.814318
v 0.474099 0.256595 0.803868
v 0.477500 0.258971 0.860000
vn -0.258740 0.965629 -0.024772
f 109/1/28 110/2/28 111/3/28 112/4/28
v 0.477500 0.258971 0.860000
v 0.474099 0.256595 0.803868
v 0.461006 0.241128 0.792381
v 0.461029 0.242500 0.860000
vn -0.707048 0.707048 0.012907
f 113/1/29 114/2/29 115/3/29 116/4/29
v 0.461029 0.242500 0.860000
v 0.461006 0.241128 0.792381
v 0.458361 0.220000 0.782936
v 0.455000 0.220000 0.860000
vn -0.965914 0.258816 -0.004919
f 117/1/30 118/2/30 119/3/30 120/4/30
v 0.455000 0.220000 0.860000
v 0.458361 0.220000 0.782936
v 0.466873 0.198872 0.778063
v 0.461029 0.197500 0.860000
vn -0.965070 -0.258590 -0.042088
f 121/1/31 122/2/31 123/3/31 124/4/31
v 0.461029 0.197500 0.860000
v 0.466873 0.198872 0.778063
v 0.484262 0.183405 0.779068
v 0.477500 0.181029 0.860000
vn -0.705739 -0.705739 -0.062157
f 125/1/32 126/2/32 127/3/32 128/4/32
v 0.477500 0.181029 0.860000
v 0.484262 0.183405 0.779068
v 0.505868 0.177744 0.785682
v 0.500000 0.175000 0.860000
vn -0.258496 -0.964721 -0.049926
f 129/1/33 130/2/33 131/3/33 132/4/33
v 0.500000 0.175000 0.860000
v 0.505868 0.177744 0.785682
v 0.525901 0.183405 0.796132
v 0.522500 0.181029 0.860000
vn 0.258789 -0.965814 -0.015229
f 133/1/34 134/2/34 135/3/34 136/4/34
v 0.522500 0.181029 0.860000
v 0.525901 0.183405 0.796132
v 0.538994 0.198872 0.807619
v 0.538971 0.197500 0.860000
vn 0.707061 -0.707061 0.011344
f 137/1/35 138/2/35 139/3/35 140/4/35
v 0.538971 0.197500 0.860000
v 0.538994 0.198872 0.807619
v 0.541639 0.220000 0.817064
v 0.545000 0.220000 0.860000
vn 0.965906 -0.258814 -0.006350
f 141/1/36 142/2/36 143/3/36 144/4/36
v 0.541639 0.220000 0.817064
v 0.567204 0.257263 0.802929
v 0.552868 0.275181 0.806931
v 0.533127 0.241128 0.821937
vn 0.488688 -0.004330 0.872448
f 145/1/37 146/2/37 147/3/37 148/4/37
v 0.533127 0.241128 0.821937
v 0.552868 0.275181 0.806931
v 0.534705 0.288297 0.800556
v 0.515738 0.256595 0.820932
vn 0.205908 0.292183 0.933933
f 149/1/38 150/2/38 151/3/38 152/4/38
v 0.515738 0.256595 0.820932
v 0.534705 0.288297 0.800556
v 0.517582 0.293098 0.785511
v 0.494132 0.262256 0.814318
vn -0.096430 0.578349 0.810070
f 153/1/39 154/2/39 155/3/39 156/4/39
v 0.494132 0.262256 0.814318
v 0.517582 0.293098 0.785511
v 0.506087 0.288297 0.765828
v 0.474099 0.256595 0.803868
vn -0.453245 0.767700 0.452996
f 157/1/40 158/2/40 159/3/40 160/4/40
v 0.474099 0.256595 0.803868
v 0.506087 0.288297 0.765828
v 0.503300 0.275181 0.746782
v 0.461006 0.241128 0.792381
vn -0.738689 0.671210 -0.061773
f 161/1/41 162/2/41 163/3/41 164/4/41
v 0.461006 0.241128 0.792381
v 0.503300 0.275181 0.746782
v 0.509967 0.257263 0.733474
v 0.458361 0.220000 0.782936
vn -0.801987 0.324572 -0.501468
f 165/1/42 166/2/42 167/3/42 168/4/42
v 0.458361 0.220000 0.782936
v 0.509967 0.257263 0.733474
v 0.524304 0.239345 0.729472
v 0.466873 0.198872 0.778063
vn -0.654295 -0.090448 -0.750811
f 169/1/43 170/2/43 171/3/43 172/4/43
v 0.466873 0.198872 0.778063
v 0.524304 0.239345 0.729472
v 0.542467 0.226228 0.735848
v 0.484262 0.183405 0.779068
vn -0.362070 -0.459755 -0.810882
f 173/1/44 174/2/44 175/3/44 176/4/44
v 0.484262 0.183405 0.779068
v 0.542467 0.226228 0.735848
v 0.559590 0.221427 0.750892
v 0.505868 0.177744 0.785682
vn 0.021166 -0.724316 -0.689144
f 177/1/45 178/2/45 179/3/45 180/4/45
v 0.505868 0.177744 0.785682
v 0.559590 0.221427 0.750892
v 0.571085 0.226228 0.770575
v 0.525901 0.183405 0.796132
vn 0.427491 -0.823237 -0.373540
f 181/1/46 182/2/46 183/3/46 184/4/46
v 0.525901 0.183405 0.796132
v 0.571085 0.226228 0.770575
v 0.573872 0.239345 0.789622
v 0.538994 0.198872 0.807619
vn 0.716098 -0.689033 0.111523
f 185/1/47 186/2/47 187/3/47 188/4/47
v 0.538994 0.198872 0.807619
v 0.573872 0.239345 0.789622
v 0.567204 0.257263 0.802929
v 0.541639 0.220000 0.817064
vn 0.720411 -0.356211 0.595081
f 189/1/48 190/2/48 191/3/48 192/4/48
v 0.567204 0.257263 0.802929
v 0.605790 0.295960 0.771131
v 0.591284 0.313708 0.775273
v 0.552868 0.275181 0.806931
vn 0.492041 0.204687 0.846167
f 193/1/49 194/2/49 195/3/49 196/4/49
v 0.552868 0.275181 0.806931
v 0.591284 0.313708 0.775273
v 0.572996 0.326701 0.769000
v 0.534705 0.288297 0.800556
vn 0.115686 0.559199 0.820922
f 197/1/50 198/2/50 199/3/50 200/4/50
v 0.534705 0.288297 0.800556
v 0.572996 0.326701 0.769000
v 0.555828 0.331457 0.753993
v 0.517582 0.293098 0.785511
vn -0.291657 0.763861 0.575719
f 201/1/51 202/2/51 203/3/51 204/4/51
v 0.517582 0.293098 0.785511
v 0.555828 0.331457 0.753993
v 0.544378 0.326701 0.734273
v 0.506087 0.288297 0.765828
vn -0.620846 0.763859 0.176266
f 205/1/52 206/2/52 207/3/52 208/4/52
v 0.506087 0.288297 0.765828
v 0.544378 0.326701 0.734273
v 0.541715 0.313708 0.715124
v 0.503300 0.275181 0.746782
vn -0.783690 0.559195 -0.270426
f 209/1/53 210/2/53 211/3/53 212/4/53
v 0.503300 0.275181 0.746782
v 0.541715 0.313708 0.715124
v 0.548553 0.295960 0.701676
v 0.509967 0.257263 0.733474
vn -0.736548 0.204685 -0.644671
f 213/1/54 214/2/54 215/3/54 216/4/54
v 0.509967 0.257263 0.733474
v 0.548553 0.295960 0.701676
v 0.563060 0.278211 0.697534
v 0.524304 0.239345 0.729472
vn -0.492041 -0.204687 -0.846167
f 217/1/55 218/2/55 219/3/55 220/4/55
v 0.524304 0.239345 0.729472
v 0.563060 0.278211 0.697534
v 0.581347 0.265219 0.703807
v 0.542467 0.226228 0.735848
vn -0.115697 -0.559210 -0.820913
f 221/1/56 222/2/56 223/3/56 224/4/56
v 0.542467 0.226228 0.735848
v 0.581347 0.265219 0.703807
v 0.598516 0.260463 0.718814
v 0.559590 0.221427 0.750892
vn 0.291631 -0.763887 -0.575697
f 225/1/57 226/2/57 227/3/57 228/4/57
v 0.559590 0.221427 0.750892
v 0.598516 0.260463 0.718814
v 0.609966 0.265219 0.738534
v 0.571085 0.226228 0.770575
vn 0.620816 -0.763889 -0.176241
f 229/1/58 230/2/58 231/3/58 232/4/58
v 0.571085 0.226228 0.770575
v 0.609966 0.265219 0.738534
v 0.612628 0.278211 0.757683
v 0.573872 0.239345 0.789622
vn 0.783671 -0.559214 0.270442
f 233/1/59 234/2/59 235/3/59 236/4/59
v 0.573872 0.239345 0.789622
v 0.612628 0.278211 0.757683
v 0.605790 0.295960 0.771131
v 0.567204 0.257263 0.802929
vn 0.736544 -0.204689 0.644674
f 237/1/60 238/2/60 239/3/60 240/4/60
v 0.605790 0.295960 0.771131
v 0.644376 0.335181 0.739333
v 0.629858 0.352918 0.743484
v 0.591284 0.313708 0.775273
vn 0.491019 0.203643 0.847012
f 241/1/61 242/2/61 243/3/61 244/4/61
v 0.591284 0.313708 0.775273
v 0.629858 0.352918 0.743484
v 0.611562 0.365902 0.737219
v 0.572996 0.326701 0.769000
vn 0.112898 0.556361 0.823236
f 245/1/62 246/2/62 247/3/62 248/4/62
v 0.572996 0.326701 0.769000
v 0.611562 0.365902 0.737219
v 0.594390 0.370654 0.722214
v 0.555828 0.331457 0.753993
vn -0.295472 0.760001 0.578874
f 249/1/63 250/2/63 251/3/63 252/4/63
v 0.555828 0.331457 0.753993
v 0.594390 0.370654 0.722214
v 0.582943 0.365902 0.702491
v 0.544378 0.326701 0.734273
vn -0.624670 0.760000 0.179406
f 253/1/64 254/2/64 255/3/64 256/4/64
v 0.544378 0.326701 0.734273
v 0.582943 0.365902 0.702491
v 0.580290 0.352918 0.683335
v 0.541715 0.313708 0.715124
vn -0.786490 0.556360 -0.268135
f 257/1/65 258/2/65 259/3/65 260/4/65
v 0.541715 0.313708 0.715124
v 0.580290 0.352918 0.683335
v 0.587139 0.335181 0.669878
v 0.548553 0.295960 0.701676
vn -0.737571 0.203643 -0.643831
f 261/1/66 262/2/66 263/3/66 264/4/66
v 0.548553 0.295960 0.701676
v 0.587139 0.335181 0.669878
v 0.601657 0.317444 0.665726
v 0.563060 0.278211 0.697534
vn -0.491019 -0.203643 -0.847012
f 265/1/67 266/2/67 267/3/67 268/4/67
v 0.563060 0.278211 0.697534
v 0.601657 0.317444 0.665726
v 0.619953 0.304460 0.671992
v 0.581347 0.265219 0.703807
vn -0.112899 -0.556361 -0.823235
f 269/1/68 270/2/68 271/3/68 272/4/68
v 0.581347 0.265219 0.703807
v 0.619953 0.304460 0.671992
v 0.637125 0.299708 0.686996
v 0.598516 0.260463 0.718814
vn 0.295470 -0.760002 -0.578873
f 273/1/69 274/2/69 275/3/69 276/4/69
v 0.598516 0.260463 0.718814
v 0.637125 0.299708 0.686996
v 0.648572 0.304460 0.706719
v 0.609966 0.265219 0.738534
vn 0.624668 -0.760002 -0.179404
f 277/1/70 278/2/70 279/3/70 280/4/70
v 0.609966 0.265219 0.738534
v 0.648572 0.304460 0.706719
v 0.651226 0.317444 0.725875
v 0.612628 0.278211 0.757683
vn 0.786489 -0.556362 0.268136
f 281/1/71 282/2/71 283/3/71 284/4/71
v 0.612628 0.278211 0.757683
v 0.651226 0.317444 0.725875
v 0.644376 0.335181 0.739333
v 0.605790 0.295960 0.771131
vn 0.737571 -0.203643 0.643831
f 285/1/72 286/2/72 287/3/72 288/4/72
v 0.644376 0.335181 0.739333
v 0.682962 0.374015 0.707534
v 0.668590 0.391898 0.711566
v 0.629858 0.352918 0.743484
vn 0.491776 0.204408 0.846389
f 289/1/73 290/2/73 291/3/73 292/4/73
v 0.629858 0.352918 0.743484
v 0.668590 0.391898 0.711566
v 0.650400 0.404989 0.705213
v 0.611562 0.365902 0.737219
vn 0.114972 0.558456 0.821528
f 293/1/74 294/2/74 295/3/74 296/4/74
v 0.611562 0.365902 0.737219
v 0.650400 0.404989 0.705213
v 0.633267 0.409780 0.690176
v 0.594390 0.370654 0.722214
vn -0.292635 0.762869 0.576537
f 297/1/75 298/2/75 299/3/75 300/4/75
v 0.594390 0.370654 0.722214
v 0.633267 0.409780 0.690176
v 0.621782 0.404989 0.670485
v 0.582943 0.365902 0.702491
vn -0.621832 0.762871 0.177066
f 301/1/76 302/2/76 303/3/76 304/4/76
v 0.582943 0.365902 0.702491
v 0.621782 0.404989 0.670485
v 0.619021 0.391898 0.651417
v 0.580290 0.352918 0.683335
vn -0.784414 0.558460 -0.269847
f 305/1/77 306/2/77 307/3/77 308/4/77
v 0.580290 0.352918 0.683335
v 0.619021 0.391898 0.651417
v 0.625725 0.374015 0.638080
v 0.587139 0.335181 0.669878
vn -0.736812 0.204410 -0.644457
f 309/1/78 310/2/78 311/3/78 312/4/78
v 0.587139 0.335181 0.669878
v 0.625725 0.374015 0.638080
v 0.640097 0.356133 0.634048
v 0.601657 0.317444 0.665726
vn -0.491776 -0.204408 -0.846389
f 313/1/79 314/2/79 315/3/79 316/4/79
v 0.601657 0.317444 0.665726
v 0.640097 0.356133 0.634048
v 0.658287 0.343042 0.640401
v 0.619953 0.304460 0.671992
vn -0.114963 -0.558447 -0.821536
f 317/1/80 318/2/80 319/3/80 320/4/80
v 0.619953 0.304460 0.671992
v 0.658287 0.343042 0.640401
v 0.675420 0.338251 0.655438
v 0.637125 0.299708 0.686996
vn 0.292657 -0.762847 -0.576555
f 321/1/81 322/2/81 323/3/81 324/4/81
v 0.637125 0.299708 0.686996
v 0.675420 0.338251 0.655438
v 0.686905 0.343042 0.675129
v 0.648572 0.304460 0.706719
vn 0.621858 -0.762845 -0.177087
f 325/1/82 326/2/82 327/3/82 328/4/82
v 0.648572 0.304460 0.706719
v 0.686905 0.343042 0.675129
v 0.689666 0.356133 0.694197
v 0.651226 0.317444 0.725875
vn 0.784430 -0.558443 0.269834
f 329/1/83 330/2/83 331/3/83 332/4/83
v 0.651226 0.317444 0.725875
v 0.689666 0.356133 0.694197
v 0.682962 0.374015 0.707534
v 0.644376 0.335181 0.739333
vn 0.736816 -0.204406 0.644454
f 333/1/84 334/2/84 335/3/84 336/4/84
v 0.682962 0.374015 0.707534
v 0.721590 0.411552 0.675701
v 0.707537 0.429739 0.679491
v 0.668590 0.391898 0.711566
vn 0.494457 0.207071 0.844176
f 337/1/85 338/2/85 339/3/85 340/4/85
v 0.668590 0.391898 0.711566
v 0.707537 0.429739 0.679491
v 0.689570 0.443052 0.672969
v 0.650400 0.404989 0.705213
vn 0.122160 0.565589 0.815589
f 341/1/86 342/2/86 343/3/86 344/4/86
v 0.650400 0.404989 0.705213
v 0.689570 0.443052 0.672969
v 0.672503 0.447926 0.657884
v 0.633267 0.409780 0.690176
vn -0.282831 0.772576 0.568448
f 345/1/87 346/2/87 347/3/87 348/4/87
v 0.633267 0.409780 0.690176
v 0.672503 0.447926 0.657884
v 0.660909 0.443052 0.638277
v 0.621782 0.404989 0.670485
vn -0.612019 0.772577 0.168990
f 349/1/88 350/2/88 351/3/88 352/4/88
v 0.621782 0.404989 0.670485
v 0.660909 0.443052 0.638277
v 0.657895 0.429739 0.619402
v 0.619021 0.391898 0.651417
vn -0.777213 0.565591 -0.275766
f 353/1/89 354/2/89 355/3/89 356/4/89
v 0.619021 0.391898 0.651417
v 0.657895 0.429739 0.619402
v 0.664269 0.411552 0.606316
v 0.625725 0.374015 0.638080
vn -0.734130 0.207072 -0.646665
f 357/1/90 358/2/90 359/3/90 360/4/90
v 0.625725 0.374015 0.638080
v 0.664269 0.411552 0.606316
v 0.678322 0.393366 0.602527
v 0.640097 0.356133 0.634048
vn -0.494290 -0.206905 -0.844315
f 361/1/91 362/2/91 363/3/91 364/4/91
v 0.640097 0.356133 0.634048
v 0.678322 0.393366 0.602527
v 0.696289 0.380052 0.609048
v 0.658287 0.343042 0.640401
vn -0.121966 -0.565398 -0.815751
f 365/1/92 366/2/92 367/3/92 368/4/92
v 0.658287 0.343042 0.640401
v 0.696289 0.380052 0.609048
v 0.713356 0.375179 0.624134
v 0.675420 0.338251 0.655438
vn 0.283054 -0.772358 -0.568633
f 369/1/93 370/2/93 371/3/93 372/4/93
v 0.675420 0.338251 0.655438
v 0.713356 0.375179 0.624134
v 0.724949 0.380052 0.643741
v 0.686905 0.343042 0.675129
vn 0.612245 -0.772357 -0.169175
f 373/1/94 374/2/94 375/3/94 376/4/94
v 0.686905 0.343042 0.675129
v 0.724949 0.380052 0.643741
v 0.727963 0.393366 0.662616
v 0.689666 0.356133 0.694197
vn 0.777412 -0.565396 0.275604
f 377/1/95 378/2/95 379/3/95 380/4/95
v 0.689666 0.356133 0.694197
v 0.727963 0.393366 0.662616
v 0.721590 0.411552 0.675701
v 0.682962 0.374015 0.707534
vn 0.734300 -0.206904 0.646525
f 381/1/96 382/2/96 383/3/96 384/4/96
v 0.721590 0.411552 0.675701
v 0.760146 0.446881 0.643771
v 0.746607 0.465531 0.647158
v 0.707537 0.429739 0.679491
vn 0.500721 0.212039 0.839237
f 385/1/97 386/2/97 387/3/97 388/4/97
v 0.707537 0.429739 0.679491
v 0.746607 0.465531 0.647158
v 0.729003 0.479183 0.640353
v 0.689570 0.443052 0.672969
vn 0.136280 0.578030 0.804555
f 389/1/98 390/2/98 391/3/98 392/4/98
v 0.689570 0.443052 0.672969
v 0.729003 0.479183 0.640353
v 0.712052 0.484180 0.625178
v 0.672503 0.447926 0.657884
vn -0.264601 0.789151 0.554280
f 393/1/99 394/2/99 395/3/99 396/4/99
v 0.672503 0.447926 0.657884
v 0.712052 0.484180 0.625178
v 0.700296 0.479183 0.605699
v 0.660909 0.443052 0.638277
vn -0.594562 0.788869 0.155505
f 397/1/100 398/2/100 399/3/100 400/4/100
v 0.660909 0.443052 0.638277
v 0.700296 0.479183 0.605699
v 0.696884 0.465531 0.587137
v 0.657895 0.429739 0.619402
vn -0.765235 0.577244 -0.284965
f 401/1/101 402/2/101 403/3/101 404/4/101
v 0.657895 0.429739 0.619402
v 0.696884 0.465531 0.587137
v 0.702731 0.446881 0.574464
v 0.664269 0.411552 0.606316
vn -0.730840 0.210941 -0.649136
f 405/1/102 406/2/102 407/3/102 408/4/102
v 0.664269 0.411552 0.606316
v 0.702731 0.446881 0.574464
v 0.716270 0.428231 0.571077
v 0.678322 0.393366 0.602527
vn -0.500536 -0.211864 -0.839391
f 409/1/103 410/2/103 411/3/103 412/4/103
v 0.678322 0.393366 0.602527
v 0.716270 0.428231 0.571077
v 0.733874 0.414579 0.577882
v 0.696289 0.380052 0.609048
vn -0.136058 -0.577821 -0.804743
f 413/1/104 414/2/104 415/3/104 416/4/104
v 0.696289 0.380052 0.609048
v 0.733874 0.414579 0.577882
v 0.750825 0.409582 0.593057
v 0.713356 0.375179 0.624134
vn 0.264883 -0.788892 -0.554515
f 417/1/105 418/2/105 419/3/105 420/4/105
v 0.713356 0.375179 0.624134
v 0.750825 0.409582 0.593057
v 0.762581 0.414579 0.612536
v 0.724949 0.380052 0.643741
vn 0.594866 -0.788591 -0.155754
f 421/1/106 422/2/106 423/3/106 424/4/106
v 0.724949 0.380052 0.643741
v 0.762581 0.414579 0.612536
v 0.765993 0.428231 0.631098
v 0.727963 0.393366 0.662616
vn 0.765500 -0.576998 0.284749
f 425/1/107 426/2/107 427/3/107 428/4/107
v 0.727963 0.393366 0.662616
v 0.765993 0.428231 0.631098
v 0.760146 0.446881 0.643771
v 0.721590 0.411552 0.675701
vn 0.731046 -0.210747 0.648966
f 429/1/108 430/2/108 431/3/108 432/4/108
v 0.760146 0.446881 0.643771
v 0.798651 0.479091 0.611863
v 0.785841 0.498346 0.614648
v 0.746607 0.465531 0.647158
vn 0.508336 0.217709 0.833185
f 433/1/109 434/2/109 435/3/109 436/4/109
v 0.746607 0.465531 0.647158
v 0.785841 0.498346 0.614648
v 0.768770 0.512441 0.607403
v 0.729003 0.479183 0.640353
vn 0.156224 0.594597 0.788701
f 437/1/110 438/2/110 439/3/110 440/4/110
v 0.729003 0.479183 0.640353
v 0.768770 0.512441 0.607403
v 0.752012 0.517600 0.592069
v 0.712052 0.484180 0.625178
vn -0.237651 0.812122 0.532898
f 441/1/111 442/2/111 443/3/111 444/4/111
v 0.712052 0.484180 0.625178
v 0.752012 0.517600 0.592069
v 0.740057 0.512441 0.572754
v 0.700296 0.479183 0.605699
vn -0.567841 0.812093 0.134391
f 445/1/112 446/2/112 447/3/112 448/4/112
v 0.700296 0.479183 0.605699
v 0.740057 0.512441 0.572754
v 0.736108 0.498346 0.554634
v 0.696884 0.465531 0.587137
vn -0.745969 0.594511 -0.300144
f 449/1/113 450/2/113 451/3/113 452/4/113
v 0.696884 0.465531 0.587137
v 0.736108 0.498346 0.554634
v 0.741224 0.479091 0.542565
v 0.702731 0.446881 0.574464
vn -0.724224 0.217574 -0.654340
f 453/1/114 454/2/114 455/3/114 456/4/114
v 0.702731 0.446881 0.574464
v 0.741224 0.479091 0.542565
v 0.754034 0.459836 0.539780
v 0.716270 0.428231 0.571077
vn -0.508315 -0.217690 -0.833203
f 457/1/115 458/2/115 459/3/115 460/4/115
v 0.716270 0.428231 0.571077
v 0.754034 0.459836 0.539780
v 0.771105 0.445740 0.547025
v 0.733874 0.414579 0.577882
vn -0.156143 -0.594527 -0.788770
f 461/1/116 462/2/116 463/3/116 464/4/116
v 0.733874 0.414579 0.577882
v 0.771105 0.445740 0.547025
v 0.787863 0.440581 0.562359
v 0.750825 0.409582 0.593057
vn 0.237817 -0.811982 -0.533037
f 465/1/117 466/2/117 467/3/117 468/4/117
v 0.750825 0.409582 0.593057
v 0.787863 0.440581 0.562359
v 0.799818 0.445740 0.581674
v 0.762581 0.414579 0.612536
vn 0.568033 -0.811933 -0.134548
f 469/1/118 470/2/118 471/3/118 472/4/118
v 0.762581 0.414579 0.612536
v 0.799818 0.445740 0.581674
v 0.803767 0.459836 0.599793
v 0.765993 0.428231 0.631098
vn 0.746100 -0.594401 0.300039
f 473/1/119 474/2/119 475/3/119 476/4/119
v 0.765993 0.428231 0.631098
v 0.803767 0.459836 0.599793
v 0.798651 0.479091 0.611863
v 0.760146 0.446881 0.643771
vn 0.724270 -0.217535 0.654302
f 477/1/120 478/2/120 479/3/120 480/4/120
v 0.798651 0.479091 0.611863
v 0.837149 0.507402 0.579959
v 0.825012 0.527158 0.582188
v 0.785841 0.498346 0.614648
vn 0.518086 0.225306 0.825121
f 481/1/121 482/2/121 483/3/121 484/4/121
v 0.785841 0.498346 0.614648
v 0.825012 0.527158 0.582188
v 0.808432 0.541620 0.574535
v 0.768770 0.512441 0.607403
vn 0.182725 0.615402 0.766741
f 485/1/122 486/2/122 487/3/122 488/4/122
v 0.768770 0.512441 0.607403
v 0.808432 0.541620 0.574535
v 0.791854 0.546914 0.559052
v 0.752012 0.517600 0.592069
vn -0.201501 0.840471 0.502996
f 489/1/123 490/2/123 491/3/123 492/4/123
v 0.752012 0.517600 0.592069
v 0.791854 0.546914 0.559052
v 0.779719 0.541620 0.539886
v 0.740057 0.512441 0.572754
vn -0.531686 0.840459 0.104591
f 493/1/124 494/2/124 495/3/124 496/4/124
v 0.740057 0.512441 0.572754
v 0.779719 0.541620 0.539886
v 0.775279 0.527158 0.522174
v 0.736108 0.498346 0.554634
vn -0.719501 0.615375 -0.321920
f 497/1/125 498/2/125 499/3/125 500/4/125
v 0.736108 0.498346 0.554634
v 0.775279 0.527158 0.522174
v 0.779723 0.507402 0.510661
v 0.741224 0.479091 0.542565
vn -0.714562 0.225292 -0.662302
f 501/1/126 502/2/126 503/3/126 504/4/126
v 0.741224 0.479091 0.542565
v 0.779723 0.507402 0.510661
v 0.791861 0.487646 0.508433
v 0.754034 0.459836 0.539780
vn -0.518086 -0.225306 -0.825121
f 505/1/127 506/2/127 507/3/127 508/4/127
v 0.754034 0.459836 0.539780
v 0.791861 0.487646 0.508433
v 0.808440 0.473183 0.516085
v 0.771105 0.445740 0.547025
vn -0.182825 -0.615479 -0.766655
f 509/1/128 510/2/128 511/3/128 512/4/128
v 0.771105 0.445740 0.547025
v 0.808440 0.473183 0.516085
v 0.825018 0.467890 0.531569
v 0.787863 0.440581 0.562359
vn 0.201261 -0.840650 -0.502793
f 513/1/129 514/2/129 515/3/129 516/4/129
v 0.787863 0.440581 0.562359
v 0.825018 0.467890 0.531569
v 0.837153 0.473183 0.550734
v 0.799818 0.445740 0.581674
vn 0.531404 -0.840665 -0.104362
f 517/1/130 518/2/130 519/3/130 520/4/130
v 0.799818 0.445740 0.581674
v 0.837153 0.473183 0.550734
v 0.841594 0.487646 0.568446
v 0.803767 0.459836 0.599793
vn 0.719322 -0.615509 0.322063
f 521/1/131 522/2/131 523/3/131 524/4/131
v 0.803767 0.459836 0.599793
v 0.841594 0.487646 0.568446
v 0.837149 0.507402 0.579959
v 0.798651 0.479091 0.611863
vn 0.714525 -0.225321 0.662332
f 525/1/132 526/2/132 527/3/132 528/4/132
v 0.837149 0.507402 0.579959
v 0.875648 0.533613 0.548055
v 0.863905 0.553640 0.549957
v 0.825012 0.527158 0.582188
vn 0.523787 0.229258 0.820419
f 529/1/133 530/2/133 531/3/133 532/4/133
v 0.825012 0.527158 0.582188
v 0.863905 0.553640 0.549957
v 0.847614 0.568301 0.542065
v 0.808432 0.541620 0.574535
vn 0.198334 0.626299 0.753932
f 533/1/134 534/2/134 535/3/134 536/4/134
v 0.808432 0.541620 0.574535
v 0.847614 0.568301 0.542065
v 0.831142 0.573667 0.526494
v 0.791854 0.546914 0.559052
vn -0.180234 0.855481 0.485457
f 537/1/135 538/2/135 539/3/135 540/4/135
v 0.791854 0.546914 0.559052
v 0.831142 0.573667 0.526494
v 0.818901 0.568301 0.507416
v 0.779719 0.541620 0.539886
vn -0.510490 0.855477 0.086941
f 541/1/136 542/2/136 543/3/136 544/4/136
v 0.779719 0.541620 0.539886
v 0.818901 0.568301 0.507416
v 0.814172 0.553640 0.489944
v 0.775279 0.527158 0.522174
vn -0.703991 0.626291 -0.334897
f 545/1/137 546/2/137 547/3/137 548/4/137
v 0.775279 0.527158 0.522174
v 0.814172 0.553640 0.489944
v 0.818222 0.533613 0.478758
v 0.779723 0.507402 0.510661
vn -0.708871 0.229254 -0.667041
f 549/1/138 550/2/138 551/3/138 552/4/138
v 0.779723 0.507402 0.510661
v 0.818222 0.533613 0.478758
v 0.829965 0.513587 0.476856
v 0.791861 0.487646 0.508433
vn -0.523787 -0.229258 -0.820419
f 553/1/139 554/2/139 555/3/139 556/4/139
v 0.791861 0.487646 0.508433
v 0.829965 0.513587 0.476856
v 0.846256 0.498926 0.484748
v 0.808440 0.473183 0.516085
vn -0.198366 -0.626321 -0.753905
f 557/1/140 558/2/140 559/3/140 560/4/140
v 0.808440 0.473183 0.516085
v 0.846256 0.498926 0.484748
v 0.862728 0.493560 0.500319
v 0.825018 0.467890 0.531569
vn 0.180156 -0.855534 -0.485392
f 561/1/141 562/2/141 563/3/141 564/4/141
v 0.825018 0.467890 0.531569
v 0.862728 0.493560 0.500319
v 0.874969 0.498926 0.519397
v 0.837153 0.473183 0.550734
vn 0.510401 -0.855538 -0.086868
f 565/1/142 566/2/142 567/3/142 568/4/142
v 0.837153 0.473183 0.550734
v 0.874969 0.498926 0.519397
v 0.879698 0.513587 0.536869
v 0.841594 0.487646 0.568446
vn 0.703934 -0.626330 0.334944
f 569/1/143 570/2/143 571/3/143 572/4/143
v 0.841594 0.487646 0.568446
v 0.879698 0.513587 0.536869
v 0.875648 0.533613 0.548055
v 0.837149 0.507402 0.579959
vn 0.708859 -0.229263 0.667051
f 573/1/144 574/2/144 575/3/144 576/4/144
v 0.875648 0.533613 0.548055
v 0.914191 0.558618 0.516115
v 0.902742 0.578835 0.517790
v 0.863905 0.553640 0.549957
vn 0.527271 0.231550 0.817539
f 577/1/145 578/2/145 579/3/145 580/4/145
v 0.863905 0.553640 0.549957
v 0.902742 0.578835 0.517790
v 0.886655 0.593634 0.509741
v 0.847614 0.568301 0.542065
vn 0.207728 0.632500 0.746186
f 581/1/146 582/2/146 583/3/146 584/4/146
v 0.847614 0.568301 0.542065
v 0.886655 0.593634 0.509741
v 0.870241 0.599051 0.494126
v 0.831142 0.573667 0.526494
vn -0.167443 0.863972 0.474884
f 585/1/147 586/2/147 587/3/147 588/4/147
v 0.831142 0.573667 0.526494
v 0.870241 0.599051 0.494126
v 0.857897 0.593634 0.475128
v 0.818901 0.568301 0.507416
vn -0.497723 0.863970 0.076335
f 589/1/148 590/2/148 591/3/148 592/4/148
v 0.818901 0.568301 0.507416
v 0.857897 0.593634 0.475128
v 0.852933 0.578835 0.457839
v 0.814172 0.553640 0.489944
vn -0.694630 0.632496 -0.342693
f 593/1/149 594/2/149 595/3/149 596/4/149
v 0.814172 0.553640 0.489944
v 0.852933 0.578835 0.457839
v 0.856676 0.558618 0.446890
v 0.818222 0.533613 0.478758
vn -0.705392 0.231548 -0.669932
f 597/1/150 598/2/150 599/3/150 600/4/150
v 0.818222 0.533613 0.478758
v 0.856676 0.558618 0.446890
v 0.868126 0.538402 0.445216
v 0.829965 0.513587 0.476856
vn -0.527108 -0.231442 -0.817675
f 601/1/151 602/2/151 603/3/151 604/4/151
v 0.829965 0.513587 0.476856
v 0.868126 0.538402 0.445216
v 0.884213 0.523602 0.453265
v 0.846256 0.498926 0.484748
vn -0.207562 -0.632391 -0.746324
f 605/1/152 606/2/152 607/3/152 608/4/152
v 0.846256 0.498926 0.484748
v 0.884213 0.523602 0.453265
v 0.900627 0.518185 0.468880
v 0.862728 0.493560 0.500319
vn 0.167606 -0.863866 -0.475019
f 609/1/153 610/2/153 611/3/153 612/4/153
v 0.862728 0.493560 0.500319
v 0.900627 0.518185 0.468880
v 0.912970 0.523602 0.487877
v 0.874969 0.498926 0.519397
vn 0.497881 -0.863868 -0.076465
f 613/1/154 614/2/154 615/3/154 616/4/154
v 0.874969 0.498926 0.519397
v 0.912970 0.523602 0.487877
v 0.917935 0.538402 0.505167
v 0.879698 0.513587 0.536869
vn 0.694784 -0.632395 0.342566
f 617/1/155 618/2/155 619/3/155 620/4/155
v 0.879698 0.513587 0.536869
v 0.917935 0.538402 0.505167
v 0.914191 0.558618 0.516115
v 0.875648 0.533613 0.548055
vn 0.705549 -0.231443 0.669802
f 621/1/156 622/2/156 623/3/156 624/4/156
v 0.914191 0.558618 0.516115
v 0.952658 0.582471 0.484073
v 0.941497 0.602865 0.485526
v 0.902742 0.578835 0.517790
vn 0.532399 0.234145 0.813467
f 625/1/157 626/2/157 627/3/157 628/4/157
v 0.902742 0.578835 0.517790
v 0.941497 0.602865 0.485526
v 0.925608 0.617795 0.477326
v 0.886655 0.593634 0.509741
vn 0.218320 0.638619 0.737904
f 629/1/158 630/2/158 631/3/158 632/4/158
v 0.886655 0.593634 0.509741
v 0.925608 0.617795 0.477326
v 0.909248 0.623259 0.461671
v 0.870241 0.599051 0.494126
vn -0.154218 0.871984 0.464609
f 633/1/159 634/2/159 635/3/159 636/4/159
v 0.870241 0.599051 0.494126
v 0.909248 0.623259 0.461671
v 0.896801 0.617795 0.442755
v 0.857897 0.593634 0.475128
vn -0.485407 0.871732 0.066813
f 637/1/160 638/2/160 639/3/160 640/4/160
v 0.857897 0.593634 0.475128
v 0.896801 0.617795 0.442755
v 0.891602 0.602865 0.425647
v 0.852933 0.578835 0.457839
vn -0.686521 0.637924 -0.348914
f 641/1/161 642/2/161 643/3/161 644/4/161
v 0.852933 0.578835 0.457839
v 0.891602 0.602865 0.425647
v 0.895045 0.582471 0.414931
v 0.856676 0.558618 0.446890
vn -0.703662 0.233185 -0.671182
f 645/1/162 646/2/162 647/3/162 648/4/162
v 0.856676 0.558618 0.446890
v 0.895045 0.582471 0.414931
v 0.906206 0.562077 0.413478
v 0.868126 0.538402 0.445216
vn -0.532221 -0.234032 -0.813615
f 649/1/163 650/2/163 651/3/163 652/4/163
v 0.868126 0.538402 0.445216
v 0.906206 0.562077 0.413478
v 0.922096 0.547148 0.421678
v 0.884213 0.523602 0.453265
vn -0.218146 -0.638510 -0.738049
f 653/1/164 654/2/164 655/3/164 656/4/164
v 0.884213 0.523602 0.453265
v 0.922096 0.547148 0.421678
v 0.938455 0.541683 0.437333
v 0.900627 0.518185 0.468880
vn 0.154392 -0.871875 -0.464754
f 657/1/165 658/2/165 659/3/165 660/4/165
v 0.900627 0.518185 0.468880
v 0.938455 0.541683 0.437333
v 0.950902 0.547148 0.456249
v 0.912970 0.523602 0.487877
vn 0.485587 -0.871620 -0.066962
f 661/1/166 662/2/166 663/3/166 664/4/166
v 0.912970 0.523602 0.487877
v 0.950902 0.547148 0.456249
v 0.956101 0.562077 0.473357
v 0.917935 0.538402 0.505167
vn 0.686706 -0.637809 0.348763
f 665/1/167 666/2/167 667/3/167 668/4/167
v 0.917935 0.538402 0.505167
v 0.956101 0.562077 0.473357
v 0.952658 0.582471 0.484073
v 0.914191 0.558618 0.516115
vn 0.703845 -0.233068 0.671030
f 669/1/168 670/2/168 671/3/168 672/4/168
v 0.952658 0.582471 0.484073
v 0.991087 0.605228 0.452041
v 0.980413 0.625905 0.453095
v 0.941497 0.602865 0.485526
vn 0.536106 0.235663 0.810589
f 673/1/169 674/2/169 675/3/169 676/4/169
v 0.941497 0.602865 0.485526
v 0.980413 0.625905 0.453095
v 0.964875 0.641042 0.444608
v 0.925608 0.617795 0.477326
vn 0.227762 0.643690 0.730607
f 677/1/170 678/2/170 679/3/170 680/4/170
v 0.925608 0.617795 0.477326
v 0.964875 0.641042 0.444608
v 0.948636 0.646583 0.428854
v 0.909248 0.623259 0.461671
vn -0.141565 0.879250 0.454840
f 681/1/171 682/2/171 683/3/171 684/4/171
v 0.909248 0.623259 0.461671
v 0.948636 0.646583 0.428854
v 0.936047 0.641042 0.410054
v 0.896801 0.617795 0.442755
vn -0.472961 0.879224 0.057216
f 685/1/172 686/2/172 687/3/172 688/4/172
v 0.896801 0.617795 0.442755
v 0.936047 0.641042 0.410054
v 0.930482 0.625905 0.393247
v 0.891602 0.602865 0.425647
vn -0.677654 0.643614 -0.355734
f 689/1/173 690/2/173 691/3/173 692/4/173
v 0.891602 0.602865 0.425647
v 0.930482 0.625905 0.393247
v 0.933431 0.605228 0.382935
v 0.895045 0.582471 0.414931
vn -0.700759 0.235545 -0.673391
f 693/1/174 694/2/174 695/3/174 696/4/174
v 0.895045 0.582471 0.414931
v 0.933431 0.605228 0.382935
v 0.944104 0.584550 0.381881
v 0.906206 0.562077 0.413478
vn -0.536029 -0.235617 -0.810652
f 697/1/175 698/2/175 699/3/175 700/4/175
v 0.906206 0.562077 0.413478
v 0.944104 0.584550 0.381881
v 0.959642 0.569413 0.390369
v 0.922096 0.547148 0.421678
vn -0.227603 -0.643595 -0.730741
f 701/1/176 702/2/176 703/3/176 704/4/176
v 0.922096 0.547148 0.421678
v 0.959642 0.569413 0.390369
v 0.975881 0.563873 0.406123
v 0.938455 0.541683 0.437333
vn 0.141833 -0.879090 -0.455065
f 705/1/177 706/2/177 707/3/177 708/4/177
v 0.938455 0.541683 0.437333
v 0.975881 0.563873 0.406123
v 0.988470 0.569413 0.424922
v 0.950902 0.547148 0.456249
vn 0.473256 -0.879049 -0.057461
f 709/1/178 710/2/178 711/3/178 712/4/178
v 0.950902 0.547148 0.456249
v 0.988470 0.569413 0.424922
v 0.994036 0.584550 0.441729
v 0.956101 0.562077 0.473357
vn 0.677865 -0.643488 0.355560
f 713/1/179 714/2/179 715/3/179 716/4/179
v 0.956101 0.562077 0.473357
v 0.994036 0.584550 0.441729
v 0.991087 0.605228 0.452041
v 0.952658 0.582471 0.484073
vn 0.700860 -0.235483 0.673307
f 717/1/180 718/2/180 719/3/180 720/4/180
v 0.991087 0.605228 0.452041
v 1.155292 0.691483 0.314919
v 1.145457 0.712595 0.315292
v 0.980413 0.625905 0.453095
vn 0.544736 0.240253 0.803456
f 721/1/181 722/2/181 723/3/181 724/4/181
v 0.980413 0.625905 0.453095
v 1.145457 0.712595 0.315292
v 1.130516 0.728050 0.306320
v 0.964875 0.641042 0.444608
vn 0.250054 0.655983 0.712151
f 725/1/182 726/2/182 727/3/182 728/4/182
v 0.964875 0.641042 0.444608
v 1.130516 0.728050 0.306320
v 1.114472 0.733707 0.290407
v 0.948636 0.646583 0.428854
vn -0.111549 0.895883 0.430059
f 729/1/183 730/2/183 731/3/183 732/4/183
v 0.948636 0.646583 0.428854
v 1.114472 0.733707 0.290407
v 1.101625 0.728050 0.271818
v 0.936047 0.641042 0.410054
vn -0.443237 0.895804 0.032804
f 733/1/184 734/2/184 735/3/184 736/4/184
v 0.936047 0.641042 0.410054
v 1.101625 0.728050 0.271818
v 1.095417 0.712595 0.255534
v 0.930482 0.625905 0.393247
vn -0.656230 0.655761 -0.373283
f 737/1/185 738/2/185 739/3/185 740/4/185
v 0.930482 0.625905 0.393247
v 1.095417 0.712595 0.255534
v 1.097511 0.691483 0.245917
v 0.933431 0.605228 0.382935
vn -0.693401 0.239941 -0.679429
f 741/1/186 742/2/186 743/3/186 744/4/186
v 0.933431 0.605228 0.382935
v 1.097511 0.691483 0.245917
v 1.107346 0.670371 0.245544
v 0.944104 0.584550 0.381881
vn -0.544688 -0.240226 -0.803496
f 745/1/187 746/2/187 747/3/187 748/4/187
v 0.944104 0.584550 0.381881
v 1.107346 0.670371 0.245544
v 1.122288 0.654916 0.254516
v 0.959642 0.569413 0.390369
vn -0.249982 -0.655943 -0.712213
f 749/1/188 750/2/188 751/3/188 752/4/188
v 0.959642 0.569413 0.390369
v 1.122288 0.654916 0.254516
v 1.138331 0.649259 0.270429
v 0.975881 0.563873 0.406123
vn 0.111650 -0.895829 -0.430144
f 753/1/189 754/2/189 755/3/189 756/4/189
v 0.975881 0.563873 0.406123
v 1.138331 0.649259 0.270429
v 1.151178 0.654916 0.289017
v 0.988470 0.569413 0.424922
vn 0.443344 -0.895748 -0.032891
f 757/1/190 758/2/190 759/3/190 760/4/190
v 0.988470 0.569413 0.424922
v 1.151178 0.654916 0.289017
v 1.157386 0.670371 0.305302
v 0.994036 0.584550 0.441729
vn 0.656312 -0.655717 0.373216
f 761/1/191 762/2/191 763/3/191 764/4/191
v 0.994036 0.584550 0.441729
v 1.157386 0.670371 0.305302
v 1.155292 0.691483 0.314919
v 0.991087 0.605228 0.452041
vn 0.693454 -0.239912 0.679385
f 765/1/192 766/2/192 767/3/192 768/4/192
v 1.155292 0.691483 0.314919
v 1.319162 0.762997 0.177326
v 1.310184 0.784489 0.177004
v 1.145457 0.712595 0.315292
vn 0.558064 0.245999 0.792496
f 769/1/193 770/2/193 771/3/193 772/4/193
v 1.145457 0.712595 0.315292
v 1.310184 0.784489 0.177004
v 1.295845 0.800222 0.167546
v 1.130516 0.728050 0.306320
vn 0.282550 0.671063 0.685449
f 773/1/194 774/2/194 775/3/194 776/4/194
v 1.130516 0.728050 0.306320
v 1.295845 0.800222 0.167546
v 1.279987 0.805981 0.151485
v 1.114472 0.733707 0.290407
vn -0.068542 0.916196 0.394826
f 777/1/195 778/2/195 779/3/195 780/4/195
v 1.114472 0.733707 0.290407
v 1.279987 0.805981 0.151485
v 1.266858 0.800222 0.133126
v 1.101625 0.728050 0.271818
vn -0.401209 0.915986 -0.001472
f 781/1/196 782/2/196 783/3/196 784/4/196
v 1.101625 0.728050 0.271818
v 1.266858 0.800222 0.133126
v 1.259977 0.784489 0.117387
v 1.095417 0.712595 0.255534
vn -0.626486 0.670467 -0.397479
f 785/1/197 786/2/197 787/3/197 788/4/197
v 1.095417 0.712595 0.255534
v 1.259977 0.784489 0.117387
v 1.261188 0.762997 0.108486
v 1.097511 0.691483 0.245917
vn -0.683935 0.245157 -0.687118
f 789/1/198 790/2/198 791/3/198 792/4/198
v 1.097511 0.691483 0.245917
v 1.261188 0.762997 0.108486
v 1.270165 0.741505 0.108807
v 1.107346 0.670371 0.245544
vn -0.557998 -0.245967 -0.792552
f 793/1/199 794/2/199 795/3/199 796/4/199
v 1.107346 0.670371 0.245544
v 1.270165 0.741505 0.108807
v 1.284504 0.725772 0.118266
v 1.122288 0.654916 0.254516
vn -0.282506 -0.671043 -0.685487
f 797/1/200 798/2/200 799/3/200 800/4/200
v 1.122288 0.654916 0.254516
v 1.284504 0.725772 0.118266
v 1.300362 0.720013 0.134326
v 1.138331 0.649259 0.270429
vn 0.068556 -0.916189 -0.394838
f 801/1/201 802/2/201 803/3/201 804/4/201
v 1.138331 0.649259 0.270429
v 1.300362 0.720013 0.134326
v 1.313491 0.725772 0.152686
v 1.151178 0.654916 0.289017
vn 0.401216 -0.915982 0.001466
f 805/1/202 806/2/202 807/3/202 808/4/202
v 1.151178 0.654916 0.289017
v 1.313491 0.725772 0.152686
v 1.320372 0.741505 0.168425
v 1.157386 0.670371 0.305302
vn 0.626516 -0.670453 0.397455
f 809/1/203 810/2/203 811/3/203 812/4/203
v 1.157386 0.670371 0.305302
v 1.320372 0.741505 0.168425
v 1.319162 0.762997 0.177326
v 1.155292 0.691483 0.314919
vn 0.683994 -0.245129 0.687069
f 813/1/204 814/2/204 815/3/204 816/4/204
v 1.319162 0.762997 0.177326
v 1.482638 0.824080 0.039251
v 1.474265 0.845802 0.038443
v 1.310184 0.784489 0.177004
vn 0.568817 0.249331 0.783761
f 817/1/205 818/2/205 819/3/205 820/4/205
v 1.310184 0.784489 0.177004
v 1.474265 0.845802 0.038443
v 1.460341 0.861704 0.028653
v 1.295845 0.800222 0.167546
vn 0.307598 0.680287 0.665277
f 821/1/206 822/2/206 823/3/206 824/4/206
v 1.295845 0.800222 0.167546
v 1.460341 0.861704 0.028653
v 1.444596 0.867524 0.012503
v 1.279987 0.805981 0.151485
vn -0.035969 0.928899 0.368582
f 825/1/207 826/2/207 827/3/207 828/4/207
v 1.279987 0.805981 0.151485
v 1.444596 0.867524 0.012503
v 1.431250 0.861704 -0.005680
v 1.266858 0.800222 0.133126
vn -0.369861 0.928700 -0.026818
f 829/1/208 830/2/208 831/3/208 832/4/208
v 1.266858 0.800222 0.133126
v 1.431250 0.861704 -0.005680
v 1.423878 0.845802 -0.021022
v 1.259977 0.784489 0.117387
vn -0.604705 0.679725 -0.415097
f 833/1/209 834/2/209 835/3/209 836/4/209
v 1.259977 0.784489 0.117387
v 1.423878 0.845802 -0.021022
v 1.424456 0.824080 -0.029414
v 1.261188 0.762997 0.108486
vn -0.677536 0.248540 -0.692223
f 837/1/210 838/2/210 839/3/210 840/4/210
v 1.261188 0.762997 0.108486
v 1.424456 0.824080 -0.029414
v 1.432829 0.802358 -0.028607
v 1.270165 0.741505 0.108807
vn -0.568754 -0.249305 -0.783815
f 841/1/211 842/2/211 843/3/211 844/4/211
v 1.270165 0.741505 0.108807
v 1.432829 0.802358 -0.028607
v 1.446754 0.786457 -0.018816
v 1.284504 0.725772 0.118266
vn -0.307550 -0.680268 -0.665318
f 845/1/212 846/2/212 847/3/212 848/4/212
v 1.284504 0.725772 0.118266
v 1.446754 0.786457 -0.018816
v 1.462498 0.780637 -0.002666
v 1.300362 0.720013 0.134326
vn 0.035996 -0.928889 -0.368606
f 849/1/213 850/2/213 851/3/213 852/4/213
v 1.300362 0.720013 0.134326
v 1.462498 0.780637 -0.002666
v 1.475844 0.786457 0.015516
v 1.313491 0.725772 0.152686
vn 0.369885 -0.928691 0.026798
f 853/1/214 854/2/214 855/3/214 856/4/214
v 1.313491 0.725772 0.152686
v 1.475844 0.786457 0.015516
v 1.483216 0.802358 0.030859
v 1.320372 0.741505 0.168425
vn 0.604745 -0.679710 0.415064
f 857/1/215 858/2/215 859/3/215 860/4/215
v 1.320372 0.741505 0.168425
v 1.483216 0.802358 0.030859
v 1.482638 0.824080 0.039251
v 1.319162 0.762997 0.177326
vn 0.677596 -0.248516 0.692173
f 861/1/216 862/2/216 863/3/216 864/4/216
v 1.482638 0.824080 0.039251
v 1.645689 0.878524 -0.099345
v 1.637888 0.900436 -0.100615
v 1.474265 0.845802 0.038443
vn 0.576813 0.251234 0.777283
f 865/1/217 866/2/217 867/3/217 868/4/217
v 1.474265 0.845802 0.038443
v 1.637888 0.900436 -0.100615
v 1.624352 0.916477 -0.110719
v 1.460341 0.861704 0.028653
vn 0.324808 0.685568 0.651534
f 869/1/218 870/2/218 871/3/218 872/4/218
v 1.460341 0.861704 0.028653
v 1.624352 0.916477 -0.110719
v 1.608709 0.922348 -0.126949
v 1.444596 0.867524 0.012503
vn -0.014189 0.936184 0.351224
f 873/1/219 874/2/219 875/3/219 876/4/219
v 1.444596 0.867524 0.012503
v 1.608709 0.922348 -0.126949
v 1.595149 0.916477 -0.144956
v 1.431250 0.861704 -0.005680
vn -0.349368 0.935990 -0.043177
f 877/1/220 878/2/220 879/3/220 880/4/220
v 1.431250 0.861704 -0.005680
v 1.595149 0.916477 -0.144956
v 1.587307 0.900436 -0.159916
v 1.423878 0.845802 -0.021022
vn -0.590959 0.685025 -0.426038
f 881/1/221 882/2/221 883/3/221 884/4/221
v 1.423878 0.845802 -0.021022
v 1.587307 0.900436 -0.159916
v 1.587283 0.878524 -0.167819
v 1.424456 0.824080 -0.029414
vn -0.674203 0.250473 -0.694776
f 885/1/222 886/2/222 887/3/222 888/4/222
v 1.424456 0.824080 -0.029414
v 1.587283 0.878524 -0.167819
v 1.595083 0.856612 -0.166549
v 1.432829 0.802358 -0.028607
vn -0.576750 -0.251212 -0.777336
f 889/1/223 890/2/223 891/3/223 892/4/223
v 1.432829 0.802358 -0.028607
v 1.595083 0.856612 -0.166549
v 1.608619 0.840572 -0.156445
v 1.446754 0.786457 -0.018816
vn -0.324733 -0.685542 -0.651598
f 893/1/224 894/2/224 895/3/224 896/4/224
v 1.446754 0.786457 -0.018816
v 1.608619 0.840572 -0.156445
v 1.624262 0.834700 -0.140215
v 1.462498 0.780637 -0.002666
vn 0.014277 -0.936154 -0.351299
f 897/1/225 898/2/225 899/3/225 900/4/225
v 1.462498 0.780637 -0.002666
v 1.624262 0.834700 -0.140215
v 1.637822 0.840572 -0.122208
v 1.475844 0.786457 0.015516
vn 0.349459 -0.935960 0.043100
f 901/1/226 902/2/226 903/3/226 904/4/226
v 1.475844 0.786457 0.015516
v 1.637822 0.840572 -0.122208
v 1.645665 0.856612 -0.107248
v 1.483216 0.802358 0.030859
vn 0.591039 -0.684997 0.425972
f 905/1/227 906/2/227 907/3/227 908/4/227
v 1.483216 0.802358 0.030859
v 1.645665 0.856612 -0.107248
v 1.645689 0.878524 -0.099345
v 1.482638 0.824080 0.039251
vn 0.674268 -0.250450 0.694721
f 909/1/228 910/2/228 911/3/228 912/4/228
v 1.645689 0.878524 -0.099345
v 1.808276 0.923878 -0.238502
v 1.801136 0.945976 -0.240316
v 1.637888 0.900436 -0.100615
vn 0.587180 0.253605 0.768703
f 913/1/229 914/2/229 915/3/229 916/4/229
v 1.637888 0.900436 -0.100615
v 1.801136 0.945976 -0.240316
v 1.788052 0.962153 -0.250790
v 1.624352 0.916477 -0.110719
vn 0.348096 0.692054 0.632369
f 917/1/230 918/2/230 919/3/230 920/4/230
v 1.624352 0.916477 -0.110719
v 1.788052 0.962153 -0.250790
v 1.772530 0.968074 -0.267117
v 1.608709 0.922348 -0.126949
vn 0.015803 0.945019 0.326634
f 921/1/231 922/2/231 923/3/231 924/4/231
v 1.608709 0.922348 -0.126949
v 1.772530 0.968074 -0.267117
v 1.758728 0.962153 -0.284923
v 1.595149 0.916477 -0.144956
vn -0.320695 0.944840 -0.066579
f 925/1/232 926/2/232 927/3/232 928/4/232
v 1.595149 0.916477 -0.144956
v 1.758728 0.962153 -0.284923
v 1.750345 0.945976 -0.299437
v 1.587307 0.900436 -0.159916
vn -0.571309 0.691545 -0.442008
f 929/1/233 930/2/233 931/3/233 932/4/233
v 1.587307 0.900436 -0.159916
v 1.750345 0.945976 -0.299437
v 1.749628 0.923878 -0.306769
v 1.587283 0.878524 -0.167819
vn -0.668857 0.252883 -0.699057
f 933/1/234 934/2/234 935/3/234 936/4/234
v 1.587283 0.878524 -0.167819
v 1.749628 0.923878 -0.306769
v 1.756768 0.901780 -0.304954
v 1.595083 0.856612 -0.166549
vn -0.587122 -0.253587 -0.768753
f 937/1/235 938/2/235 939/3/235 940/4/235
v 1.595083 0.856612 -0.166549
v 1.756768 0.901780 -0.304954
v 1.769853 0.885603 -0.294480
v 1.608619 0.840572 -0.156445
vn -0.348039 -0.692037 -0.632419
f 941/1/236 942/2/236 943/3/236 944/4/236
v 1.608619 0.840572 -0.156445
v 1.769853 0.885603 -0.294480
v 1.785375 0.879682 -0.278153
v 1.624262 0.834700 -0.140215
vn -0.015747 -0.945003 -0.326683
f 945/1/237 946/2/237 947/3/237 948/4/237
v 1.624262 0.834700 -0.140215
v 1.785375 0.879682 -0.278153
v 1.799177 0.885603 -0.260347
v 1.637822 0.840572 -0.122208
vn 0.320750 -0.944824 0.066532
f 949/1/238 950/2/238 951/3/238 952/4/238
v 1.637822 0.840572 -0.122208
v 1.799177 0.885603 -0.260347
v 1.807559 0.901780 -0.245833
v 1.645665 0.856612 -0.107248
vn 0.571366 -0.691528 0.441961
f 953/1/239 954/2/239 955/3/239 956/4/239
v 1.645665 0.856612 -0.107248
v 1.807559 0.901780 -0.245833
v 1.808276 0.923878 -0.238502
v 1.645689 0.878524 -0.099345
vn 0.668914 -0.252865 0.699008
f 957/1/240 958/2/240 959/3/240 960/4/240
v 1.808276 0.923878 -0.238502
v 1.970360 0.960499 -0.378266
v 1.963804 0.982733 -0.380564
v 1.801136 0.945976 -0.240316
vn 0.597614 0.255485 0.759990
f 961/1/241 962/2/241 963/3/241 964/4/241
v 1.801136 0.945976 -0.240316
v 1.963804 0.982733 -0.380564
v 1.951112 0.999009 -0.391362
v 1.788052 0.962153 -0.250790
vn 0.371167 0.697262 0.613238
f 965/1/242 966/2/242 967/3/242 968/4/242
v 1.788052 0.962153 -0.250790
v 1.951112 0.999009 -0.391362
v 1.935685 1.004966 -0.407767
v 1.772530 0.968074 -0.267117
vn 0.045322 0.952162 0.302213
f 969/1/243 970/2/243 971/3/243 972/4/243
v 1.772530 0.968074 -0.267117
v 1.935685 1.004966 -0.407767
v 1.921657 0.999009 -0.425383
v 1.758728 0.962153 -0.284923
vn -0.292635 0.952003 -0.089753
f 973/1/244 974/2/244 975/3/244 976/4/244
v 1.758728 0.962153 -0.284923
v 1.921657 0.999009 -0.425383
v 1.912786 0.982733 -0.439489
v 1.750345 0.945976 -0.299437
vn -0.552224 0.696804 -0.457726
f 977/1/245 978/2/245 979/3/245 980/4/245
v 1.750345 0.945976 -0.299437
v 1.912786 0.982733 -0.439489
v 1.911450 0.960499 -0.446307
v 1.749628 0.923878 -0.306769
vn -0.663860 0.254831 -0.703101
f 981/1/246 982/2/246 983/3/246 984/4/246
v 1.749628 0.923878 -0.306769
v 1.911450 0.960499 -0.446307
v 1.918006 0.938266 -0.444009
v 1.756768 0.901780 -0.304954
vn -0.597562 -0.255472 -0.760035
f 985/1/247 986/2/247 987/3/247 988/4/247
v 1.756768 0.901780 -0.304954
v 1.918006 0.938266 -0.444009
v 1.930698 0.921990 -0.433211
v 1.769853 0.885603 -0.294480
vn -0.371124 -0.697251 -0.613276
f 989/1/248 990/2/248 991/3/248 992/4/248
v 1.769853 0.885603 -0.294480
v 1.930698 0.921990 -0.433211
v 1.946125 0.916032 -0.416806
v 1.785375 0.879682 -0.278153
vn -0.045289 -0.952155 -0.302242
f 993/1/249 994/2/249 995/3/249 996/4/249
v 1.785375 0.879682 -0.278153
v 1.946125 0.916032 -0.416806
v 1.960153 0.921990 -0.399190
v 1.799177 0.885603 -0.260347
vn 0.292666 -0.951996 0.089727
f 997/1/250 998/2/250 999/3/250 1000/4/250
v 1.799177 0.885603 -0.260347
v 1.960153 0.921990 -0.399190
v 1.969024 0.938266 -0.385084
v 1.807559 0.901780 -0.245833
vn 0.552263 -0.696795 0.457692
f 1001/1/251 1002/2/251 1003/3/251 1004/4/251
v 1.807559 0.901780 -0.245833
v 1.969024 0.938266 -0.385084
v 1.970360 0.960499 -0.378266
v 1.808276 0.923878 -0.238502
vn 0.663910 -0.254818 0.703058
f 1005/1/252 1006/2/252 1007/3/252 1008/4/252
v 1.970360 0.960499 -0.378266
v 2.131894 0.990303 -0.518690
v 2.125779 1.012621 -0.521354
v 1.963804 0.982733 -0.380564
vn 0.606686 0.256666 0.752366
f 1009/1/253 1010/2/253 1011/3/253 1012/4/253
v 1.963804 0.982733 -0.380564
v 2.125779 1.012621 -0.521354
v 2.113371 1.028959 -0.532386
v 1.951112 0.999009 -0.391362
vn 0.390081 0.700588 0.597506
f 1013/1/254 1014/2/254 1015/3/254 1016/4/254
v 1.951112 0.999009 -0.391362
v 2.113371 1.028959 -0.532386
v 2.097996 1.034939 -0.548832
v 1.935685 1.004966 -0.407767
vn 0.068992 0.956761 0.282574
f 1017/1/255 1018/2/255 1019/3/255 1020/4/255
v 1.935685 1.004966 -0.407767
v 2.097996 1.034939 -0.548832
v 2.083774 1.028959 -0.566283
v 1.921657 0.999009 -0.425383
vn -0.270563 0.956619 -0.108056
f 1021/1/256 1022/2/256 1023/3/256 1024/4/256
v 1.921657 0.999009 -0.425383
v 2.083774 1.028959 -0.566283
v 2.074514 1.012621 -0.580064
v 1.912786 0.982733 -0.439489
vn -0.537646 0.700179 -0.469772
f 1025/1/257 1026/2/257 1027/3/257 1028/4/257
v 1.912786 0.982733 -0.439489
v 2.074514 1.012621 -0.580064
v 2.072699 0.990303 -0.586483
v 1.911450 0.960499 -0.446307
vn -0.660674 0.256083 -0.705642
f 1029/1/258 1030/2/258 1031/3/258 1032/4/258
v 1.911450 0.960499 -0.446307
v 2.072699 0.990303 -0.586483
v 2.078814 0.967985 -0.583819
v 1.918006 0.938266 -0.444009
vn -0.606640 -0.256657 -0.752407
f 1033/1/259 1034/2/259 1035/3/259 1036/4/259
v 1.918006 0.938266 -0.444009
v 2.078814 0.967985 -0.583819
v 2.091222 0.951646 -0.572786
v 1.930698 0.921990 -0.433211
vn -0.390041 -0.700580 -0.597541
f 1037/1/260 1038/2/260 1039/3/260 1040/4/260
v 1.930698 0.921990 -0.433211
v 2.091222 0.951646 -0.572786
v 2.106596 0.945666 -0.556341
v 1.946125 0.916032 -0.416806
vn -0.068960 -0.956756 -0.282601
f 1041/1/261 1042/2/261 1043/3/261 1044/4/261
v 1.946125 0.916032 -0.416806
v 2.106596 0.945666 -0.556341
v 2.120819 0.951646 -0.538889
v 1.960153 0.921990 -0.399190
vn 0.270593 -0.956613 0.108031
f 1045/1/262 1046/2/262 1047/3/262 1048/4/262
v 1.960153 0.921990 -0.399190
v 2.120819 0.951646 -0.538889
v 2.130079 0.967985 -0.525108
v 1.969024 0.938266 -0.385084
vn 0.537683 -0.700172 0.469740
f 1049/1/263 1050/2/263 1051/3/263 1052/4/263
v 1.969024 0.938266 -0.385084
v 2.130079 0.967985 -0.525108
v 2.131894 0.990303 -0.518690
v 1.970360 0.960499 -0.378266
vn 0.660720 -0.256074 0.705603
f 1053/1/264 1054/2/264 1055/3/264 1056/4/264
v 2.131894 0.990303 -0.518690
v 2.292825 1.015204 -0.659829
v 2.287002 1.037570 -0.662733
v 2.125779 1.012621 -0.521354
vn 0.614336 0.257364 0.745892
f 1057/1/265 1058/2/265 1059/3/265 1060/4/265
v 2.125779 1.012621 -0.521354
v 2.287002 1.037570 -0.662733
v 2.274768 1.053944 -0.673906
v 2.113371 1.028959 -0.532386
vn 0.404614 0.702571 0.585389
f 1061/1/266 1062/2/266 1063/3/266 1064/4/266
v 2.113371 1.028959 -0.532386
v 2.274768 1.053944 -0.673906
v 2.259400 1.059937 -0.690353
v 2.097996 1.034939 -0.548832
vn 0.086499 0.959515 0.268047
f 1065/1/267 1066/2/267 1067/3/267 1068/4/267
v 2.097996 1.034939 -0.548832
v 2.259400 1.059937 -0.690353
v 2.245016 1.053944 -0.707667
v 2.083774 1.028959 -0.566283
vn -0.254781 0.959384 -0.121114
f 1069/1/268 1070/2/268 1071/3/268 1072/4/268
v 2.083774 1.028959 -0.566283
v 2.245016 1.053944 -0.707667
v 2.235470 1.037570 -0.721209
v 2.074514 1.012621 -0.580064
vn -0.527804 0.702200 -0.477847
f 1073/1/269 1074/2/269 1075/3/269 1076/4/269
v 2.074514 1.012621 -0.580064
v 2.235470 1.037570 -0.721209
v 2.233321 1.015204 -0.727351
v 2.072699 0.990303 -0.586483
vn -0.659403 0.256836 -0.706557
f 1077/1/270 1078/2/270 1079/3/270 1080/4/270
v 2.072699 0.990303 -0.586483
v 2.233321 1.015204 -0.727351
v 2.239144 0.992838 -0.724447
v 2.078814 0.967985 -0.583819
vn -0.614294 -0.257357 -0.745929
f 1081/1/271 1082/2/271 1083/3/271 1084/4/271
v 2.078814 0.967985 -0.583819
v 2.239144 0.992838 -0.724447
v 2.251378 0.976464 -0.713274
v 2.091222 0.951646 -0.572786
vn -0.404577 -0.702565 -0.585423
f 1085/1/272 1086/2/272 1087/3/272 1088/4/272
v 2.091222 0.951646 -0.572786
v 2.251378 0.976464 -0.713274
v 2.266746 0.970471 -0.696827
v 2.106596 0.945666 -0.556341
vn -0.086467 -0.959510 -0.268075
f 1089/1/273 1090/2/273 1091/3/273 1092/4/273
v 2.106596 0.945666 -0.556341
v 2.266746 0.970471 -0.696827
v 2.281130 0.976464 -0.679513
v 2.120819 0.951646 -0.538889
vn 0.254813 -0.959379 0.121086
f 1093/1/274 1094/2/274 1095/3/274 1096/4/274
v 2.120819 0.951646 -0.538889
v 2.281130 0.976464 -0.679513
v 2.290676 0.992838 -0.665971
v 2.130079 0.967985 -0.525108
vn 0.527841 -0.702194 0.477815
f 1097/1/275 1098/2/275 1099/3/275 1100/4/275
v 2.130079 0.967985 -0.525108
v 2.290676 0.992838 -0.665971
v 2.292825 1.015204 -0.659829
v 2.131894 0.990303 -0.518690
vn 0.659445 -0.256829 0.706520
f 1101/1/276 1102/2/276 1103/3/276 1104/4/276
v 2.292825 1.015204 -0.659829
v 2.453095 1.037118 -0.801748
v 2.447415 1.059507 -0.804763
v 2.287002 1.037570 -0.662733
vn 0.620558 0.257727 0.740597
f 1105/1/277 1106/2/277 1107/3/277 1108/4/277
v 2.287002 1.037570 -0.662733
v 2.447415 1.059507 -0.804763
v 2.435239 1.075896 -0.815976
v 2.274768 1.053944 -0.673906
vn 0.414688 0.703610 0.577033
f 1109/1/278 1110/2/278 1111/3/278 1112/4/278
v 2.274768 1.053944 -0.673906
v 2.435239 1.075896 -0.815976
v 2.419831 1.081895 -0.832383
v 2.259400 1.059937 -0.690353
vn 0.097715 0.960960 0.258857
f 1113/1/279 1114/2/279 1115/3/279 1116/4/279
v 2.259400 1.059937 -0.690353
v 2.419831 1.081895 -0.832383
v 2.405319 1.075896 -0.849588
v 2.245016 1.053944 -0.707667
vn -0.245434 0.960835 -0.128683
f 1117/1/280 1118/2/280 1119/3/280 1120/4/280
v 2.245016 1.053944 -0.707667
v 2.405319 1.075896 -0.849588
v 2.395591 1.059507 -0.862980
v 2.235470 1.037570 -0.721209
vn -0.522820 0.703256 -0.481757
f 1121/1/281 1122/2/281 1123/3/281 1124/4/281
v 2.235470 1.037570 -0.721209
v 2.395591 1.059507 -0.862980
v 2.393254 1.037118 -0.868971
v 2.233321 1.015204 -0.727351
vn -0.660112 0.257230 -0.705751
f 1125/1/282 1126/2/282 1127/3/282 1128/4/282
v 2.233321 1.015204 -0.727351
v 2.393254 1.037118 -0.868971
v 2.398934 1.014730 -0.865956
v 2.239144 0.992838 -0.724447
vn -0.620517 -0.257721 -0.740634
f 1129/1/283 1130/2/283 1131/3/283 1132/4/283
v 2.239144 0.992838 -0.724447
v 2.398934 1.014730 -0.865956
v 2.411110 0.998341 -0.854743
v 2.251378 0.976464 -0.713274
vn -0.414650 -0.703604 -0.577067
f 1133/1/284 1134/2/284 1135/3/284 1136/4/284
v 2.251378 0.976464 -0.713274
v 2.411110 0.998341 -0.854743
v 2.426518 0.992342 -0.838336
v 2.266746 0.970471 -0.696827
vn -0.097680 -0.960955 -0.258888
f 1137/1/285 1138/2/285 1139/3/285 1140/4/285
v 2.266746 0.970471 -0.696827
v 2.426518 0.992342 -0.838336
v 2.441030 0.998341 -0.821131
v 2.281130 0.976464 -0.679513
vn 0.245469 -0.960830 0.128652
f 1141/1/286 1142/2/286 1143/3/286 1144/4/286
v 2.281130 0.976464 -0.679513
v 2.441030 0.998341 -0.821131
v 2.450758 1.014730 -0.807739
v 2.290676 0.992838 -0.665971
vn 0.522859 -0.703251 0.481722
f 1145/1/287 1146/2/287 1147/3/287 1148/4/287
v 2.290676 0.992838 -0.665971
v 2.450758 1.014730 -0.807739
v 2.453095 1.037118 -0.801748
v 2.292825 1.015204 -0.659829
vn 0.660154 -0.257224 0.705714
f 1149/1/288 1150/2/288 1151/3/288 1152/4/288
v 2.453095 1.037118 -0.801748
v 2.612637 1.057961 -0.944517
v 2.607040 1.080363 -0.947591
v 2.447415 1.059507 -0.804763
vn 0.625378 0.257851 0.736489
f 1153/1/289 1154/2/289 1155/3/289 1156/4/289
v 2.447415 1.059507 -0.804763
v 2.607040 1.080363 -0.947591
v 2.594876 1.096762 -0.958803
v 2.435239 1.075896 -0.815976
vn 0.420308 0.703955 0.572528
f 1157/1/290 1158/2/290 1159/3/290 1160/4/290
v 2.435239 1.075896 -0.815976
v 2.594876 1.096762 -0.958803
v 2.579404 1.102764 -0.975149
v 2.419831 1.081895 -0.832383
vn 0.102623 0.961439 0.255155
f 1161/1/291 1162/2/291 1163/3/291 1164/4/291
v 2.419831 1.081895 -0.832383
v 2.579404 1.102764 -0.975149
v 2.564771 1.096762 -0.992250
v 2.405319 1.075896 -0.849588
vn -0.242555 0.961308 -0.130592
f 1165/1/292 1166/2/292 1167/3/292 1168/4/292
v 2.405319 1.075896 -0.849588
v 2.564771 1.096762 -0.992250
v 2.554897 1.080363 -1.005523
v 2.395591 1.059507 -0.862980
vn -0.522737 0.703594 -0.481354
f 1169/1/293 1170/2/293 1171/3/293 1172/4/293
v 2.395591 1.059507 -0.862980
v 2.554897 1.080363 -1.005523
v 2.552428 1.057961 -1.011412
v 2.393254 1.037118 -0.868971
vn -0.662843 0.257352 -0.703142
f 1173/1/294 1174/2/294 1175/3/294 1176/4/294
v 2.393254 1.037118 -0.868971
v 2.552428 1.057961 -1.011412
v 2.558025 1.035560 -1.008338
v 2.398934 1.014730 -0.865956
vn -0.625335 -0.257845 -0.736527
f 1177/1/295 1178/2/295 1179/3/295 1180/4/295
v 2.398934 1.014730 -0.865956
v 2.558025 1.035560 -1.008338
v 2.570189 1.019161 -0.997126
v 2.411110 0.998341 -0.854743
vn -0.420264 -0.703950 -0.572567
f 1181/1/296 1182/2/296 1183/3/296 1184/4/296
v 2.411110 0.998341 -0.854743
v 2.570189 1.019161 -0.997126
v 2.585660 1.013158 -0.980780
v 2.426518 0.992342 -0.838336
vn -0.102579 -0.961433 -0.255195
f 1185/1/297 1186/2/297 1187/3/297 1188/4/297
v 2.426518 0.992342 -0.838336
v 2.585660 1.013158 -0.980780
v 2.600293 1.019161 -0.963679
v 2.441030 0.998341 -0.821131
vn 0.242599 -0.961302 0.130553
f 1189/1/298 1190/2/298 1191/3/298 1192/4/298
v 2.441030 0.998341 -0.821131
v 2.600293 1.019161 -0.963679
v 2.610167 1.035560 -0.950406
v 2.450758 1.014730 -0.807739
vn 0.522779 -0.703588 0.481316
f 1193/1/299 1194/2/299 1195/3/299 1196/4/299
v 2.450758 1.014730 -0.807739
v 2.610167 1.035560 -0.950406
v 2.612637 1.057961 -0.944517
v 2.453095 1.037118 -0.801748
vn 0.662886 -0.257346 0.703104
f 1197/1/300 1198/2/300 1199/3/300 1200/4/300
v 2.612637 1.057961 -0.944517
v 2.771374 1.077290 -1.088217
v 2.765960 1.099716 -1.091441
v 2.607040 1.080363 -0.947591
vn 0.630939 0.258029 0.731668
f 1201/1/301 1202/2/301 1203/3/301 1204/4/301
v 2.607040 1.080363 -0.947591
v 2.765960 1.099716 -1.091441
v 2.753877 1.116132 -1.102715
v 2.594876 1.096762 -0.958803
vn 0.427251 0.704425 0.566782
f 1205/1/302 1206/2/302 1207/3/302 1208/4/302
v 2.594876 1.096762 -0.958803
v 2.753877 1.116132 -1.102715
v 2.738362 1.122141 -1.119017
v 2.579404 1.102764 -0.975149
vn 0.109090 0.962074 0.250025
f 1209/1/303 1210/2/303 1211/3/303 1212/4/303
v 2.579404 1.102764 -0.975149
v 2.738362 1.122141 -1.119017
v 2.723571 1.116132 -1.135980
v 2.564771 1.096762 -0.992250
vn -0.238299 0.961941 -0.133731
f 1213/1/304 1214/2/304 1215/3/304 1216/4/304
v 2.564771 1.096762 -0.992250
v 2.723571 1.116132 -1.135980
v 2.713469 1.099716 -1.149058
v 2.554897 1.080363 -1.005523
vn -0.521833 0.704054 -0.481662
f 1217/1/305 1218/2/305 1219/3/305 1220/4/305
v 2.554897 1.080363 -1.005523
v 2.713469 1.099716 -1.149058
v 2.710762 1.077290 -1.154747
v 2.552428 1.057961 -1.011412
vn -0.665534 0.257514 -0.700536
f 1221/1/306 1222/2/306 1223/3/306 1224/4/306
v 2.552428 1.057961 -1.011412
v 2.710762 1.077290 -1.154747
v 2.716175 1.054865 -1.151523
v 2.558025 1.035560 -1.008338
vn -0.630895 -0.258024 -0.731707
f 1225/1/307 1226/2/307 1227/3/307 1228/4/307
v 2.558025 1.035560 -1.008338
v 2.716175 1.054865 -1.151523
v 2.728258 1.038448 -1.140250
v 2.570189 1.019161 -0.997126
vn -0.427202 -0.704419 -0.566826
f 1229/1/308 1230/2/308 1231/3/308 1232/4/308
v 2.570189 1.019161 -0.997126
v 2.728258 1.038448 -1.140250
v 2.743774 1.032439 -1.123948
v 2.585660 1.013158 -0.980780
vn -0.109037 -0.962068 -0.250073
f 1233/1/309 1234/2/309 1235/3/309 1236/4/309
v 2.585660 1.013158 -0.980780
v 2.743774 1.032439 -1.123948
v 2.758564 1.038448 -1.106985
v 2.600293 1.019161 -0.963679
vn 0.238350 -0.961934 0.133685
f 1237/1/310 1238/2/310 1239/3/310 1240/4/310
v 2.600293 1.019161 -0.963679
v 2.758564 1.038448 -1.106985
v 2.768667 1.054865 -1.093907
v 2.610167 1.035560 -0.950406
vn 0.521879 -0.704048 0.481620
f 1241/1/311 1242/2/311 1243/3/311 1244/4/311
v 2.610167 1.035560 -0.950406
v 2.768667 1.054865 -1.093907
v 2.771374 1.077290 -1.088217
v 2.612637 1.057961 -0.944517
vn 0.665576 -0.257508 0.700498
f 1245/1/312 1246/2/312 1247/3/312 1248/4/312
v 2.771374 1.077290 -1.088217
v 2.929219 1.092873 -1.232938
v 2.924046 1.115324 -1.236368
v 2.765960 1.099716 -1.091441
vn 0.638868 0.258391 0.724625
f 1249/1/313 1250/2/313 1251/3/313 1252/4/313
v 2.765960 1.099716 -1.091441
v 2.924046 1.115324 -1.236368
v 2.912080 1.131760 -1.247738
v 2.753877 1.116132 -1.102715
vn 0.439870 0.705422 0.555782
f 1253/1/314 1254/2/314 1255/3/314 1256/4/314
v 2.753877 1.116132 -1.102715
v 2.912080 1.131760 -1.247738
v 2.896527 1.137776 -1.264002
v 2.738362 1.122141 -1.119017
vn 0.123026 0.963435 0.238027
f 1257/1/315 1258/2/315 1259/3/315 1260/4/315
v 2.738362 1.122141 -1.119017
v 2.896527 1.137776 -1.264002
v 2.881554 1.131760 -1.280801
v 2.723571 1.116132 -1.135980
vn -0.226777 0.963316 -0.143510
f 1261/1/316 1262/2/316 1263/3/316 1264/4/316
v 2.723571 1.116132 -1.135980
v 2.881554 1.131760 -1.280801
v 2.871172 1.115324 -1.293634
v 2.713469 1.099716 -1.149058
vn -0.515822 0.705079 -0.486613
f 1265/1/317 1266/2/317 1267/3/317 1268/4/317
v 2.713469 1.099716 -1.149058
v 2.871172 1.115324 -1.293634
v 2.868165 1.092873 -1.299063
v 2.710762 1.077290 -1.154747
vn -0.666648 0.257899 -0.699335
f 1269/1/318 1270/2/318 1271/3/318 1272/4/318
v 2.710762 1.077290 -1.154747
v 2.868165 1.092873 -1.299063
v 2.873337 1.070421 -1.295633
v 2.716175 1.054865 -1.151523
vn -0.638829 -0.258387 -0.724661
f 1273/1/319 1274/2/319 1275/3/319 1276/4/319
v 2.716175 1.054865 -1.151523
v 2.873337 1.070421 -1.295633
v 2.885303 1.053985 -1.284263
v 2.728258 1.038448 -1.140250
vn -0.439832 -0.705418 -0.555817
f 1277/1/320 1278/2/320 1279/3/320 1280/4/320
v 2.728258 1.038448 -1.140250
v 2.885303 1.053985 -1.284263
v 2.900857 1.047969 -1.267999
v 2.743774 1.032439 -1.123948
vn -0.122991 -0.963432 -0.238060
f 1281/1/321 1282/2/321 1283/3/321 1284/4/321
v 2.743774 1.032439 -1.123948
v 2.900857 1.047969 -1.267999
v 2.915830 1.053985 -1.251200
v 2.758564 1.038448 -1.106985
vn 0.226812 -0.963312 0.143478
f 1285/1/322 1286/2/322 1287/3/322 1288/4/322
v 2.758564 1.038448 -1.106985
v 2.915830 1.053985 -1.251200
v 2.926211 1.070421 -1.238367
v 2.768667 1.054865 -1.093907
vn 0.515859 -0.705075 0.486579
f 1289/1/323 1290/2/323 1291/3/323 1292/4/323
v 2.768667 1.054865 -1.093907
v 2.926211 1.070421 -1.238367
v 2.929219 1.092873 -1.232938
v 2.771374 1.077290 -1.088217
vn 0.666687 -0.257894 0.699299
f 1293/1/324 1294/2/324 1295/3/324 1296/4/324
v 2.929219 1.092873 -1.232938
v 3.086095 1.105356 -1.378805
v 3.081106 1.127825 -1.382390
v 2.924046 1.115324 -1.236368
vn 0.646660 0.258605 0.717604
f 1297/1/325 1298/2/325 1299/3/325 1300/4/325
v 2.924046 1.115324 -1.236368
v 3.081106 1.127825 -1.382390
v 3.069203 1.144273 -1.393808
v 2.912080 1.131760 -1.247738
vn 0.451221 0.706066 0.545775
f 1301/1/326 1302/2/326 1303/3/326 1304/4/326
v 2.912080 1.131760 -1.247738
v 3.069203 1.144273 -1.393808
v 3.053574 1.150294 -1.409997
v 2.896527 1.137776 -1.264002
vn 0.134892 0.964340 0.227712
f 1305/1/327 1306/2/327 1307/3/327 1308/4/327
v 2.896527 1.137776 -1.264002
v 3.053574 1.150294 -1.409997
v 3.038408 1.144273 -1.426621
v 2.881554 1.131760 -1.280801
vn -0.217577 0.964234 -0.151372
f 1309/1/328 1310/2/328 1311/3/328 1312/4/328
v 2.881554 1.131760 -1.280801
v 3.038408 1.144273 -1.426621
v 3.027769 1.127825 -1.439225
v 2.871172 1.115324 -1.293634
vn -0.511750 0.705761 -0.489912
f 1313/1/329 1314/2/329 1315/3/329 1316/4/329
v 2.871172 1.115324 -1.293634
v 3.027769 1.127825 -1.439225
v 3.024507 1.105356 -1.444431
v 2.868165 1.092873 -1.299063
vn -0.668794 0.258167 -0.697184
f 1317/1/330 1318/2/330 1319/3/330 1320/4/330
v 2.868165 1.092873 -1.299063
v 3.024507 1.105356 -1.444431
v 3.029496 1.082887 -1.440845
v 2.873337 1.070421 -1.295633
vn -0.646621 -0.258601 -0.717640
f 1321/1/331 1322/2/331 1323/3/331 1324/4/331
v 2.873337 1.070421 -1.295633
v 3.029496 1.082887 -1.440845
v 3.041400 1.066439 -1.429428
v 2.885303 1.053985 -1.284263
vn -0.451184 -0.706063 -0.545810
f 1325/1/332 1326/2/332 1327/3/332 1328/4/332
v 2.885303 1.053985 -1.284263
v 3.041400 1.066439 -1.429428
v 3.057028 1.060419 -1.413239
v 2.900857 1.047969 -1.267999
vn -0.134857 -0.964337 -0.227744
f 1329/1/333 1330/2/333 1331/3/333 1332/4/333
v 2.900857 1.047969 -1.267999
v 3.057028 1.060419 -1.413239
v 3.072194 1.066439 -1.396615
v 2.915830 1.053985 -1.251200
vn 0.217612 -0.964231 0.151340
f 1333/1/334 1334/2/334 1335/3/334 1336/4/334
v 2.915830 1.053985 -1.251200
v 3.072194 1.066439 -1.396615
v 3.082833 1.082887 -1.384011
v 2.926211 1.070421 -1.238367
vn 0.511786 -0.705758 0.489878
f 1337/1/335 1338/2/335 1339/3/335 1340/4/335
v 2.926211 1.070421 -1.238367
v 3.082833 1.082887 -1.384011
v 3.086095 1.105356 -1.378805
v 2.929219 1.092873 -1.232938
vn 0.668832 -0.258163 0.697148
f 1341/1/336 1342/2/336 1343/3/336 1344/4/336
v 3.086095 1.105356 -1.378805
v 3.241655 1.115415 -1.526150
v 3.236791 1.137894 -1.529841
v 3.081106 1.127825 -1.382390
vn 0.655385 0.258769 0.709584
f 1345/1/337 1346/2/337 1347/3/337 1348/4/337
v 3.081106 1.127825 -1.382390
v 3.236791 1.137894 -1.529841
v 3.224898 1.154350 -1.541258
v 3.069203 1.144273 -1.393808
vn 0.462040 0.706491 0.536086
f 1349/1/338 1350/2/338 1351/3/338 1352/4/338
v 3.069203 1.144273 -1.393808
v 3.224898 1.154350 -1.541258
v 3.209162 1.160373 -1.557342
v 3.053574 1.150294 -1.409997
vn 0.144904 0.964917 0.218948
f 1353/1/339 1354/2/339 1355/3/339 1356/4/339
v 3.053574 1.150294 -1.409997
v 3.209162 1.160373 -1.557342
v 3.193801 1.154350 -1.573784
v 3.038408 1.144273 -1.426621
vn -0.211059 0.964804 -0.156867
f 1357/1/340 1358/2/340 1359/3/340 1360/4/340
v 3.038408 1.144273 -1.426621
v 3.193801 1.154350 -1.573784
v 3.182929 1.137894 -1.586178
v 3.027769 1.127825 -1.439225
vn -0.510471 0.706166 -0.490661
f 1361/1/341 1362/2/341 1363/3/341 1364/4/341
v 3.027769 1.127825 -1.439225
v 3.182929 1.137894 -1.586178
v 3.179460 1.115415 -1.591203
v 3.024507 1.105356 -1.444431
vn -0.673093 0.258303 -0.692983
f 1365/1/342 1366/2/342 1367/3/342 1368/4/342
v 3.024507 1.105356 -1.444431
v 3.179460 1.115415 -1.591203
v 3.184324 1.092935 -1.587512
v 3.029496 1.082887 -1.440845
vn -0.655350 -0.258766 -0.709617
f 1369/1/343 1370/2/343 1371/3/343 1372/4/343
v 3.029496 1.082887 -1.440845
v 3.184324 1.092935 -1.587512
v 3.196217 1.076479 -1.576095
v 3.041400 1.066439 -1.429428
vn -0.462008 -0.706489 -0.536118
f 1373/1/344 1374/2/344 1375/3/344 1376/4/344
v 3.041400 1.066439 -1.429428
v 3.196217 1.076479 -1.576095
v 3.211953 1.070456 -1.560010
v 3.057028 1.060419 -1.413239
vn -0.144872 -0.964915 -0.218978
f 1377/1/345 1378/2/345 1379/3/345 1380/4/345
v 3.057028 1.060419 -1.413239
v 3.211953 1.070456 -1.560010
v 3.227314 1.076479 -1.543569
v 3.072194 1.066439 -1.396615
vn 0.211092 -0.964802 0.156836
f 1381/1/346 1382/2/346 1383/3/346 1384/4/346
v 3.072194 1.066439 -1.396615
v 3.227314 1.076479 -1.543569
v 3.238186 1.092935 -1.531175
v 3.082833 1.082887 -1.384011
vn 0.510505 -0.706164 0.490629
f 1385/1/347 1386/2/347 1387/3/347 1388/4/347
v 3.082833 1.082887 -1.384011
v 3.238186 1.092935 -1.531175
v 3.241655 1.115415 -1.526150
v 3.086095 1.105356 -1.378805
vn 0.673128 -0.258300 0.692950
f 1389/1/348 1390/2/348 1391/3/348 1392/4/348
v 3.241655 1.115415 -1.526150
v 3.395869 1.123721 -1.674965
v 3.391073 1.146207 -1.678709
v 3.236791 1.137894 -1.529841
vn 0.663482 0.258815 0.702001
f 1393/1/349 1394/2/349 1395/3/349 1396/4/349
v 3.236791 1.137894 -1.529841
v 3.391073 1.146207 -1.678709
v 3.379142 1.162667 -1.690080
v 3.224898 1.154350 -1.541258
vn 0.471182 0.706708 0.527780
f 1397/1/350 1398/2/350 1399/3/350 1400/4/350
v 3.224898 1.154350 -1.541258
v 3.379142 1.162667 -1.690080
v 3.363271 1.168692 -1.706030
v 3.209162 1.160373 -1.557342
vn 0.152636 0.965246 0.212140
f 1401/1/351 1402/2/351 1403/3/351 1404/4/351
v 3.209162 1.160373 -1.557342
v 3.363271 1.168692 -1.706030
v 3.347714 1.162667 -1.722286
v 3.193801 1.154350 -1.573784
vn -0.206808 0.965152 -0.160352
f 1405/1/352 1406/2/352 1407/3/352 1408/4/352
v 3.193801 1.154350 -1.573784
v 3.347714 1.162667 -1.722286
v 3.336638 1.146207 -1.734492
v 3.182929 1.137894 -1.586178
vn -0.510837 0.706440 -0.489886
f 1409/1/353 1410/2/353 1411/3/353 1412/4/353
v 3.182929 1.137894 -1.586178
v 3.336638 1.146207 -1.734492
v 3.333012 1.123721 -1.739378
v 3.179460 1.115415 -1.591203
vn -0.677979 0.258433 -0.688155
f 1413/1/354 1414/2/354 1415/3/354 1416/4/354
v 3.179460 1.115415 -1.591203
v 3.333012 1.123721 -1.739378
v 3.337807 1.101236 -1.735633
v 3.184324 1.092935 -1.587512
vn -0.663450 -0.258814 -0.702033
f 1417/1/355 1418/2/355 1419/3/355 1420/4/355
v 3.184324 1.092935 -1.587512
v 3.337807 1.101236 -1.735633
v 3.349739 1.084776 -1.724262
v 3.196217 1.076479 -1.576095
vn -0.471151 -0.706706 -0.527810
f 1421/1/356 1422/2/356 1423/3/356 1424/4/356
v 3.196217 1.076479 -1.576095
v 3.349739 1.084776 -1.724262
v 3.365609 1.078751 -1.708312
v 3.211953 1.070456 -1.560010
vn -0.152606 -0.965244 -0.212168
f 1425/1/357 1426/2/357 1427/3/357 1428/4/357
v 3.211953 1.070456 -1.560010
v 3.365609 1.078751 -1.708312
v 3.381167 1.084776 -1.692056
v 3.227314 1.076479 -1.543569
vn 0.206838 -0.965150 0.160323
f 1429/1/358 1430/2/358 1431/3/358 1432/4/358
v 3.227314 1.076479 -1.543569
v 3.381167 1.084776 -1.692056
v 3.392242 1.101236 -1.679850
v 3.238186 1.092935 -1.531175
vn 0.510868 -0.706438 0.489856
f 1433/1/359 1434/2/359 1435/3/359 1436/4/359
v 3.238186 1.092935 -1.531175
v 3.392242 1.101236 -1.679850
v 3.395869 1.123721 -1.674965
v 3.241655 1.115415 -1.526150
vn 0.678011 -0.258431 0.688123
f 1437/1/360 1438/2/360 1439/3/360 1440/4/360
v 3.395869 1.123721 -1.674965
v 3.548484 1.130950 -1.825567
v 3.543697 1.153438 -1.829306
v 3.391073 1.146207 -1.678709
vn 0.672215 0.258864 0.693626
f 1441/1/361 1442/2/361 1443/3/361 1444/4/361
v 3.391073 1.146207 -1.678709
v 3.543697 1.153438 -1.829306
v 3.531664 1.169900 -1.840566
v 3.379142 1.162667 -1.690080
vn 0.479585 0.706838 0.519979
f 1445/1/362 1446/2/362 1447/3/362 1448/4/362
v 3.379142 1.162667 -1.690080
v 3.531664 1.169900 -1.840566
v 3.515609 1.175925 -1.856330
v 3.363271 1.168692 -1.706030
vn 0.158455 0.965423 0.207001
f 1449/1/363 1450/2/363 1451/3/363 1452/4/363
v 3.363271 1.168692 -1.706030
v 3.515609 1.175925 -1.856330
v 3.499833 1.169900 -1.872375
v 3.347714 1.162667 -1.722286
vn -0.205133 0.965325 -0.161454
f 1453/1/364 1454/2/364 1455/3/364 1456/4/364
v 3.347714 1.162667 -1.722286
v 3.499833 1.169900 -1.872375
v 3.488565 1.153438 -1.884400
v 3.336638 1.146207 -1.734492
vn -0.513751 0.706561 -0.486653
f 1457/1/365 1458/2/365 1459/3/365 1460/4/365
v 3.336638 1.146207 -1.734492
v 3.488565 1.153438 -1.884400
v 3.484822 1.130950 -1.889184
v 3.333012 1.123721 -1.739378
vn -0.684699 0.258474 -0.681453
f 1461/1/366 1462/2/366 1463/3/366 1464/4/366
v 3.333012 1.123721 -1.739378
v 3.484822 1.130950 -1.889184
v 3.489609 1.108462 -1.885445
v 3.337807 1.101236 -1.735633
vn -0.672180 -0.258862 -0.693661
f 1465/1/367 1466/2/367 1467/3/367 1468/4/367
v 3.337807 1.101236 -1.735633
v 3.489609 1.108462 -1.885445
v 3.501642 1.092000 -1.874185
v 3.349739 1.084776 -1.724262
vn -0.479551 -0.706836 -0.520012
f 1469/1/368 1470/2/368 1471/3/368 1472/4/368
v 3.349739 1.084776 -1.724262
v 3.501642 1.092000 -1.874185
v 3.517698 1.085974 -1.858421
v 3.365609 1.078751 -1.708312
vn -0.158423 -0.965422 -0.207033
f 1473/1/369 1474/2/369 1475/3/369 1476/4/369
v 3.365609 1.078751 -1.708312
v 3.517698 1.085974 -1.858421
v 3.533473 1.092000 -1.842377
v 3.381167 1.084776 -1.692056
vn 0.205166 -0.965324 0.161422
f 1477/1/370 1478/2/370 1479/3/370 1480/4/370
v 3.381167 1.084776 -1.692056
v 3.533473 1.092000 -1.842377
v 3.544742 1.108462 -1.830351
v 3.392242 1.101236 -1.679850
vn 0.513785 -0.706559 0.486619
f 1481/1/371 1482/2/371 1483/3/371 1484/4/371
v 3.392242 1.101236 -1.679850
v 3.544742 1.108462 -1.830351
v 3.548484 1.130950 -1.825567
v 3.395869 1.123721 -1.674965
vn 0.684736 -0.258472 0.681417
f 1485/1/372 1486/2/372 1487/3/372 1488/4/372
v 3.548484 1.130950 -1.825567
v 3.699067 1.137773 -1.978380
v 3.694257 1.160262 -1.982079
v 3.543697 1.153438 -1.829306
vn 0.682193 0.258904 0.683800
f 1489/1/373 1490/2/373 1491/3/373 1492/4/373
v 3.543697 1.153438 -1.829306
v 3.694257 1.160262 -1.982079
v 3.682076 1.176726 -1.993177
v 3.531664 1.169900 -1.840566
vn 0.487740 0.706899 0.512253
f 1493/1/374 1494/2/374 1495/3/374 1496/4/374
v 3.531664 1.169900 -1.840566
v 3.682076 1.176726 -1.993177
v 3.665788 1.182752 -2.008702
v 3.515609 1.175925 -1.856330
vn 0.162599 0.965492 0.203439
f 1497/1/375 1498/2/375 1499/3/375 1500/4/375
v 3.515609 1.175925 -1.856330
v 3.665788 1.182752 -2.008702
v 3.649759 1.176726 -2.024492
v 3.499833 1.169900 -1.872375
vn -0.206112 0.965376 -0.159897
f 1501/1/376 1502/2/376 1503/3/376 1504/4/376
v 3.499833 1.169900 -1.872375
v 3.649759 1.176726 -2.024492
v 3.638282 1.160262 -2.036317
v 3.488565 1.153438 -1.884400
vn -0.519585 0.706580 -0.480392
f 1505/1/377 1506/2/377 1507/3/377 1508/4/377
v 3.488565 1.153438 -1.884400
v 3.638282 1.160262 -2.036317
v 3.634433 1.137773 -2.041009
v 3.484822 1.130950 -1.889184
vn -0.693824 0.258461 -0.672165
f 1509/1/378 1510/2/378 1511/3/378 1512/4/378
v 3.484822 1.130950 -1.889184
v 3.634433 1.137773 -2.041009
v 3.639244 1.115284 -2.037310
v 3.489609 1.108462 -1.885445
vn -0.682152 -0.258902 -0.683841
f 1513/1/379 1514/2/379 1515/3/379 1516/4/379
v 3.489609 1.108462 -1.885445
v 3.639244 1.115284 -2.037310
v 3.651425 1.098820 -2.026212
v 3.501642 1.092000 -1.874185
vn -0.487700 -0.706898 -0.512293
f 1517/1/380 1518/2/380 1519/3/380 1520/4/380
v 3.501642 1.092000 -1.874185
v 3.651425 1.098820 -2.026212
v 3.667712 1.092794 -2.010687
v 3.517698 1.085974 -1.858421
vn -0.162560 -0.965490 -0.203478
f 1521/1/381 1522/2/381 1523/3/381 1524/4/381
v 3.517698 1.085974 -1.858421
v 3.667712 1.092794 -2.010687
v 3.683742 1.098820 -1.994897
v 3.533473 1.092000 -1.842377
vn 0.206149 -0.965374 0.159860
f 1525/1/382 1526/2/382 1527/3/382 1528/4/382
v 3.533473 1.092000 -1.842377
v 3.683742 1.098820 -1.994897
v 3.695219 1.115284 -1.983072
v 3.544742 1.108462 -1.830351
vn 0.519623 -0.706578 0.480354
f 1529/1/383 1530/2/383 1531/3/383 1532/4/383
v 3.544742 1.108462 -1.830351
v 3.695219 1.115284 -1.983072
v 3.699067 1.137773 -1.978380
v 3.548484 1.130950 -1.825567
vn 0.693863 -0.258459 0.672125
f 1533/1/384 1534/2/384 1535/3/384 1536/4/384
v 3.699067 1.137773 -1.978380
v 3.847166 1.144095 -2.133812
v 3.842383 1.166588 -2.137523
v 3.694257 1.160262 -1.982079
vn 0.694004 0.258947 0.671792
f 1537/1/385 1538/2/385 1539/3/385 1540/4/385
v 3.694257 1.160262 -1.982079
v 3.842383 1.166588 -2.137523
v 3.830066 1.183054 -2.148466
v 3.682076 1.176726 -1.993177
vn 0.497416 0.706966 0.502769
f 1541/1/386 1542/2/386 1543/3/386 1544/4/386
v 3.682076 1.176726 -1.993177
v 3.830066 1.183054 -2.148466
v 3.813515 1.189081 -2.163709
v 3.665788 1.182752 -2.008702
vn 0.167544 0.965567 0.199020
f 1545/1/387 1546/2/387 1547/3/387 1548/4/387
v 3.665788 1.182752 -2.008702
v 3.813515 1.189081 -2.163709
v 3.797165 1.183054 -2.179167
v 3.649759 1.176726 -2.024492
vn -0.207226 0.965438 -0.158070
f 1549/1/388 1550/2/388 1551/3/388 1552/4/388
v 3.649759 1.176726 -2.024492
v 3.797165 1.183054 -2.179167
v 3.785397 1.166588 -2.190698
v 3.638282 1.160262 -2.036317
vn -0.526458 0.706608 -0.472808
f 1553/1/389 1554/2/389 1555/3/389 1556/4/389
v 3.638282 1.160262 -2.036317
v 3.785397 1.166588 -2.190698
v 3.781364 1.144095 -2.195213
v 3.634433 1.137773 -2.041009
vn -0.704608 0.258450 -0.660857
f 1557/1/390 1558/2/390 1559/3/390 1560/4/390
v 3.634433 1.137773 -2.041009
v 3.781364 1.144095 -2.195213
v 3.786146 1.121601 -2.191501
v 3.639244 1.115284 -2.037310
vn -0.693957 -0.258945 -0.671842
f 1561/1/391 1562/2/391 1563/3/391 1564/4/391
v 3.639244 1.115284 -2.037310
v 3.786146 1.121601 -2.191501
v 3.798463 1.105135 -2.180558
v 3.651425 1.098820 -2.026212
vn -0.497365 -0.706964 -0.502822
f 1565/1/392 1566/2/392 1567/3/392 1568/4/392
v 3.651425 1.098820 -2.026212
v 3.798463 1.105135 -2.180558
v 3.815014 1.099108 -2.165316
v 3.667712 1.092794 -2.010687
vn -0.167496 -0.965565 -0.199071
f 1569/1/393 1570/2/393 1571/3/393 1572/4/393
v 3.667712 1.092794 -2.010687
v 3.815014 1.099108 -2.165316
v 3.831365 1.105135 -2.149858
v 3.683742 1.098820 -1.994897
vn 0.207269 -0.965436 0.158026
f 1573/1/394 1574/2/394 1575/3/394 1576/4/394
v 3.683742 1.098820 -1.994897
v 3.831365 1.105135 -2.149858
v 3.843133 1.121601 -2.138327
v 3.695219 1.115284 -1.983072
vn 0.526496 -0.706606 0.472768
f 1577/1/395 1578/2/395 1579/3/395 1580/4/395
v 3.695219 1.115284 -1.983072
v 3.843133 1.121601 -2.138327
v 3.847166 1.144095 -2.133812
v 3.699067 1.137773 -1.978380
vn 0.704649 -0.258448 0.660814
f 1581/1/396 1582/2/396 1583/3/396 1584/4/396
v 3.847166 1.144095 -2.133812
v 3.992160 1.148218 -2.292488
v 3.987420 1.170716 -2.296231
v 3.842383 1.166588 -2.137523
vn 0.709667 0.259004 0.655202
f 1585/1/397 1586/2/397 1587/3/397 1588/4/397
v 3.842383 1.166588 -2.137523
v 3.987420 1.170716 -2.296231
v 3.974936 1.187185 -2.306978
v 3.830066 1.183054 -2.148466
vn 0.512709 0.707122 0.486937
f 1589/1/398 1590/2/398 1591/3/398 1592/4/398
v 3.830066 1.183054 -2.148466
v 3.974936 1.187185 -2.306978
v 3.958051 1.193213 -2.321850
v 3.813515 1.189081 -2.163709
vn 0.178379 0.965797 0.188194
f 1593/1/399 1594/2/399 1595/3/399 1596/4/399
v 3.813515 1.189081 -2.163709
v 3.958051 1.193213 -2.321850
v 3.941291 1.187185 -2.336862
v 3.797165 1.183054 -2.179167
vn -0.203762 0.965691 -0.161002
f 1597/1/400 1598/2/400 1599/3/400 1600/4/400
v 3.797165 1.183054 -2.179167
v 3.941291 1.187185 -2.336862
v 3.929146 1.170716 -2.347991
v 3.785397 1.166588 -2.190698
vn -0.531300 0.706800 -0.467070
f 1601/1/401 1602/2/401 1603/3/401 1604/4/401
v 3.785397 1.166588 -2.190698
v 3.929146 1.170716 -2.347991
v 3.924870 1.148218 -2.352256
v 3.781364 1.144095 -2.195213
vn -0.716448 0.258519 -0.647973
f 1605/1/402 1606/2/402 1607/3/402 1608/4/402
v 3.781364 1.144095 -2.195213
v 3.924870 1.148218 -2.352256
v 3.929610 1.125721 -2.348513
v 3.786146 1.121601 -2.191501
vn -0.709619 -0.259003 -0.655254
f 1609/1/403 1610/2/403 1611/3/403 1612/4/403
v 3.786146 1.121601 -2.191501
v 3.929610 1.125721 -2.348513
v 3.942094 1.109252 -2.337766
v 3.798463 1.105135 -2.180558
vn -0.512667 -0.707121 -0.486982
f 1613/1/404 1614/2/404 1615/3/404 1616/4/404
v 3.798463 1.105135 -2.180558
v 3.942094 1.109252 -2.337766
v 3.958979 1.103224 -2.322894
v 3.815014 1.099108 -2.165316
vn -0.178344 -0.965796 -0.188232
f 1617/1/405 1618/2/405 1619/3/405 1620/4/405
v 3.815014 1.099108 -2.165316
v 3.958979 1.103224 -2.322894
v 3.975739 1.109252 -2.307882
v 3.831365 1.105135 -2.149858
vn 0.203796 -0.965690 0.160966
f 1621/1/406 1622/2/406 1623/3/406 1624/4/406
v 3.831365 1.105135 -2.149858
v 3.975739 1.109252 -2.307882
v 3.987884 1.125721 -2.296753
v 3.843133 1.121601 -2.138327
vn 0.531338 -0.706799 0.467028
f 1625/1/407 1626/2/407 1627/3/407 1628/4/407
v 3.843133 1.121601 -2.138327
v 3.987884 1.125721 -2.296753
v 3.992160 1.148218 -2.292488
v 3.847166 1.144095 -2.133812
vn 0.716494 -0.258518 0.647924
f 1629/1/408 1630/2/408 1631/3/408 1632/4/408
v 3.992160 1.148218 -2.292488
v 4.132884 1.150732 -2.455507
v 4.128104 1.173231 -2.459187
v 3.987420 1.170716 -2.296231
vn 0.729165 0.258987 0.633439
f 1633/1/409 1634/2/409 1635/3/409 1636/4/409
v 3.987420 1.170716 -2.296231
v 4.128104 1.173231 -2.459187
v 4.115323 1.189701 -2.469579
v 3.974936 1.187185 -2.306978
vn 0.529762 0.707162 0.468268
f 1637/1/410 1638/2/410 1639/3/410 1640/4/410
v 3.974936 1.187185 -2.306978
v 4.115323 1.189701 -2.469579
v 4.097968 1.195730 -2.483898
v 3.958051 1.193213 -2.321850
vn 0.188405 0.965897 0.177613
f 1641/1/411 1642/2/411 1643/3/411 1644/4/411
v 3.958051 1.193213 -2.321850
v 4.097968 1.195730 -2.483898
v 4.080688 1.189701 -2.498308
v 3.941291 1.187185 -2.336862
vn -0.203459 0.965810 -0.160674
f 1645/1/412 1646/2/412 1647/3/412 1648/4/412
v 3.941291 1.187185 -2.336862
v 4.080688 1.189701 -2.498308
v 4.068113 1.173231 -2.508947
v 3.929146 1.170716 -2.347991
vn -0.540787 0.706890 -0.455913
f 1649/1/413 1650/2/413 1651/3/413 1652/4/413
v 3.929146 1.170716 -2.347991
v 4.068113 1.173231 -2.508947
v 4.063613 1.150732 -2.512966
v 3.924870 1.148218 -2.352256
vn -0.733172 0.258571 -0.628968
f 1653/1/414 1654/2/414 1655/3/414 1656/4/414
v 3.924870 1.148218 -2.352256
v 4.063613 1.150732 -2.512966
v 4.068394 1.128233 -2.509286
v 3.929610 1.125721 -2.348513
vn -0.729111 -0.258986 -0.633500
f 1657/1/415 1658/2/415 1659/3/415 1660/4/415
v 3.929610 1.125721 -2.348513
v 4.068394 1.128233 -2.509286
v 4.081174 1.111762 -2.498894
v 3.942094 1.109252 -2.337766
vn -0.529719 -0.707161 -0.468317
f 1661/1/416 1662/2/416 1663/3/416 1664/4/416
v 3.942094 1.109252 -2.337766
v 4.081174 1.111762 -2.498894
v 4.098530 1.105734 -2.484575
v 3.958979 1.103224 -2.322894
vn -0.188375 -0.965897 -0.177647
f 1665/1/417 1666/2/417 1667/3/417 1668/4/417
v 3.958979 1.103224 -2.322894
v 4.098530 1.105734 -2.484575
v 4.115810 1.111762 -2.470165
v 3.975739 1.109252 -2.307882
vn 0.203488 -0.965809 0.160642
f 1669/1/418 1670/2/418 1671/3/418 1672/4/418
v 3.975739 1.109252 -2.307882
v 4.115810 1.111762 -2.470165
v 4.128384 1.128233 -2.459525
v 3.987884 1.125721 -2.296753
vn 0.540826 -0.706889 0.455868
f 1673/1/419 1674/2/419 1675/3/419 1676/4/419
v 3.987884 1.125721 -2.296753
v 4.128384 1.128233 -2.459525
v 4.132884 1.150732 -2.455507
v 3.992160 1.148218 -2.292488
vn 0.733223 -0.258570 0.628908
f 1677/1/420 1678/2/420 1679/3/420 1680/4/420
v 4.132884 1.150732 -2.455507
v 4.267527 1.152399 -2.624517
v 4.262596 1.174898 -2.627991
v 4.128104 1.173231 -2.459187
vn 0.754219 0.258949 0.603407
f 1681/1/421 1682/2/421 1683/3/421 1684/4/421
v 4.128104 1.173231 -2.459187
v 4.262596 1.174898 -2.627991
v 4.249331 1.191369 -2.637755
v 4.115323 1.189701 -2.469579
vn 0.549589 0.707140 0.444865
f 1685/1/422 1686/2/422 1687/3/422 1688/4/422
v 4.115323 1.189701 -2.469579
v 4.249331 1.191369 -2.637755
v 4.231286 1.197397 -2.651195
v 4.097968 1.195730 -2.483898
vn 0.197667 0.965925 0.167085
f 1689/1/423 1690/2/423 1691/3/423 1692/4/423
v 4.097968 1.195730 -2.483898
v 4.231286 1.197397 -2.651195
v 4.213296 1.191369 -2.664708
v 4.080688 1.189701 -2.498308
vn -0.207256 0.965844 -0.155533
f 1693/1/424 1694/2/424 1695/3/424 1696/4/424
v 4.080688 1.189701 -2.498308
v 4.213296 1.191369 -2.664708
v 4.200181 1.174898 -2.674673
v 4.068113 1.173231 -2.508947
vn -0.556587 0.706896 -0.436473
f 1697/1/425 1698/2/425 1699/3/425 1700/4/425
v 4.068113 1.173231 -2.508947
v 4.200181 1.174898 -2.674673
v 4.195455 1.152399 -2.678421
v 4.063613 1.150732 -2.512966
vn -0.756716 0.258582 -0.600429
f 1701/1/426 1702/2/426 1703/3/426 1704/4/426
v 4.063613 1.150732 -2.512966
v 4.195455 1.152399 -2.678421
v 4.200386 1.129899 -2.674947
v 4.068394 1.128233 -2.509286
vn -0.754123 -0.258948 -0.603527
f 1705/1/427 1706/2/427 1707/3/427 1708/4/427
v 4.068394 1.128233 -2.509286
v 4.200386 1.129899 -2.674947
v 4.213651 1.113429 -2.665182
v 4.081174 1.111762 -2.498894
vn -0.549521 -0.707140 -0.444949
f 1709/1/428 1710/2/428 1711/3/428 1712/4/428
v 4.081174 1.111762 -2.498894
v 4.213651 1.113429 -2.665182
v 4.231696 1.107400 -2.651743
v 4.098530 1.105734 -2.484575
vn -0.197633 -0.965924 -0.167127
f 1713/1/429 1714/2/429 1715/3/429 1716/4/429
v 4.098530 1.105734 -2.484575
v 4.231696 1.107400 -2.651743
v 4.249686 1.113429 -2.638230
v 4.115810 1.111762 -2.470165
vn 0.207285 -0.965843 0.155498
f 1717/1/430 1718/2/430 1719/3/430 1720/4/430
v 4.115810 1.111762 -2.470165
v 4.249686 1.113429 -2.638230
v 4.262801 1.129899 -2.628265
v 4.128384 1.128233 -2.459525
vn 0.556645 -0.706894 0.436402
f 1721/1/431 1722/2/431 1723/3/431 1724/4/431
v 4.128384 1.128233 -2.459525
v 4.262801 1.129899 -2.628265
v 4.267527 1.152399 -2.624517
v 4.132884 1.150732 -2.455507
vn 0.756807 -0.258580 0.600316
f 1725/1/432 1726/2/432 1727/3/432 1728/4/432
v 4.267527 1.152399 -2.624517
v 4.392470 1.153983 -2.802765
v 4.387241 1.176482 -2.805772
v 4.262596 1.174898 -2.627991
vn 0.789857 0.258923 0.555953
f 1729/1/433 1730/2/433 1731/3/433 1732/4/433
v 4.262596 1.174898 -2.627991
v 4.387241 1.176482 -2.805772
v 4.373168 1.192953 -2.814332
v 4.249331 1.191369 -2.637755
vn 0.576024 0.707083 0.410158
f 1733/1/434 1734/2/434 1735/3/434 1736/4/434
v 4.249331 1.191369 -2.637755
v 4.373168 1.192953 -2.814332
v 4.354023 1.198982 -2.826152
v 4.231286 1.197397 -2.651195
vn 0.207742 0.965928 0.154360
f 1737/1/435 1738/2/435 1739/3/435 1740/4/435
v 4.231286 1.197397 -2.651195
v 4.354023 1.198982 -2.826152
v 4.334935 1.192953 -2.838065
v 4.213296 1.191369 -2.664708
vn -0.216263 0.965811 -0.142968
f 1741/1/436 1742/2/436 1743/3/436 1744/4/436
v 4.213296 1.191369 -2.664708
v 4.334935 1.192953 -2.838065
v 4.321019 1.176482 -2.846878
v 4.200181 1.174898 -2.674673
vn -0.582133 0.706763 -0.402006
f 1745/1/437 1746/2/437 1747/3/437 1748/4/437
v 4.200181 1.174898 -2.674673
v 4.321019 1.176482 -2.846878
v 4.316004 1.153983 -2.850230
v 4.195455 1.152399 -2.678421
vn -0.791871 0.258478 -0.553289
f 1749/1/438 1750/2/438 1751/3/438 1752/4/438
v 4.195455 1.152399 -2.678421
v 4.316004 1.153983 -2.850230
v 4.321233 1.131484 -2.847223
v 4.200386 1.129899 -2.674947
vn -0.789559 -0.258923 -0.556378
f 1753/1/439 1754/2/439 1755/3/439 1756/4/439
v 4.200386 1.129899 -2.674947
v 4.321233 1.131484 -2.847223
v 4.335306 1.115014 -2.838663
v 4.213651 1.113429 -2.665182
vn -0.575824 -0.707086 -0.410434
f 1757/1/440 1758/2/440 1759/3/440 1760/4/440
v 4.213651 1.113429 -2.665182
v 4.335306 1.115014 -2.838663
v 4.354451 1.108985 -2.826843
v 4.231696 1.107400 -2.651743
vn -0.207669 -0.965928 -0.154457
f 1761/1/441 1762/2/441 1763/3/441 1764/4/441
v 4.231696 1.107400 -2.651743
v 4.354451 1.108985 -2.826843
v 4.373539 1.115014 -2.814930
v 4.249686 1.113429 -2.638230
vn 0.216311 -0.965810 0.142903
f 1765/1/442 1766/2/442 1767/3/442 1768/4/442
v 4.249686 1.113429 -2.638230
v 4.373539 1.115014 -2.814930
v 4.387455 1.131484 -2.806117
v 4.262801 1.129899 -2.628265
vn 0.582285 -0.706757 0.401795
f 1769/1/443 1770/2/443 1771/3/443 1772/4/443
v 4.262801 1.129899 -2.628265
v 4.387455 1.131484 -2.806117
v 4.392470 1.153983 -2.802765
v 4.267527 1.152399 -2.624517
vn 0.792147 -0.258471 0.552898
f 1773/1/444 1774/2/444 1775/3/444 1776/4/444
v 4.392470 1.153983 -2.802765
v 4.496043 1.156250 -2.992453
v 4.490637 1.178749 -2.995131
v 4.387241 1.176482 -2.805772
vn 0.846452 0.258921 0.465273
f 1777/1/445 1778/2/445 1779/3/445 1780/4/445
v 4.387241 1.176482 -2.805772
v 4.490637 1.178749 -2.995131
v 4.476094 1.195219 -3.002866
v 4.373168 1.192953 -2.814332
vn 0.617201 0.706904 0.345471
f 1781/1/446 1782/2/446 1783/3/446 1784/4/446
v 4.373168 1.192953 -2.814332
v 4.476094 1.195219 -3.002866
v 4.456312 1.201247 -3.013586
v 4.354023 1.198982 -2.826152
vn 0.222124 0.965922 0.132873
f 1785/1/447 1786/2/447 1787/3/447 1788/4/447
v 4.354023 1.198982 -2.826152
v 4.456312 1.201247 -3.013586
v 4.436591 1.195219 -3.024419
v 4.334935 1.192953 -2.838065
vn -0.232929 0.965617 -0.115443
f 1789/1/448 1790/2/448 1791/3/448 1792/4/448
v 4.334935 1.192953 -2.838065
v 4.436591 1.195219 -3.024419
v 4.422216 1.178749 -3.032461
v 4.321019 1.176482 -2.846878
vn -0.625196 0.706118 -0.332457
f 1793/1/449 1794/2/449 1795/3/449 1796/4/449
v 4.321019 1.176482 -2.846878
v 4.422216 1.178749 -3.032461
v 4.417037 1.156250 -3.035558
v 4.316004 1.153983 -2.850230
vn -0.849572 0.257925 -0.460112
f 1797/1/450 1798/2/450 1799/3/450 1800/4/450
v 4.316004 1.153983 -2.850230
v 4.417037 1.156250 -3.035558
v 4.422444 1.133751 -3.032880
v 4.321233 1.131484 -2.847223
vn -0.846729 -0.258918 -0.464770
f 1801/1/451 1802/2/451 1803/3/451 1804/4/451
v 4.321233 1.131484 -2.847223
v 4.422444 1.133751 -3.032880
v 4.436987 1.117281 -3.025145
v 4.335306 1.115014 -2.838663
vn -0.617366 -0.706898 -0.345188
f 1805/1/452 1806/2/452 1807/3/452 1808/4/452
v 4.335306 1.115014 -2.838663
v 4.436987 1.117281 -3.025145
v 4.456769 1.111253 -3.014425
v 4.354451 1.108985 -2.826843
vn -0.222130 -0.965922 -0.132862
f 1809/1/453 1810/2/453 1811/3/453 1812/4/453
v 4.354451 1.108985 -2.826843
v 4.456769 1.111253 -3.014425
v 4.476490 1.117281 -3.003592
v 4.373539 1.115014 -2.814930
vn 0.232958 -0.965616 0.115397
f 1813/1/454 1814/2/454 1815/3/454 1816/4/454
v 4.373539 1.115014 -2.814930
v 4.476490 1.117281 -3.003592
v 4.490865 1.133751 -2.995550
v 4.387455 1.131484 -2.806117
vn 0.625099 -0.706125 0.332624
f 1817/1/455 1818/2/455 1819/3/455 1820/4/455
v 4.387455 1.131484 -2.806117
v 4.490865 1.133751 -2.995550
v 4.496043 1.156250 -2.992453
v 4.392470 1.153983 -2.802765
vn 0.849327 -0.257937 0.460556
f 1821/1/456 1822/2/456 1823/3/456 1824/4/456
v 4.496043 1.156250 -2.992453
v 4.456312 1.201247 -3.013586
v 4.476094 1.195219 -3.002866
v 4.490637 1.178749 -2.995131
vn 0.478920 0.010611 -0.877794
f 1825/1/457 1826/2/457 1827/3/457 1828/4/457
v 4.496043 1.156250 -2.992453
v 4.422216 1.178749 -3.032461
v 4.436591 1.195219 -3.024419
v 4.456312 1.201247 -3.013586
vn 0.478920 0.010611 -0.877794
f 1829/1/458 1830/2/458 1831/3/458 1832/4/458
v 4.496043 1.156250 -2.992453
v 4.422444 1.133751 -3.032880
v 4.417037 1.156250 -3.035558
v 4.422216 1.178749 -3.032461
vn 0.478920 0.010611 -0.877794
f 1833/1/459 1834/2/459 1835/3/459 1836/4/459
v 4.496043 1.156250 -2.992453
v 4.456769 1.111253 -3.014425
v 4.436987 1.117281 -3.025145
v 4.422444 1.133751 -3.032880
vn 0.478920 0.010611 -0.877794
f 1837/1/460 1838/2/460 1839/3/460 1840/4/460
v 4.496043 1.156250 -2.992453
v 4.490865 1.133751 -2.995550
v 4.476490 1.117281 -3.003592
v 4.456769 1.111253 -3.014425
vn 0.478920 0.010611 -0.877794
f 1841/1/461 1842/2/461 1843/3/461 1844/4/461
v 4.483980 1.156118 -2.992287
v 4.508128 1.156250 -3.052881
v 4.503804 1.173250 -3.054312
v 4.479737 1.173118 -2.993944
vn 0.897100 0.258820 0.358083
f 1845/1/462 1846/2/462 1847/3/462 1848/4/462
v 4.479737 1.173118 -2.993944
v 4.503804 1.173250 -3.054312
v 4.492000 1.185695 -3.058256
v 4.468170 1.185563 -2.998536
vn 0.656299 0.707106 0.263197
f 1849/1/463 1850/2/463 1851/3/463 1852/4/463
v 4.468170 1.185563 -2.998536
v 4.492000 1.185695 -3.058256
v 4.475880 1.190250 -3.063655
v 4.452380 1.190118 -3.004834
vn 0.239650 0.965924 0.097769
f 1853/1/464 1854/2/464 1855/3/464 1856/4/464
v 4.452380 1.190118 -3.004834
v 4.475880 1.190250 -3.063655
v 4.459764 1.185695 -3.069063
v 4.436597 1.185563 -3.011150
vn -0.241095 0.965924 -0.094152
f 1857/1/465 1858/2/465 1859/3/465 1860/4/465
v 4.436597 1.185563 -3.011150
v 4.459764 1.185695 -3.069063
v 4.447968 1.173250 -3.073031
v 4.425049 1.173118 -3.015791
vn -0.657081 0.707106 -0.261238
f 1861/1/466 1862/2/466 1863/3/466 1864/4/466
v 4.425049 1.173118 -3.015791
v 4.447968 1.173250 -3.073031
v 4.443655 1.156250 -3.074496
v 4.420833 1.156118 -3.017514
vn -0.896922 0.258820 -0.358529
f 1865/1/467 1866/2/467 1867/3/467 1868/4/467
v 4.420833 1.156118 -3.017514
v 4.443655 1.156250 -3.074496
v 4.447980 1.139250 -3.073065
v 4.425076 1.139118 -3.015857
vn -0.896471 -0.258817 -0.359658
f 1869/1/468 1870/2/468 1871/3/468 1872/4/468
v 4.425076 1.139118 -3.015857
v 4.447980 1.139250 -3.073065
v 4.459783 1.126805 -3.069121
v 4.436642 1.126673 -3.011264
vn -0.655887 -0.707104 -0.264227
f 1873/1/469 1874/2/469 1875/3/469 1876/4/469
v 4.436642 1.126673 -3.011264
v 4.459783 1.126805 -3.069121
v 4.475903 1.122250 -3.063722
v 4.452433 1.122118 -3.004966
vn -0.239550 -0.965923 -0.098020
f 1877/1/470 1878/2/470 1879/3/470 1880/4/470
v 4.452433 1.122118 -3.004966
v 4.475903 1.122250 -3.063722
v 4.492020 1.126805 -3.058314
v 4.468216 1.126673 -2.998651
vn 0.241101 -0.965924 0.094136
f 1881/1/471 1882/2/471 1883/3/471 1884/4/471
v 4.468216 1.126673 -2.998651
v 4.492020 1.126805 -3.058314
v 4.503815 1.139250 -3.054346
v 4.479763 1.139118 -2.994010
vn 0.657305 -0.707105 0.260678
f 1885/1/472 1886/2/472 1887/3/472 1888/4/472
v 4.479763 1.139118 -2.994010
v 4.503815 1.139250 -3.054346
v 4.508128 1.156250 -3.052881
v 4.483980 1.156118 -2.992287
vn 0.897457 -0.258817 0.357190
f 1889/1/473 1890/2/473 1891/3/473 1892/4/473
v 4.508128 1.156250 -3.052881
v 4.525948 1.156250 -3.118214
v 4.521477 1.173250 -3.119084
v 4.503804 1.173250 -3.054312
vn 0.931973 0.258478 0.254196
f 1893/1/474 1894/2/474 1895/3/474 1896/4/474
v 4.503804 1.173250 -3.054312
v 4.521477 1.173250 -3.119084
v 4.509261 1.185695 -3.121463
v 4.492000 1.185695 -3.058256
vn 0.682706 0.706551 0.186275
f 1897/1/475 1898/2/475 1899/3/475 1900/4/475
v 4.492000 1.185695 -3.058256
v 4.509261 1.185695 -3.121463
v 4.492575 1.190250 -3.124711
v 4.475880 1.190250 -3.063655
vn 0.250050 0.965822 0.068285
f 1901/1/476 1902/2/476 1903/3/476 1904/4/476
v 4.475880 1.190250 -3.063655
v 4.492575 1.190250 -3.124711
v 4.475888 1.185695 -3.127960
v 4.459764 1.185695 -3.069063
vn -0.250032 0.965821 -0.068364
f 1905/1/477 1906/2/477 1907/3/477 1908/4/477
v 4.459764 1.185695 -3.069063
v 4.475888 1.185695 -3.127960
v 4.463672 1.173250 -3.130338
v 4.447968 1.173250 -3.073031
vn -0.682570 0.706526 -0.186867
f 1909/1/478 1910/2/478 1911/3/478 1912/4/478
v 4.447968 1.173250 -3.073031
v 4.463672 1.173250 -3.130338
v 4.459201 1.156250 -3.131209
v 4.443655 1.156250 -3.074496
vn -0.931692 0.258388 -0.255314
f 1913/1/479 1914/2/479 1915/3/479 1916/4/479
v 4.443655 1.156250 -3.074496
v 4.459201 1.156250 -3.131209
v 4.463672 1.139250 -3.130338
v 4.447980 1.139250 -3.073065
vn -0.931644 -0.258494 -0.255381
f 1917/1/480 1918/2/480 1919/3/480 1920/4/480
v 4.447980 1.139250 -3.073065
v 4.463672 1.139250 -3.130338
v 4.475888 1.126805 -3.127960
v 4.459783 1.126805 -3.069121
vn -0.682486 -0.706572 -0.186998
f 1921/1/481 1922/2/481 1923/3/481 1924/4/481
v 4.459783 1.126805 -3.069121
v 4.475888 1.126805 -3.127960
v 4.492575 1.122250 -3.124711
v 4.475903 1.122250 -3.063722
vn -0.250003 -0.965824 -0.068428
f 1925/1/482 1926/2/482 1927/3/482 1928/4/482
v 4.475903 1.122250 -3.063722
v 4.492575 1.122250 -3.124711
v 4.509261 1.126805 -3.121463
v 4.492020 1.126805 -3.058314
vn 0.250037 -0.965821 0.068348
f 1929/1/483 1930/2/483 1931/3/483 1932/4/483
v 4.492020 1.126805 -3.058314
v 4.509261 1.126805 -3.121463
v 4.521477 1.139250 -3.119084
v 4.503815 1.139250 -3.054346
vn 0.682712 -0.706512 0.186400
f 1933/1/484 1934/2/484 1935/3/484 1936/4/484
v 4.503815 1.139250 -3.054346
v 4.521477 1.139250 -3.119084
v 4.525948 1.156250 -3.118214
v 4.508128 1.156250 -3.052881
vn 0.931985 -0.258371 0.254259
f 1937/1/485 1938/2/485 1939/3/485 1940/4/485
v 4.525948 1.156250 -3.118214
v 4.533765 1.156250 -3.183507
v 4.529241 1.173250 -3.184042
v 4.521477 1.173250 -3.119084
vn 0.959249 0.258173 0.114839
f 1941/1/486 1942/2/486 1943/3/486 1944/4/486
v 4.521477 1.173250 -3.119084
v 4.529241 1.173250 -3.184042
v 4.516882 1.185695 -3.185503
v 4.509261 1.185695 -3.121463
vn 0.703053 0.706155 0.084035
f 1945/1/487 1946/2/487 1947/3/487 1948/4/487
v 4.509261 1.185695 -3.121463
v 4.516882 1.185695 -3.185503
v 4.500000 1.190250 -3.187500
v 4.492575 1.190250 -3.124711
vn 0.257661 0.965749 0.030663
f 1949/1/488 1950/2/488 1951/3/488 1952/4/488
v 4.492575 1.190250 -3.124711
v 4.500000 1.190250 -3.187500
v 4.483118 1.185695 -3.189497
v 4.475888 1.185695 -3.127960
vn -0.257696 0.965745 -0.030475
f 1953/1/489 1954/2/489 1955/3/489 1956/4/489
v 4.475888 1.185695 -3.127960
v 4.483118 1.185695 -3.189497
v 4.470759 1.173250 -3.190958
v 4.463672 1.173250 -3.130338
vn -0.703273 0.706102 -0.082626
f 1957/1/490 1958/2/490 1959/3/490 1960/4/490
v 4.463672 1.173250 -3.130338
v 4.470759 1.173250 -3.190958
v 4.466235 1.156250 -3.191493
v 4.459201 1.156250 -3.131209
vn -0.959577 0.258123 -0.112176
f 1961/1/491 1962/2/491 1963/3/491 1964/4/491
v 4.459201 1.156250 -3.131209
v 4.466235 1.156250 -3.191493
v 4.470759 1.139250 -3.190958
v 4.463672 1.139250 -3.130338
vn -0.959603 -0.258119 -0.111968
f 1965/1/492 1966/2/492 1967/3/492 1968/4/492
v 4.463672 1.139250 -3.130338
v 4.470759 1.139250 -3.190958
v 4.483118 1.126805 -3.189497
v 4.475888 1.126805 -3.127960
vn -0.703336 -0.706086 -0.082221
f 1969/1/493 1970/2/493 1971/3/493 1972/4/493
v 4.475888 1.126805 -3.127960
v 4.483118 1.126805 -3.189497
v 4.500000 1.122250 -3.187500
v 4.492575 1.122250 -3.124711
vn -0.257733 -0.965742 -0.030280
f 1973/1/494 1974/2/494 1975/3/494 1976/4/494
v 4.492575 1.122250 -3.124711
v 4.500000 1.122250 -3.187500
v 4.516882 1.126805 -3.185503
v 4.509261 1.126805 -3.121463
vn 0.257696 -0.965745 0.030475
f 1977/1/495 1978/2/495 1979/3/495 1980/4/495
v 4.509261 1.126805 -3.121463
v 4.516882 1.126805 -3.185503
v 4.529241 1.139250 -3.184042
v 4.521477 1.139250 -3.119084
vn 0.703110 -0.706141 0.083673
f 1981/1/496 1982/2/496 1983/3/496 1984/4/496
v 4.521477 1.139250 -3.119084
v 4.529241 1.139250 -3.184042
v 4.533765 1.156250 -3.183507
v 4.525948 1.156250 -3.118214
vn 0.959271 -0.258170 0.114661
f 1985/1/497 1986/2/497 1987/3/497 1988/4/497
v 4.533765 1.156250 -3.183507
v 4.500000 1.190250 -3.187500
v 4.516882 1.185695 -3.185503
v 4.529241 1.173250 -3.184042
vn 0.117442 0.000000 -0.993080
f 1989/1/498 1990/2/498 1991/3/498 1992/4/498
v 4.533765 1.156250 -3.183507
v 4.470759 1.173250 -3.190958
v 4.483118 1.185695 -3.189497
v 4.500000 1.190250 -3.187500
vn 0.117442 0.000000 -0.993080
f 1993/1/499 1994/2/499 1995/3/499 1996/4/499
v 4.533765 1.156250 -3.183507
v 4.470759 1.139250 -3.190958
v 4.466235 1.156250 -3.191493
v 4.470759 1.173250 -3.190958
vn 0.117442 0.000000 -0.993080
f 1997/1/500 1998/2/500 1999/3/500 2000/4/500
v 4.533765 1.156250 -3.183507
v 4.500000 1.122250 -3.187500
v 4.483118 1.126805 -3.189497
v 4.470759 1.139250 -3.190958
vn 0.117442 -0.000000 -0.993080
f 2001/1/501 2002/2/501 2003/3/501 2004/4/501
v 4.533765 1.156250 -3.183507
v 4.529241 1.139250 -3.184042
v 4.516882 1.126805 -3.185503
v 4.500000 1.122250 -3.187500
vn 0.117442 -0.000000 -0.993080
f 2005/1/502 2006/2/502 2007/3/502 2008/4/502
usemtl clamp
v 4.421817 1.160024 -2.973216
v 4.421817 1.285024 -2.973216
v 4.453067 1.285024 -2.941966
v 4.453067 1.160024 -2.941966
vn 0.707107 0.000000 -0.707107
f 2009/1/503 2010/2/503 2011/3/503 2012/4/503
v 4.453067 1.160024 -2.941966
v 4.453067 1.285024 -2.941966
v 4.421817 1.285024 -2.910716
v 4.421817 1.160024 -2.910716
vn 0.707107 -0.000000 0.707107
f 2013/1/504 2014/2/504 2015/3/504 2016/4/504
v 4.421817 1.160024 -2.910716
v 4.421817 1.285024 -2.910716
v 4.390567 1.285024 -2.941966
v 4.390567 1.160024 -2.941966
vn -0.707107 0.000000 0.707107
f 2017/1/505 2018/2/505 2019/3/505 2020/4/505
v 4.390567 1.160024 -2.941966
v 4.390567 1.285024 -2.941966
v 4.421817 1.285024 -2.973216
v 4.421817 1.160024 -2.973216
vn -0.707107 0.000000 -0.707107
f 2021/1/506 2022/2/506 2023/3/506 2024/4/506
v 4.421817 1.285024 -2.973216
v 4.390567 1.285024 -2.941966
v 4.421817 1.285024 -2.910716
v 4.453067 1.285024 -2.941966
vn 0.000000 1.000000 -0.000000
f 2025/1/507 2026/2/507 2027/3/507 2028/4/507
usemtl porcelain
v 4.328067 1.285024 -2.848216
v 4.515567 1.285024 -2.848216
v 4.515567 1.472524 -2.848216
v 4.328067 1.472524 -2.848216
vn 0.000000 0.000000 1.000000
f 2029/1/508 2030/2/508 2031/3/508 2032/4/508
v 4.515567 1.285024 -3.035716
v 4.328067 1.285024 -3.035716
v 4.328067 1.472524 -3.035716
v 4.515567 1.472524 -3.035716
vn 0.000000 0.000000 -1.000000
f 2033/1/509 2034/2/509 2035/3/509 2036/4/509
v 4.515567 1.285024 -2.848216
v 4.515567 1.285024 -3.035716
v 4.515567 1.472524 -3.035716
v 4.515567 1.472524 -2.848216
vn 1.000000 -0.000000 0.000000
f 2037/1/510 2038/2/510 2039/3/510 2040/4/510
v 4.328067 1.285024 -3.035716
v 4.328067 1.285024 -2.848216
v 4.328067 1.472524 -2.848216
v 4.328067 1.472524 -3.035716
vn -1.000000 0.000000 0.000000
f 2041/1/511 2042/2/511 2043/3/511 2044/4/511
v 4.328067 1.472524 -2.848216
v 4.515567 1.472524 -2.848216
v 4.515567 1.472524 -3.035716
v 4.328067 1.472524 -3.035716
vn -0.000000 1.000000 0.000000
f 2045/1/512 2046/2/512 2047/3/512 2048/4/512
v 4.328067 1.285024 -3.035716
v 4.515567 1.285024 -3.035716
v 4.515567 1.285024 -2.848216
v 4.328067 1.285024 -2.848216
vn 0.000000 -1.000000 0.000000
f 2049/1/513 2050/2/513 2051/3/513 2052/4/513
usemtl cable
v 4.504962 1.283305 -2.881740
v 4.514202 1.108665 -2.899489
v 4.528903 1.110368 -2.907854
v 4.519664 1.284935 -2.890118
vn 0.499309 -0.061421 0.864244
f 2053/1/514 2054/2/514 2055/3/514 2056/4/514
v 4.519664 1.284935 -2.890118
v 4.528903 1.110368 -2.907854
v 4.528903 1.112205 -2.924755
v 4.519664 1.286654 -2.907031
vn 0.998617 0.052314 0.005317
f 2057/1/515 2058/2/515 2059/3/515 2060/4/515
v 4.519664 1.286654 -2.907031
v 4.528903 1.112205 -2.924755
v 4.514202 1.112337 -2.933290
v 4.504962 1.286743 -2.915565
vn 0.499309 0.113714 -0.858930
f 2061/1/516 2062/2/516 2063/3/516 2064/4/516
v 4.504962 1.286743 -2.915565
v 4.514202 1.112337 -2.933290
v 4.499501 1.110634 -2.924925
v 4.490260 1.285113 -2.907187
vn -0.499307 0.061381 -0.864248
f 2065/1/517 2066/2/517 2067/3/517 2068/4/517
v 4.490260 1.285113 -2.907187
v 4.499501 1.110634 -2.924925
v 4.499501 1.108797 -2.908025
v 4.490260 1.283394 -2.890274
vn -0.998615 -0.052349 -0.005320
f 2069/1/518 2070/2/518 2071/3/518 2072/4/518
v 4.490260 1.283394 -2.890274
v 4.499501 1.108797 -2.908025
v 4.514202 1.108665 -2.899489
v 4.504962 1.283305 -2.881740
vn -0.499307 -0.113752 0.858926
f 2073/1/519 2074/2/519 2075/3/519 2076/4/519
v 4.514202 1.108665 -2.899489
v 4.547098 0.798489 -2.945918
v 4.541060 0.812451 -2.953506
v 4.528903 1.110368 -2.907854
vn 0.499759 -0.076146 0.862811
f 2077/1/520 2078/2/520 2079/3/520 2080/4/520
v 4.528903 1.110368 -2.907854
v 4.541060 0.812451 -2.953506
v 4.525378 0.812451 -2.960070
v 4.528903 1.112205 -2.924755
vn 0.999186 0.040105 0.004357
f 2081/1/521 2082/2/521 2083/3/521 2084/4/521
v 4.528903 1.112205 -2.924755
v 4.525378 0.812451 -2.960070
v 4.515735 0.798489 -2.959045
v 4.514202 1.112337 -2.933290
vn 0.500460 0.095492 -0.860477
f 2085/1/522 2086/2/522 2087/3/522 2088/4/522
v 4.514202 1.112337 -2.933290
v 4.515735 0.798489 -2.959045
v 4.521773 0.784526 -2.951457
v 4.499501 1.110634 -2.924925
vn -0.499364 0.068437 -0.863685
f 2089/1/523 2090/2/523 2091/3/523 2092/4/523
v 4.499501 1.110634 -2.924925
v 4.521773 0.784526 -2.951457
v 4.537455 0.784526 -2.944893
v 4.499501 1.108797 -2.908025
vn -0.997689 -0.067542 -0.007338
f 2093/1/524 2094/2/524 2095/3/524 2096/4/524
v 4.499501 1.108797 -2.908025
v 4.537455 0.784526 -2.944893
v 4.547098 0.798489 -2.945918
v 4.514202 1.108665 -2.899489
vn -0.497070 -0.155241 0.853711
f 2097/1/525 2098/2/525 2099/3/525 2100/4/525
v 4.547098 0.798489 -2.945918
v 4.573913 0.870250 -3.011667
v 4.561909 0.878644 -3.003039
v 4.541060 0.812451 -2.953506
vn 0.347877 0.559368 0.752389
f 2101/1/526 2102/2/526 2103/3/526 2104/4/526
v 4.541060 0.812451 -2.953506
v 4.561909 0.878644 -3.003039
v 4.545854 0.878644 -3.008629
v 4.525378 0.812451 -2.960070
vn -0.299756 0.630311 0.716139
f 2105/1/527 2106/2/527 2107/3/527 2108/4/527
v 4.525378 0.812451 -2.960070
v 4.545854 0.878644 -3.008629
v 4.541803 0.870250 -3.022846
v 4.515735 0.798489 -2.959045
vn -0.731073 0.535924 0.422276
f 2109/1/528 2110/2/528 2111/3/528 2112/4/528
v 4.515735 0.798489 -2.959045
v 4.541803 0.870250 -3.022846
v 4.553808 0.861856 -3.031474
v 4.521773 0.784526 -2.951457
vn -0.330809 -0.557067 -0.761736
f 2113/1/529 2114/2/529 2115/3/529 2116/4/529
v 4.521773 0.784526 -2.951457
v 4.553808 0.861856 -3.031474
v 4.569862 0.861856 -3.025885
v 4.537455 0.784526 -2.944893
vn 0.257866 -0.744295 -0.616061
f 2117/1/530 2118/2/530 2119/3/530 2120/4/530
v 4.537455 0.784526 -2.944893
v 4.569862 0.861856 -3.025885
v 4.573913 0.870250 -3.011667
v 4.547098 0.798489 -2.945918
vn 0.794684 -0.565130 -0.221597
f 2121/1/531 2122/2/531 2123/3/531 2124/4/531
v 4.573913 0.870250 -3.011667
v 4.595471 1.059750 -3.111450
v 4.592674 1.068623 -3.097221
v 4.561909 0.878644 -3.003039
vn 0.681368 0.278834 0.676749
f 2125/1/532 2126/2/532 2127/3/532 2128/4/532
v 4.561909 0.878644 -3.003039
v 4.592674 1.068623 -3.097221
v 4.577238 1.068623 -3.090100
v 4.545854 0.878644 -3.008629
vn -0.291549 0.462353 0.837394
f 2129/1/533 2130/2/533 2131/3/533 2132/4/533
v 4.545854 0.878644 -3.008629
v 4.577238 1.068623 -3.090100
v 4.564598 1.059750 -3.097207
v 4.541803 0.870250 -3.022846
vn -0.964514 0.221176 0.144203
f 2133/1/534 2134/2/534 2135/3/534 2136/4/534
v 4.541803 0.870250 -3.022846
v 4.564598 1.059750 -3.097207
v 4.567395 1.050877 -3.111436
v 4.553808 0.861856 -3.031474
vn -0.661314 -0.203733 -0.721911
f 2137/1/535 2138/2/535 2139/3/535 2140/4/535
v 4.553808 0.861856 -3.031474
v 4.567395 1.050877 -3.111436
v 4.582831 1.050877 -3.118557
v 4.569862 0.861856 -3.025885
vn 0.302810 -0.389692 -0.869739
f 2141/1/536 2142/2/536 2143/3/536 2144/4/536
v 4.569862 0.861856 -3.025885
v 4.582831 1.050877 -3.118557
v 4.595471 1.059750 -3.111450
v 4.573913 0.870250 -3.011667
vn 0.970365 -0.156744 -0.183910
f 2145/1/537 2146/2/537 2147/3/537 2148/4/537
v 4.595471 1.059750 -3.111450
v 4.512250 1.139250 -3.199288
v 4.511915 1.151375 -3.187376
v 4.592674 1.068623 -3.097221
vn 0.782534 0.585631 -0.211369
f 2149/1/538 2150/2/538 2151/3/538 2152/4/538
v 4.592674 1.068623 -3.097221
v 4.511915 1.151375 -3.187376
v 4.499666 1.151375 -3.175589
v 4.577238 1.068623 -3.090100
vn 0.243706 0.813355 0.528262
f 2153/1/539 2154/2/539 2155/3/539 2156/4/539
v 4.577238 1.068623 -3.090100
v 4.499666 1.151375 -3.175589
v 4.487750 1.139250 -3.175712
v 4.564598 1.059750 -3.097207
vn -0.596241 0.234321 0.767848
f 2157/1/540 2158/2/540 2159/3/540 2160/4/540
v 4.564598 1.059750 -3.097207
v 4.487750 1.139250 -3.175712
v 4.488085 1.127125 -3.187624
v 4.567395 1.050877 -3.111436
vn -0.795740 -0.571644 0.200052
f 2161/1/541 2162/2/541 2163/3/541 2164/4/541
v 4.567395 1.050877 -3.111436
v 4.488085 1.127125 -3.187624
v 4.500334 1.127125 -3.199411
v 4.582831 1.050877 -3.118557
vn -0.250176 -0.802083 -0.542287
f 2165/1/542 2166/2/542 2167/3/542 2168/4/542
v 4.582831 1.050877 -3.118557
v 4.500334 1.127125 -3.199411
v 4.512250 1.139250 -3.199288
v 4.595471 1.059750 -3.111450
vn 0.583918 -0.202002 -0.786279
f 2169/1/543 2170/2/543 2171/3/543 2172/4/543
v 4.512250 1.139250 -3.199288
v 4.487750 1.139250 -3.175712
v 4.499666 1.151375 -3.175589
v 4.511915 1.151375 -3.187376
vn -0.571046 0.567232 -0.593426
f 2173/1/544 2174/2/544 2175/3/544 2176/4/544
v 4.512250 1.139250 -3.199288
v 4.500334 1.127125 -3.199411
v 4.488085 1.127125 -3.187624
v 4.487750 1.139250 -3.175712
vn -0.571046 0.567232 -0.593426
f 2177/1/545 2178/2/545 2179/3/545 2180/4/545
