# Generated by scripts/gen_pole_light_mounts.py
mtllib pole_light_mount.mtl
o pole_light_mount_7_right
vt 0 0
vt 1 0
vt 1 1
vt 0 1
usemtl clamp
v 0.312500 0.062500 1.000000
v 0.687500 0.062500 1.000000
v 0.687500 0.937500 1.000000
v 0.312500 0.937500 1.000000
vn 0.000000 0.000000 1.000000
f 1/1/1 2/2/1 3/3/1 4/4/1
v 0.687500 0.062500 0.900000
v 0.312500 0.062500 0.900000
v 0.312500 0.937500 0.900000
v 0.687500 0.937500 0.900000
vn 0.000000 0.000000 -1.000000
f 5/1/2 6/2/2 7/3/2 8/4/2
v 0.687500 0.062500 1.000000
v 0.687500 0.062500 0.900000
v 0.687500 0.937500 0.900000
v 0.687500 0.937500 1.000000
vn 1.000000 -0.000000 0.000000
f 9/1/3 10/2/3 11/3/3 12/4/3
v 0.312500 0.062500 0.900000
v 0.312500 0.062500 1.000000
v 0.312500 0.937500 1.000000
v 0.312500 0.937500 0.900000
vn -1.000000 0.000000 0.000000
f 13/1/4 14/2/4 15/3/4 16/4/4
v 0.312500 0.937500 1.000000
v 0.687500 0.937500 1.000000
v 0.687500 0.937500 0.900000
v 0.312500 0.937500 0.900000
vn -0.000000 1.000000 0.000000
f 17/1/5 18/2/5 19/3/5 20/4/5
v 0.312500 0.062500 0.900000
v 0.687500 0.062500 0.900000
v 0.687500 0.062500 1.000000
v 0.312500 0.062500 1.000000
vn 0.000000 -1.000000 0.000000
f 21/1/6 22/2/6 23/3/6 24/4/6
v 0.406250 0.110625 0.900000
v 0.593750 0.110625 0.900000
v 0.593750 0.329375 0.900000
v 0.406250 0.329375 0.900000
vn 0.000000 0.000000 1.000000
f 25/1/7 26/2/7 27/3/7 28/4/7
v 0.593750 0.110625 0.800000
v 0.406250 0.110625 0.800000
v 0.406250 0.329375 0.800000
v 0.593750 0.329375 0.800000
vn 0.000000 0.000000 -1.000000
f 29/1/8 30/2/8 31/3/8 32/4/8
v 0.593750 0.110625 0.900000
v 0.593750 0.110625 0.800000
v 0.593750 0.329375 0.800000
v 0.593750 0.329375 0.900000
vn 1.000000 -0.000000 0.000000
f 33/1/9 34/2/9 35/3/9 36/4/9
v 0.406250 0.110625 0.800000
v 0.406250 0.110625 0.900000
v 0.406250 0.329375 0.900000
v 0.406250 0.329375 0.800000
vn -1.000000 0.000000 0.000000
f 37/1/10 38/2/10 39/3/10 40/4/10
v 0.406250 0.329375 0.900000
v 0.593750 0.329375 0.900000
v 0.593750 0.329375 0.800000
v 0.406250 0.329375 0.800000
vn -0.000000 1.000000 0.000000
f 41/1/11 42/2/11 43/3/11 44/4/11
v 0.406250 0.110625 0.800000
v 0.593750 0.110625 0.800000
v 0.593750 0.110625 0.900000
v 0.406250 0.110625 0.900000
vn 0.000000 -1.000000 0.000000
f 45/1/12 46/2/12 47/3/12 48/4/12
v 0.468750 0.125000 0.900000
v 0.531250 0.125000 0.900000
v 0.531250 0.187500 0.900000
v 0.468750 0.187500 0.900000
vn 0.000000 0.000000 1.000000
f 49/1/13 50/2/13 51/3/13 52/4/13
v 0.531250 0.125000 0.880000
v 0.468750 0.125000 0.880000
v 0.468750 0.187500 0.880000
v 0.531250 0.187500 0.880000
vn 0.000000 0.000000 -1.000000
f 53/1/14 54/2/14 55/3/14 56/4/14
v 0.531250 0.125000 0.900000
v 0.531250 0.125000 0.880000
v 0.531250 0.187500 0.880000
v 0.531250 0.187500 0.900000
vn 1.000000 -0.000000 0.000000
f 57/1/15 58/2/15 59/3/15 60/4/15
v 0.468750 0.125000 0.880000
v 0.468750 0.125000 0.900000
v 0.468750 0.187500 0.900000
v 0.468750 0.187500 0.880000
vn -1.000000 0.000000 0.000000
f 61/1/16 62/2/16 63/3/16 64/4/16
v 0.468750 0.187500 0.900000
v 0.531250 0.187500 0.900000
v 0.531250 0.187500 0.880000
v 0.468750 0.187500 0.880000
vn -0.000000 1.000000 0.000000
f 65/1/17 66/2/17 67/3/17 68/4/17
v 0.468750 0.125000 0.880000
v 0.531250 0.125000 0.880000
v 0.531250 0.125000 0.900000
v 0.468750 0.125000 0.900000
vn 0.000000 -1.000000 0.000000
f 69/1/18 70/2/18 71/3/18 72/4/18
v 0.468750 0.812500 0.900000
v 0.531250 0.812500 0.900000
v 0.531250 0.875000 0.900000
v 0.468750 0.875000 0.900000
vn 0.000000 0.000000 1.000000
f 73/1/19 74/2/19 75/3/19 76/4/19
v 0.531250 0.812500 0.880000
v 0.468750 0.812500 0.880000
v 0.468750 0.875000 0.880000
v 0.531250 0.875000 0.880000
vn 0.000000 0.000000 -1.000000
f 77/1/20 78/2/20 79/3/20 80/4/20
v 0.531250 0.812500 0.900000
v 0.531250 0.812500 0.880000
v 0.531250 0.875000 0.880000
v 0.531250 0.875000 0.900000
vn 1.000000 -0.000000 0.000000
f 81/1/21 82/2/21 83/3/21 84/4/21
v 0.468750 0.812500 0.880000
v 0.468750 0.812500 0.900000
v 0.468750 0.875000 0.900000
v 0.468750 0.875000 0.880000
vn -1.000000 0.000000 0.000000
f 85/1/22 86/2/22 87/3/22 88/4/22
v 0.468750 0.875000 0.900000
v 0.531250 0.875000 0.900000
v 0.531250 0.875000 0.880000
v 0.468750 0.875000 0.880000
vn -0.000000 1.000000 0.000000
f 89/1/23 90/2/23 91/3/23 92/4/23
v 0.468750 0.812500 0.880000
v 0.531250 0.812500 0.880000
v 0.531250 0.812500 0.900000
v 0.468750 0.812500 0.900000
vn 0.000000 -1.000000 0.000000
f 93/1/24 94/2/24 95/3/24 96/4/24
usemtl metal
v 0.545000 0.220000 0.860000
v 0.541153 0.220000 0.818206
v 0.533924 0.242097 0.819644
v 0.538971 0.242500 0.860000
vn 0.962130 0.257802 -0.088565
f 97/1/25 98/2/25 99/3/25 100/4/25
v 0.538971 0.242500 0.860000
v 0.533924 0.242097 0.819644
v 0.517605 0.258273 0.815818
v 0.522500 0.258971 0.860000
vn 0.703905 0.703905 -0.095062
f 101/1/26 102/2/26 103/3/26 104/4/26
v 0.522500 0.258971 0.860000
v 0.517605 0.258273 0.815818
v 0.496569 0.264194 0.807754
v 0.500000 0.265000 0.860000
vn 0.258570 0.964995 -0.043892
f 105/1/27 106/2/27 107/3/27 108/4/27
v 0.500000 0.265000 0.860000
v 0.496569 0.264194 0.807754
v 0.476453 0.258273 0.797613
v 0.477500 0.258971 0.860000
vn -0.258818 0.965924 0.002091
f 109/1/28 110/2/28 111/3/28 112/4/28
v 0.477500 0.258971 0.860000
v 0.476453 0.258273 0.797613
v 0.462645 0.242097 0.788111
v 0.461029 0.242500 0.860000
vn -0.707101 0.707101 0.003958
f 113/1/29 114/2/29 115/3/29 116/4/29
v 0.461029 0.242500 0.860000
v 0.462645 0.242097 0.788111
v 0.458847 0.220000 0.781794
v 0.455000 0.220000 0.860000
vn -0.965667 0.258750 -0.023165
f 117/1/30 118/2/30 119/3/30 120/4/30
v 0.455000 0.220000 0.860000
v 0.458847 0.220000 0.781794
v 0.466076 0.197903 0.780356
v 0.461029 0.197500 0.860000
vn -0.964837 -0.258527 -0.047464
f 121/1/31 122/2/31 123/3/31 124/4/31
v 0.461029 0.197500 0.860000
v 0.466076 0.197903 0.780356
v 0.482395 0.181727 0.784182
v 0.477500 0.181029 0.860000
vn -0.706280 -0.706280 -0.048331
f 125/1/32 126/2/32 127/3/32 128/4/32
v 0.477500 0.181029 0.860000
v 0.482395 0.181727 0.784182
v 0.503431 0.175806 0.792246
v 0.500000 0.175000 0.860000
vn -0.258734 -0.965609 -0.025594
f 129/1/33 130/2/33 131/3/33 132/4/33
v 0.500000 0.175000 0.860000
v 0.503431 0.175806 0.792246
v 0.523547 0.181727 0.802387
v 0.522500 0.181029 0.860000
vn 0.258819 -0.965925 0.001612
f 133/1/34 134/2/34 135/3/34 136/4/34
v 0.522500 0.181029 0.860000
v 0.523547 0.181727 0.802387
v 0.537355 0.197903 0.811889
v 0.538971 0.197500 0.860000
vn 0.707100 -0.707100 0.004286
f 137/1/35 138/2/35 139/3/35 140/4/35
v 0.538971 0.197500 0.860000
v 0.537355 0.197903 0.811889
v 0.541153 0.220000 0.818206
v 0.545000 0.220000 0.860000
vn 0.965347 -0.258664 -0.034603
f 141/1/36 142/2/36 143/3/36 144/4/36
v 0.541153 0.220000 0.818206
v 0.567250 0.237985 0.801545
v 0.557422 0.259098 0.802041
v 0.533924 0.242097 0.819644
vn 0.484450 0.101933 0.868860
f 145/1/37 146/2/37 147/3/37 148/4/37
v 0.533924 0.242097 0.819644
v 0.557422 0.259098 0.802041
v 0.542368 0.274553 0.793260
v 0.517605 0.258273 0.815818
vn 0.278389 0.477871 0.833150
f 149/1/38 150/2/38 151/3/38 152/4/38
v 0.517605 0.258273 0.815818
v 0.542368 0.274553 0.793260
v 0.526124 0.280210 0.777553
v 0.496569 0.264194 0.807754
vn 0.002743 0.809454 0.587176
f 153/1/39 154/2/39 155/3/39 156/4/39
v 0.496569 0.264194 0.807754
v 0.526124 0.280210 0.777553
v 0.513041 0.274553 0.759129
v 0.476453 0.258273 0.797613
vn -0.348054 0.925373 0.150146
f 157/1/40 158/2/40 159/3/40 160/4/40
v 0.476453 0.258273 0.797613
v 0.513041 0.274553 0.759129
v 0.506625 0.259098 0.742925
v 0.462645 0.242097 0.788111
vn -0.632178 0.714988 -0.298569
f 161/1/41 162/2/41 163/3/41 164/4/41
v 0.462645 0.242097 0.788111
v 0.506625 0.259098 0.742925
v 0.508595 0.237985 0.733283
v 0.458847 0.220000 0.781794
vn -0.737564 0.299744 -0.605105
f 165/1/42 166/2/42 167/3/42 168/4/42
v 0.458847 0.220000 0.781794
v 0.508595 0.237985 0.733283
v 0.518424 0.216872 0.732786
v 0.466076 0.197903 0.780356
vn -0.656741 -0.166982 -0.735397
f 169/1/43 170/2/43 171/3/43 172/4/43
v 0.466076 0.197903 0.780356
v 0.518424 0.216872 0.732786
v 0.533478 0.201417 0.741568
v 0.482395 0.181727 0.784182
vn -0.418257 -0.586057 -0.693973
f 173/1/44 174/2/44 175/3/44 176/4/44
v 0.482395 0.181727 0.784182
v 0.533478 0.201417 0.741568
v 0.549722 0.195760 0.757275
v 0.503431 0.175806 0.792246
vn -0.062576 -0.875329 -0.479462
f 177/1/45 178/2/45 179/3/45 180/4/45
v 0.503431 0.175806 0.792246
v 0.549722 0.195760 0.757275
v 0.562805 0.201417 0.775699
v 0.523547 0.181727 0.802387
vn 0.327829 -0.939221 -0.101942
f 181/1/46 182/2/46 183/3/46 184/4/46
v 0.523547 0.181727 0.802387
v 0.562805 0.201417 0.775699
v 0.569221 0.216872 0.791902
v 0.537355 0.197903 0.811889
vn 0.599717 -0.718649 0.351971
f 185/1/47 186/2/47 187/3/47 188/4/47
v 0.537355 0.197903 0.811889
v 0.569221 0.216872 0.791902
v 0.567250 0.237985 0.801545
v 0.541153 0.220000 0.818206
vn 0.631048 -0.311544 0.710436
f 189/1/48 190/2/48 191/3/48 192/4/48
v 0.567250 0.237985 0.801545
v 0.605173 0.256846 0.768958
v 0.595192 0.277883 0.769586
v 0.557422 0.259098 0.802041
vn 0.560229 0.242170 0.792147
f 193/1/49 194/2/49 195/3/49 196/4/49
v 0.557422 0.259098 0.802041
v 0.595192 0.277883 0.769586
v 0.580027 0.293284 0.760900
v 0.542368 0.274553 0.793260
vn 0.271537 0.661609 0.698957
f 197/1/50 198/2/50 199/3/50 200/4/50
v 0.542368 0.274553 0.793260
v 0.580027 0.293284 0.760900
v 0.563742 0.298921 0.745228
v 0.526124 0.280210 0.777553
vn -0.089908 0.903760 0.418490
f 201/1/51 202/2/51 203/3/51 204/4/51
v 0.526124 0.280210 0.777553
v 0.563742 0.298921 0.745228
v 0.550700 0.293284 0.726769
v 0.513041 0.274553 0.759129
vn -0.427257 0.903759 0.025896
f 205/1/52 206/2/52 207/3/52 208/4/52
v 0.513041 0.274553 0.759129
v 0.550700 0.293284 0.726769
v 0.544396 0.277883 0.710470
v 0.506625 0.259098 0.742925
vn -0.650127 0.661607 -0.373645
f 209/1/53 210/2/53 211/3/53 212/4/53
v 0.506625 0.259098 0.742925
v 0.544396 0.277883 0.710470
v 0.546518 0.256846 0.700697
v 0.508595 0.237985 0.733283
vn -0.698801 0.242169 -0.673076
f 213/1/54 214/2/54 215/3/54 216/4/54
v 0.508595 0.237985 0.733283
v 0.546518 0.256846 0.700697
v 0.556499 0.235808 0.700070
v 0.518424 0.216872 0.732786
vn -0.560229 -0.242170 -0.792147
f 217/1/55 218/2/55 219/3/55 220/4/55
v 0.518424 0.216872 0.732786
v 0.556499 0.235808 0.700070
v 0.571664 0.220407 0.708756
v 0.533478 0.201417 0.741568
vn -0.271549 -0.661615 -0.698947
f 221/1/56 222/2/56 223/3/56 224/4/56
v 0.533478 0.201417 0.741568
v 0.571664 0.220407 0.708756
v 0.587949 0.214770 0.724427
v 0.549722 0.195760 0.757275
vn 0.089880 -0.903774 -0.418466
f 225/1/57 226/2/57 227/3/57 228/4/57
v 0.549722 0.195760 0.757275
v 0.587949 0.214770 0.724427
v 0.600992 0.220407 0.742886
v 0.562805 0.201417 0.775699
vn 0.427225 -0.903775 -0.025868
f 229/1/58 230/2/58 231/3/58 232/4/58
v 0.562805 0.201417 0.775699
v 0.600992 0.220407 0.742886
v 0.607296 0.235808 0.759186
v 0.569221 0.216872 0.791902
vn 0.650107 -0.661617 0.373663
f 233/1/59 234/2/59 235/3/59 236/4/59
v 0.569221 0.216872 0.791902
v 0.607296 0.235808 0.759186
v 0.605173 0.256846 0.768958
v 0.567250 0.237985 0.801545
vn 0.698796 -0.242171 0.673080
f 237/1/60 238/2/60 239/3/60 240/4/60
v 0.605173 0.256846 0.768958
v 0.643096 0.275913 0.736372
v 0.633151 0.296968 0.736969
v 0.595192 0.277883 0.769586
vn 0.559569 0.241832 0.792717
f 241/1/61 242/2/61 243/3/61 244/4/61
v 0.595192 0.277883 0.769586
v 0.633151 0.296968 0.736969
v 0.618012 0.312382 0.728261
v 0.580027 0.293284 0.760900
vn 0.269741 0.660697 0.700513
f 245/1/62 246/2/62 247/3/62 248/4/62
v 0.580027 0.293284 0.760900
v 0.618012 0.312382 0.728261
v 0.601737 0.318024 0.712581
v 0.563742 0.298921 0.745228
vn -0.092361 0.902529 0.420607
f 249/1/63 250/2/63 251/3/63 252/4/63
v 0.563742 0.298921 0.745228
v 0.601737 0.318024 0.712581
v 0.588685 0.312382 0.694130
v 0.550700 0.293284 0.726769
vn -0.429716 0.902530 0.028000
f 253/1/64 254/2/64 255/3/64 256/4/64
v 0.550700 0.293284 0.726769
v 0.588685 0.312382 0.694130
v 0.582354 0.296968 0.677853
v 0.544396 0.277883 0.710470
vn -0.651931 0.660698 -0.372109
f 257/1/65 258/2/65 259/3/65 260/4/65
v 0.544396 0.277883 0.710470
v 0.582354 0.296968 0.677853
v 0.584441 0.275913 0.668111
v 0.546518 0.256846 0.700697
vn -0.699461 0.241832 -0.672512
f 261/1/66 262/2/66 263/3/66 264/4/66
v 0.546518 0.256846 0.700697
v 0.584441 0.275913 0.668111
v 0.594386 0.254857 0.667514
v 0.556499 0.235808 0.700070
vn -0.559569 -0.241832 -0.792717
f 265/1/67 266/2/67 267/3/67 268/4/67
v 0.556499 0.235808 0.700070
v 0.594386 0.254857 0.667514
v 0.609525 0.239444 0.676223
v 0.571664 0.220407 0.708756
vn -0.269739 -0.660696 -0.700515
f 269/1/68 270/2/68 271/3/68 272/4/68
v 0.571664 0.220407 0.708756
v 0.609525 0.239444 0.676223
v 0.625801 0.233802 0.691903
v 0.587949 0.214770 0.724427
vn 0.092368 -0.902526 -0.420612
f 273/1/69 274/2/69 275/3/69 276/4/69
v 0.587949 0.214770 0.724427
v 0.625801 0.233802 0.691903
v 0.638853 0.239444 0.710353
v 0.600992 0.220407 0.742886
vn 0.429724 -0.902526 -0.028007
f 277/1/70 278/2/70 279/3/70 280/4/70
v 0.600992 0.220407 0.742886
v 0.638853 0.239444 0.710353
v 0.645183 0.254857 0.726630
v 0.607296 0.235808 0.759186
vn 0.651935 -0.660695 0.372104
f 281/1/71 282/2/71 283/3/71 284/4/71
v 0.607296 0.235808 0.759186
v 0.645183 0.254857 0.726630
v 0.643096 0.275913 0.736372
v 0.605173 0.256846 0.768958
vn 0.699462 -0.241832 0.672511
f 285/1/72 286/2/72 287/3/72 288/4/72
v 0.643096 0.275913 0.736372
v 0.681019 0.294518 0.703786
v 0.671299 0.315683 0.704190
v 0.633151 0.296968 0.736969
vn 0.561056 0.242572 0.791439
f 289/1/73 290/2/73 291/3/73 292/4/73
v 0.633151 0.296968 0.736969
v 0.671299 0.315683 0.704190
v 0.656325 0.331176 0.695340
v 0.618012 0.312382 0.728261
vn 0.273811 0.662722 0.697013
f 293/1/74 294/2/74 295/3/74 296/4/74
v 0.618012 0.312382 0.728261
v 0.656325 0.331176 0.695340
v 0.640110 0.336848 0.679608
v 0.601737 0.318024 0.712581
vn -0.086793 0.905296 0.415820
f 297/1/75 298/2/75 299/3/75 300/4/75
v 0.601737 0.318024 0.712581
v 0.640110 0.336848 0.679608
v 0.626998 0.331176 0.661209
v 0.588685 0.312382 0.694130
vn -0.424144 0.905297 0.023214
f 301/1/76 302/2/76 303/3/76 304/4/76
v 0.588685 0.312382 0.694130
v 0.626998 0.331176 0.661209
v 0.620502 0.315683 0.645074
v 0.582354 0.296968 0.677853
vn -0.647853 0.662725 -0.375609
f 305/1/77 306/2/77 307/3/77 308/4/77
v 0.582354 0.296968 0.677853
v 0.620502 0.315683 0.645074
v 0.622364 0.294518 0.635525
v 0.584441 0.275913 0.668111
vn -0.697971 0.242574 -0.673792
f 309/1/78 310/2/78 311/3/78 312/4/78
v 0.584441 0.275913 0.668111
v 0.622364 0.294518 0.635525
v 0.632084 0.273353 0.635122
v 0.594386 0.254857 0.667514
vn -0.561056 -0.242572 -0.791439
f 313/1/79 314/2/79 315/3/79 316/4/79
v 0.594386 0.254857 0.667514
v 0.632084 0.273353 0.635122
v 0.647058 0.257859 0.643972
v 0.609525 0.239444 0.676223
vn -0.273793 -0.662713 -0.697029
f 317/1/80 318/2/80 319/3/80 320/4/80
v 0.609525 0.239444 0.676223
v 0.647058 0.257859 0.643972
v 0.663273 0.252188 0.659704
v 0.625801 0.233802 0.691903
vn 0.086835 -0.905275 -0.415856
f 321/1/81 322/2/81 323/3/81 324/4/81
v 0.625801 0.233802 0.691903
v 0.663273 0.252188 0.659704
v 0.676386 0.257859 0.678102
v 0.638853 0.239444 0.710353
vn 0.424192 -0.905273 -0.023255
f 325/1/82 326/2/82 327/3/82 328/4/82
v 0.638853 0.239444 0.710353
v 0.676386 0.257859 0.678102
v 0.682881 0.273353 0.694238
v 0.645183 0.254857 0.726630
vn 0.647884 -0.662710 0.375583
f 329/1/83 330/2/83 331/3/83 332/4/83
v 0.645183 0.254857 0.726630
v 0.682881 0.273353 0.694238
v 0.681019 0.294518 0.703786
v 0.643096 0.275913 0.736372
vn 0.697977 -0.242571 0.673786
f 333/1/84 334/2/84 335/3/84 336/4/84
v 0.681019 0.294518 0.703786
v 0.718942 0.311991 0.671200
v 0.709645 0.333349 0.671240
v 0.671299 0.315683 0.704190
vn 0.564748 0.244340 0.788262
f 337/1/85 338/2/85 339/3/85 340/4/85
v 0.671299 0.315683 0.704190
v 0.709645 0.333349 0.671240
v 0.694981 0.348984 0.662124
v 0.656325 0.331176 0.695340
vn 0.283906 0.667543 0.688319
f 341/1/86 342/2/86 343/3/86 344/4/86
v 0.656325 0.331176 0.695340
v 0.694981 0.348984 0.662124
v 0.678879 0.354707 0.646295
v 0.640110 0.336848 0.679608
vn -0.072984 0.911869 0.403941
f 345/1/87 346/2/87 347/3/87 348/4/87
v 0.640110 0.336848 0.679608
v 0.678879 0.354707 0.646295
v 0.665653 0.348984 0.627993
v 0.626998 0.331176 0.661209
vn -0.410318 0.911872 0.011347
f 349/1/88 350/2/88 351/3/88 352/4/88
v 0.626998 0.331176 0.661209
v 0.665653 0.348984 0.627993
v 0.658848 0.333349 0.612124
v 0.620502 0.315683 0.645074
vn -0.637732 0.667549 -0.384286
f 353/1/89 354/2/89 355/3/89 356/4/89
v 0.620502 0.315683 0.645074
v 0.658848 0.333349 0.612124
v 0.660287 0.311991 0.602939
v 0.622364 0.294518 0.635525
vn -0.694271 0.244343 -0.676967
f 357/1/90 358/2/90 359/3/90 360/4/90
v 0.622364 0.294518 0.635525
v 0.660287 0.311991 0.602939
v 0.669584 0.290633 0.602899
v 0.632084 0.273353 0.635122
vn -0.564748 -0.244340 -0.788262
f 361/1/91 362/2/91 363/3/91 364/4/91
v 0.632084 0.273353 0.635122
v 0.669584 0.290633 0.602899
v 0.684248 0.274998 0.612015
v 0.647058 0.257859 0.643972
vn -0.283871 -0.667527 -0.688349
f 365/1/92 366/2/92 367/3/92 368/4/92
v 0.647058 0.257859 0.643972
v 0.684248 0.274998 0.612015
v 0.700350 0.269275 0.627845
v 0.663273 0.252188 0.659704
vn 0.073067 -0.911831 -0.404012
f 369/1/93 370/2/93 371/3/93 372/4/93
v 0.663273 0.252188 0.659704
v 0.700350 0.269275 0.627845
v 0.713576 0.274998 0.646146
v 0.676386 0.257859 0.678102
vn 0.410414 -0.911828 -0.011429
f 373/1/94 374/2/94 375/3/94 376/4/94
v 0.676386 0.257859 0.678102
v 0.713576 0.274998 0.646146
v 0.720381 0.290633 0.662015
v 0.682881 0.273353 0.694238
vn 0.637793 -0.667521 0.384234
f 377/1/95 378/2/95 379/3/95 380/4/95
v 0.682881 0.273353 0.694238
v 0.720381 0.290633 0.662015
v 0.718942 0.311991 0.671200
v 0.681019 0.294518 0.703786
vn 0.694284 -0.244337 0.676956
f 381/1/96 382/2/96 383/3/96 384/4/96
v 0.718942 0.311991 0.671200
v 0.756883 0.327664 0.638599
v 0.748220 0.349282 0.638098
v 0.709645 0.333349 0.671240
vn 0.570810 0.247011 0.783046
f 385/1/97 386/2/97 387/3/97 388/4/97
v 0.709645 0.333349 0.671240
v 0.748220 0.349282 0.638098
v 0.734016 0.365107 0.628590
v 0.694981 0.348984 0.662124
vn 0.300433 0.674801 0.674079
f 389/1/98 390/2/98 391/3/98 392/4/98
v 0.694981 0.348984 0.662124
v 0.734016 0.365107 0.628590
v 0.718075 0.370899 0.612623
v 0.678879 0.354707 0.646295
vn -0.050389 0.921749 0.384499
f 393/1/99 394/2/99 395/3/99 396/4/99
v 0.678879 0.354707 0.646295
v 0.718075 0.370899 0.612623
v 0.704670 0.365107 0.594475
v 0.665653 0.348984 0.627993
vn -0.387697 0.921752 -0.008064
f 397/1/100 398/2/100 399/3/100 400/4/100
v 0.665653 0.348984 0.627993
v 0.704670 0.365107 0.594475
v 0.697393 0.349282 0.579008
v 0.658848 0.333349 0.612124
vn -0.621167 0.674807 -0.398481
f 401/1/101 402/2/101 403/3/101 404/4/101
v 0.658848 0.333349 0.612124
v 0.697393 0.349282 0.579008
v 0.698192 0.327664 0.570368
v 0.660287 0.311991 0.602939
vn -0.688202 0.247014 -0.682175
f 405/1/102 406/2/102 407/3/102 408/4/102
v 0.660287 0.311991 0.602939
v 0.698192 0.327664 0.570368
v 0.706855 0.306047 0.570869
v 0.669584 0.290633 0.602899
vn -0.570760 -0.246989 -0.783089
f 409/1/103 410/2/103 411/3/103 412/4/103
v 0.669584 0.290633 0.602899
v 0.706855 0.306047 0.570869
v 0.721059 0.290222 0.580377
v 0.684248 0.274998 0.612015
vn -0.300323 -0.674754 -0.674175
f 413/1/104 414/2/104 415/3/104 416/4/104
v 0.684248 0.274998 0.612015
v 0.721059 0.290222 0.580377
v 0.737000 0.284430 0.596344
v 0.700350 0.269275 0.627845
vn 0.050573 -0.921672 -0.384659
f 417/1/105 418/2/105 419/3/105 420/4/105
v 0.700350 0.269275 0.627845
v 0.737000 0.284430 0.596344
v 0.750405 0.290222 0.614492
v 0.713576 0.274998 0.646146
vn 0.387896 -0.921669 0.007894
f 421/1/106 422/2/106 423/3/106 424/4/106
v 0.713576 0.274998 0.646146
v 0.750405 0.290222 0.614492
v 0.757682 0.306047 0.629959
v 0.720381 0.290633 0.662015
vn 0.621306 -0.674748 0.398364
f 425/1/107 426/2/107 427/3/107 428/4/107
v 0.720381 0.290633 0.662015
v 0.757682 0.306047 0.629959
v 0.756883 0.327664 0.638599
v 0.718942 0.311991 0.671200
vn 0.688266 -0.246986 0.682120
f 429/1/108 430/2/108 431/3/108 432/4/108
v 0.756883 0.327664 0.638599
v 0.794808 0.340876 0.605942
v 0.786723 0.362699 0.604952
v 0.748220 0.349282 0.638098
vn 0.580140 0.250441 0.775059
f 433/1/109 434/2/109 435/3/109 436/4/109
v 0.748220 0.349282 0.638098
v 0.786723 0.362699 0.604952
v 0.772932 0.378675 0.595094
v 0.734016 0.365107 0.628590
vn 0.324349 0.683827 0.653589
f 437/1/110 438/2/110 439/3/110 440/4/110
v 0.734016 0.365107 0.628590
v 0.772932 0.378675 0.595094
v 0.757130 0.384523 0.579010
v 0.718075 0.370899 0.612623
vn -0.018294 0.933906 0.357051
f 441/1/111 442/2/111 443/3/111 444/4/111
v 0.718075 0.370899 0.612623
v 0.757130 0.384523 0.579010
v 0.743551 0.378675 0.561010
v 0.704670 0.365107 0.594475
vn -0.355976 0.933835 -0.035113
f 445/1/112 446/2/112 447/3/112 448/4/112
v 0.704670 0.365107 0.594475
v 0.743551 0.378675 0.561010
v 0.735833 0.362699 0.545916
v 0.697393 0.349282 0.579008
vn -0.598306 0.683629 -0.417949
f 449/1/113 450/2/113 451/3/113 452/4/113
v 0.697393 0.349282 0.579008
v 0.735833 0.362699 0.545916
v 0.736045 0.340876 0.537774
v 0.698192 0.327664 0.570368
vn -0.680346 0.250170 -0.688872
f 453/1/114 454/2/114 455/3/114 456/4/114
v 0.698192 0.327664 0.570368
v 0.736045 0.340876 0.537774
v 0.744130 0.319053 0.538764
v 0.706855 0.306047 0.570869
vn -0.580052 -0.250407 -0.775136
f 457/1/115 458/2/115 459/3/115 460/4/115
v 0.706855 0.306047 0.570869
v 0.744130 0.319053 0.538764
v 0.757921 0.303077 0.548622
v 0.721059 0.290222 0.580377
vn -0.324344 -0.683825 -0.653594
f 461/1/116 462/2/116 463/3/116 464/4/116
v 0.721059 0.290222 0.580377
v 0.757921 0.303077 0.548622
v 0.773723 0.297230 0.564706
v 0.737000 0.284430 0.596344
vn 0.018190 -0.933943 -0.356959
f 465/1/117 466/2/117 467/3/117 468/4/117
v 0.737000 0.284430 0.596344
v 0.773723 0.297230 0.564706
v 0.787302 0.303077 0.582706
v 0.750405 0.290222 0.614492
vn 0.355843 -0.933882 0.035226
f 469/1/118 470/2/118 471/3/118 472/4/118
v 0.750405 0.290222 0.614492
v 0.787302 0.303077 0.582706
v 0.795020 0.319053 0.597800
v 0.757682 0.306047 0.629959
vn 0.598257 -0.683647 0.417989
f 473/1/119 474/2/119 475/3/119 476/4/119
v 0.757682 0.306047 0.629959
v 0.795020 0.319053 0.597800
v 0.794808 0.340876 0.605942
v 0.756883 0.327664 0.638599
vn 0.680408 -0.250147 0.688819
f 477/1/120 478/2/120 479/3/120 480/4/120
v 0.794808 0.340876 0.605942
v 0.832680 0.352766 0.573260
v 0.824823 0.374663 0.572077
v 0.786723 0.362699 0.604952
vn 0.585702 0.251945 0.770374
f 481/1/121 482/2/121 483/3/121 484/4/121
v 0.786723 0.362699 0.604952
v 0.824823 0.374663 0.572077
v 0.811194 0.390692 0.562082
v 0.772932 0.378675 0.595094
vn 0.338029 0.688040 0.642135
f 485/1/122 486/2/122 487/3/122 488/4/122
v 0.772932 0.378675 0.595094
v 0.811194 0.390692 0.562082
v 0.795445 0.396559 0.545954
v 0.757130 0.384523 0.579010
vn -0.000201 0.939752 0.341856
f 489/1/123 490/2/123 491/3/123 492/4/123
v 0.757130 0.384523 0.579010
v 0.795445 0.396559 0.545954
v 0.781795 0.390692 0.528013
v 0.743551 0.378675 0.561010
vn -0.338356 0.939688 -0.050015
f 493/1/124 494/2/124 495/3/124 496/4/124
v 0.743551 0.378675 0.561010
v 0.781795 0.390692 0.528013
v 0.773902 0.374663 0.513069
v 0.735833 0.362699 0.545916
vn -0.585852 0.687861 -0.428514
f 497/1/125 498/2/125 499/3/125 500/4/125
v 0.735833 0.362699 0.545916
v 0.773902 0.374663 0.513069
v 0.773881 0.352766 0.505123
v 0.736045 0.340876 0.537774
vn -0.676377 0.251699 -0.692215
f 501/1/126 502/2/126 503/3/126 504/4/126
v 0.736045 0.340876 0.537774
v 0.773881 0.352766 0.505123
v 0.781737 0.330869 0.506307
v 0.744130 0.319053 0.538764
vn -0.585661 -0.251932 -0.770410
f 505/1/127 506/2/127 507/3/127 508/4/127
v 0.744130 0.319053 0.538764
v 0.781737 0.330869 0.506307
v 0.795366 0.314839 0.516302
v 0.757921 0.303077 0.548622
vn -0.338026 -0.688039 -0.642138
f 509/1/128 510/2/128 511/3/128 512/4/128
v 0.757921 0.303077 0.548622
v 0.795366 0.314839 0.516302
v 0.811116 0.308972 0.532430
v 0.773723 0.297230 0.564706
vn 0.000159 -0.939766 -0.341819
f 513/1/129 514/2/129 515/3/129 516/4/129
v 0.773723 0.297230 0.564706
v 0.811116 0.308972 0.532430
v 0.824766 0.314839 0.550370
v 0.787302 0.303077 0.582706
vn 0.338304 -0.939704 0.050059
f 517/1/130 518/2/130 519/3/130 520/4/130
v 0.787302 0.303077 0.582706
v 0.824766 0.314839 0.550370
v 0.832659 0.330869 0.565315
v 0.795020 0.319053 0.597800
vn 0.585838 -0.687866 0.428526
f 521/1/131 522/2/131 523/3/131 524/4/131
v 0.795020 0.319053 0.597800
v 0.832659 0.330869 0.565315
v 0.832680 0.352766 0.573260
v 0.794808 0.340876 0.605942
vn 0.676410 -0.251688 0.692187
f 525/1/132 526/2/132 527/3/132 528/4/132
v 0.832680 0.352766 0.573260
v 0.870534 0.364509 0.540594
v 0.862723 0.386420 0.539371
v 0.824823 0.374663 0.572077
vn 0.586260 0.251963 0.769944
f 529/1/133 530/2/133 531/3/133 532/4/133
v 0.824823 0.374663 0.572077
v 0.862723 0.386420 0.539371
v 0.849128 0.402460 0.529347
v 0.811194 0.390692 0.562082
vn 0.339567 0.688375 0.640963
f 533/1/134 534/2/134 535/3/134 536/4/134
v 0.811194 0.390692 0.562082
v 0.849128 0.402460 0.529347
v 0.833390 0.408331 0.513209
v 0.795445 0.396559 0.545954
vn 0.001887 0.940338 0.340237
f 537/1/135 538/2/135 539/3/135 540/4/135
v 0.795445 0.396559 0.545954
v 0.833390 0.408331 0.513209
v 0.819728 0.402460 0.495279
v 0.781795 0.390692 0.528013
vn -0.336298 0.940338 -0.051655
f 541/1/136 542/2/136 543/3/136 544/4/136
v 0.781795 0.390692 0.528013
v 0.819728 0.402460 0.495279
v 0.811801 0.386420 0.480363
v 0.773902 0.374663 0.513069
vn -0.584373 0.688375 -0.429707
f 545/1/137 546/2/137 547/3/137 548/4/137
v 0.773902 0.374663 0.513069
v 0.811801 0.386420 0.480363
v 0.811735 0.364509 0.472457
v 0.773881 0.352766 0.505123
vn -0.675865 0.251963 -0.692619
f 549/1/138 550/2/138 551/3/138 552/4/138
v 0.773881 0.352766 0.505123
v 0.811735 0.364509 0.472457
v 0.819546 0.342598 0.473680
v 0.781737 0.330869 0.506307
vn -0.586260 -0.251963 -0.769944
f 553/1/139 554/2/139 555/3/139 556/4/139
v 0.781737 0.330869 0.506307
v 0.819546 0.342598 0.473680
v 0.833141 0.326558 0.483704
v 0.795366 0.314839 0.516302
vn -0.339567 -0.688375 -0.640963
f 557/1/140 558/2/140 559/3/140 560/4/140
v 0.795366 0.314839 0.516302
v 0.833141 0.326558 0.483704
v 0.848878 0.320687 0.499843
v 0.811116 0.308972 0.532430
vn -0.001887 -0.940338 -0.340237
f 561/1/141 562/2/141 563/3/141 564/4/141
v 0.811116 0.308972 0.532430
v 0.848878 0.320687 0.499843
v 0.862541 0.326558 0.517772
v 0.824766 0.314839 0.550370
vn 0.336298 -0.940338 0.051655
f 565/1/142 566/2/142 567/3/142 568/4/142
v 0.824766 0.314839 0.550370
v 0.862541 0.326558 0.517772
v 0.870467 0.342598 0.532688
v 0.832659 0.330869 0.565315
vn 0.584373 -0.688375 0.429707
f 569/1/143 570/2/143 571/3/143 572/4/143
v 0.832659 0.330869 0.565315
v 0.870467 0.342598 0.532688
v 0.870534 0.364509 0.540594
v 0.832680 0.352766 0.573260
vn 0.675865 -0.251963 0.692619
f 573/1/144 574/2/144 575/3/144 576/4/144
v 0.870534 0.364509 0.540594
v 0.908388 0.376108 0.507928
v 0.900622 0.398033 0.506666
v 0.862723 0.386420 0.539371
vn 0.586784 0.252124 0.769492
f 577/1/145 578/2/145 579/3/145 580/4/145
v 0.862723 0.386420 0.539371
v 0.900622 0.398033 0.506666
v 0.887060 0.414083 0.496613
v 0.849128 0.402460 0.529347
vn 0.340998 0.688817 0.639728
f 581/1/146 582/2/146 583/3/146 584/4/146
v 0.849128 0.402460 0.529347
v 0.887060 0.414083 0.496613
v 0.871335 0.419958 0.480464
v 0.833390 0.408331 0.513209
vn 0.003842 0.940941 0.338550
f 585/1/147 586/2/147 587/3/147 588/4/147
v 0.833390 0.408331 0.513209
v 0.871335 0.419958 0.480464
v 0.857660 0.414083 0.462545
v 0.819728 0.402460 0.495279
vn -0.334343 0.940941 -0.053342
f 589/1/148 590/2/148 591/3/148 592/4/148
v 0.819728 0.402460 0.495279
v 0.857660 0.414083 0.462545
v 0.849701 0.398033 0.447658
v 0.811801 0.386420 0.480363
vn -0.582942 0.688817 -0.430942
f 593/1/149 594/2/149 595/3/149 596/4/149
v 0.811801 0.386420 0.480363
v 0.849701 0.398033 0.447658
v 0.849589 0.376108 0.439791
v 0.811735 0.364509 0.472457
vn -0.675342 0.252124 -0.693071
f 597/1/150 598/2/150 599/3/150 600/4/150
v 0.811735 0.364509 0.472457
v 0.849589 0.376108 0.439791
v 0.857354 0.354183 0.441053
v 0.819546 0.342598 0.473680
vn -0.586784 -0.252124 -0.769492
f 601/1/151 602/2/151 603/3/151 604/4/151
v 0.819546 0.342598 0.473680
v 0.857354 0.354183 0.441053
v 0.870917 0.338133 0.451105
v 0.833141 0.326558 0.483704
vn -0.340998 -0.688817 -0.639728
f 605/1/152 606/2/152 607/3/152 608/4/152
v 0.833141 0.326558 0.483704
v 0.870917 0.338133 0.451105
v 0.886642 0.332258 0.467255
v 0.848878 0.320687 0.499843
vn -0.003842 -0.940941 -0.338550
f 609/1/153 610/2/153 611/3/153 612/4/153
v 0.848878 0.320687 0.499843
v 0.886642 0.332258 0.467255
v 0.900316 0.338133 0.485174
v 0.862541 0.326558 0.517772
vn 0.334343 -0.940941 0.053342
f 613/1/154 614/2/154 615/3/154 616/4/154
v 0.862541 0.326558 0.517772
v 0.900316 0.338133 0.485174
v 0.908276 0.354183 0.500061
v 0.870467 0.342598 0.532688
vn 0.582942 -0.688817 0.430942
f 617/1/155 618/2/155 619/3/155 620/4/155
v 0.870467 0.342598 0.532688
v 0.908276 0.354183 0.500061
v 0.908388 0.376108 0.507928
v 0.870534 0.364509 0.540594
vn 0.675342 -0.252124 0.693071
f 621/1/156 622/2/156 623/3/156 624/4/156
v 0.908388 0.376108 0.507928
v 0.946242 0.387563 0.475262
v 0.938521 0.409502 0.473961
v 0.900622 0.398033 0.506666
vn 0.587303 0.252283 0.769044
f 625/1/157 626/2/157 627/3/157 628/4/157
v 0.900622 0.398033 0.506666
v 0.938521 0.409502 0.473961
v 0.924992 0.425562 0.463880
v 0.887060 0.414083 0.496613
vn 0.342417 0.689249 0.638504
f 629/1/158 630/2/158 631/3/158 632/4/158
v 0.887060 0.414083 0.496613
v 0.924992 0.425562 0.463880
v 0.909279 0.431440 0.447720
v 0.871335 0.419958 0.480464
vn 0.005780 0.941531 0.336877
f 633/1/159 634/2/159 635/3/159 636/4/159
v 0.871335 0.419958 0.480464
v 0.909279 0.431440 0.447720
v 0.895592 0.425562 0.429812
v 0.857660 0.414083 0.462545
vn -0.332405 0.941531 -0.055015
f 637/1/160 638/2/160 639/3/160 640/4/160
v 0.857660 0.414083 0.462545
v 0.895592 0.425562 0.429812
v 0.887600 0.409502 0.414953
v 0.849701 0.398033 0.447658
vn -0.581523 0.689249 -0.432166
f 641/1/161 642/2/161 643/3/161 644/4/161
v 0.849701 0.398033 0.447658
v 0.887600 0.409502 0.414953
v 0.887443 0.387563 0.407125
v 0.849589 0.376108 0.439791
vn -0.674822 0.252283 -0.693519
f 645/1/162 646/2/162 647/3/162 648/4/162
v 0.849589 0.376108 0.439791
v 0.887443 0.387563 0.407125
v 0.895163 0.365625 0.408426
v 0.857354 0.354183 0.441053
vn -0.587303 -0.252283 -0.769044
f 649/1/163 650/2/163 651/3/163 652/4/163
v 0.857354 0.354183 0.441053
v 0.895163 0.365625 0.408426
v 0.908693 0.349565 0.418506
v 0.870917 0.338133 0.451105
vn -0.342417 -0.689249 -0.638504
f 653/1/164 654/2/164 655/3/164 656/4/164
v 0.870917 0.338133 0.451105
v 0.908693 0.349565 0.418506
v 0.924406 0.343686 0.434666
v 0.886642 0.332258 0.467255
vn -0.005780 -0.941531 -0.336877
f 657/1/165 658/2/165 659/3/165 660/4/165
v 0.886642 0.332258 0.467255
v 0.924406 0.343686 0.434666
v 0.938092 0.349565 0.452575
v 0.900316 0.338133 0.485174
vn 0.332405 -0.941531 0.055015
f 661/1/166 662/2/166 663/3/166 664/4/166
v 0.900316 0.338133 0.485174
v 0.938092 0.349565 0.452575
v 0.946085 0.365625 0.467434
v 0.908276 0.354183 0.500061
vn 0.581523 -0.689249 0.432166
f 665/1/167 666/2/167 667/3/167 668/4/167
v 0.908276 0.354183 0.500061
v 0.946085 0.365625 0.467434
v 0.946242 0.387563 0.475262
v 0.908388 0.376108 0.507928
vn 0.674822 -0.252283 0.693519
f 669/1/168 670/2/168 671/3/168 672/4/168
v 0.946242 0.387563 0.475262
v 0.984126 0.398877 0.442569
v 0.976487 0.420840 0.441204
v 0.938521 0.409502 0.473961
vn 0.587852 0.252448 0.768570
f 673/1/169 674/2/169 675/3/169 676/4/169
v 0.938521 0.409502 0.473961
v 0.976487 0.420840 0.441204
v 0.963010 0.436918 0.431082
v 0.924992 0.425562 0.463880
vn 0.343860 0.689683 0.637259
f 677/1/170 678/2/170 679/3/170 680/4/170
v 0.924992 0.425562 0.463880
v 0.963010 0.436918 0.431082
v 0.947304 0.442803 0.414917
v 0.909279 0.431440 0.447720
vn 0.007740 0.942120 0.335186
f 681/1/171 682/2/171 683/3/171 684/4/171
v 0.909279 0.431440 0.447720
v 0.947304 0.442803 0.414917
v 0.933580 0.436918 0.397040
v 0.895592 0.425562 0.429812
vn -0.330446 0.942120 -0.056705
f 685/1/172 686/2/172 687/3/172 688/4/172
v 0.895592 0.425562 0.429812
v 0.933580 0.436918 0.397040
v 0.925513 0.420840 0.382241
v 0.887600 0.409502 0.414953
vn -0.580081 0.689682 -0.433410
f 689/1/173 690/2/173 691/3/173 692/4/173
v 0.887600 0.409502 0.414953
v 0.925513 0.420840 0.382241
v 0.925266 0.398877 0.374485
v 0.887443 0.387563 0.407125
vn -0.674274 0.252447 -0.693992
f 693/1/174 694/2/174 695/3/174 696/4/174
v 0.887443 0.387563 0.407125
v 0.925266 0.398877 0.374485
v 0.932905 0.376914 0.375851
v 0.895163 0.365625 0.408426
vn -0.587785 -0.252427 -0.768628
f 697/1/175 698/2/175 699/3/175 700/4/175
v 0.895163 0.365625 0.408426
v 0.932905 0.376914 0.375851
v 0.946382 0.360836 0.385972
v 0.908693 0.349565 0.418506
vn -0.343789 -0.689661 -0.637320
f 701/1/176 702/2/176 703/3/176 704/4/176
v 0.908693 0.349565 0.418506
v 0.946382 0.360836 0.385972
v 0.962088 0.354951 0.402137
v 0.924406 0.343686 0.434666
vn -0.007666 -0.942098 -0.335250
f 705/1/177 706/2/177 707/3/177 708/4/177
v 0.924406 0.343686 0.434666
v 0.962088 0.354951 0.402137
v 0.975813 0.360836 0.420014
v 0.938092 0.349565 0.452575
vn 0.330519 -0.942098 0.056643
f 709/1/178 710/2/178 711/3/178 712/4/178
v 0.938092 0.349565 0.452575
v 0.975813 0.360836 0.420014
v 0.983879 0.376914 0.434813
v 0.946085 0.365625 0.467434
vn 0.580150 -0.689662 0.433351
f 713/1/179 714/2/179 715/3/179 716/4/179
v 0.946085 0.365625 0.467434
v 0.983879 0.376914 0.434813
v 0.984126 0.398877 0.442569
v 0.946242 0.387563 0.475262
vn 0.674340 -0.252428 0.693935
f 717/1/180 718/2/180 719/3/180 720/4/180
v 0.984126 0.398877 0.442569
v 1.154983 0.448276 0.294592
v 1.147499 0.470284 0.293103
v 0.976487 0.420840 0.441204
vn 0.590538 0.253036 0.766315
f 721/1/181 722/2/181 723/3/181 724/4/181
v 0.976487 0.420840 0.441204
v 1.147499 0.470284 0.293103
v 1.134120 0.486395 0.282904
v 0.963010 0.436918 0.431082
vn 0.348672 0.690931 0.633280
f 725/1/182 726/2/182 727/3/182 728/4/182
v 0.963010 0.436918 0.431082
v 1.134120 0.486395 0.282904
v 1.118430 0.492293 0.266728
v 0.947304 0.442803 0.414917
vn 0.013385 0.943691 0.330557
f 729/1/183 730/2/183 731/3/183 732/4/183
v 0.947304 0.442803 0.414917
v 1.118430 0.492293 0.266728
v 1.104634 0.486395 0.248909
v 0.933580 0.436918 0.397040
vn -0.325484 0.943594 -0.060741
f 733/1/184 734/2/184 735/3/184 736/4/184
v 0.933580 0.436918 0.397040
v 1.104634 0.486395 0.248909
v 1.096429 0.470284 0.234223
v 0.925513 0.420840 0.382241
vn -0.577140 0.690664 -0.435767
f 737/1/185 738/2/185 739/3/185 740/4/185
v 0.925513 0.420840 0.382241
v 1.096429 0.470284 0.234223
v 1.096013 0.448276 0.226603
v 0.925266 0.398877 0.374485
vn -0.674147 0.252669 -0.694034
f 741/1/186 742/2/186 743/3/186 744/4/186
v 0.925266 0.398877 0.374485
v 1.096013 0.448276 0.226603
v 1.103497 0.426268 0.228092
v 0.932905 0.376914 0.375851
vn -0.590512 -0.253028 -0.766337
f 745/1/187 746/2/187 747/3/187 748/4/187
v 0.932905 0.376914 0.375851
v 1.103497 0.426268 0.228092
v 1.116877 0.410157 0.238291
v 0.946382 0.360836 0.385972
vn -0.348645 -0.690923 -0.633303
f 749/1/188 750/2/188 751/3/188 752/4/188
v 0.946382 0.360836 0.385972
v 1.116877 0.410157 0.238291
v 1.132566 0.404259 0.254467
v 0.962088 0.354951 0.402137
vn -0.013357 -0.943683 -0.330581
f 753/1/189 754/2/189 755/3/189 756/4/189
v 0.962088 0.354951 0.402137
v 1.132566 0.404259 0.254467
v 1.146362 0.410157 0.272285
v 0.975813 0.360836 0.420014
vn 0.325513 -0.943586 0.060716
f 757/1/190 758/2/190 759/3/190 760/4/190
v 0.975813 0.360836 0.420014
v 1.146362 0.410157 0.272285
v 1.154567 0.426268 0.286972
v 0.983879 0.376914 0.434813
vn 0.577167 -0.690656 0.435743
f 761/1/191 762/2/191 763/3/191 764/4/191
v 0.983879 0.376914 0.434813
v 1.154567 0.426268 0.286972
v 1.154983 0.448276 0.294592
v 0.984126 0.398877 0.442569
vn 0.674173 -0.252661 0.694012
f 765/1/192 766/2/192 767/3/192 768/4/192
v 1.154983 0.448276 0.294592
v 1.325623 0.494942 0.146372
v 1.318324 0.517002 0.144731
v 1.147499 0.470284 0.293103
vn 0.593866 0.253618 0.763545
f 769/1/193 770/2/193 771/3/193 772/4/193
v 1.147499 0.470284 0.293103
v 1.318324 0.517002 0.144731
v 1.305067 0.533151 0.134432
v 1.134120 0.486395 0.282904
vn 0.355648 0.692604 0.627547
f 773/1/194 774/2/194 775/3/194 776/4/194
v 1.134120 0.486395 0.282904
v 1.305067 0.533151 0.134432
v 1.289404 0.539062 0.118236
v 1.118430 0.492293 0.266728
vn 0.022142 0.946003 0.323400
f 777/1/195 778/2/195 779/3/195 780/4/195
v 1.118430 0.492293 0.266728
v 1.289404 0.539062 0.118236
v 1.275531 0.533151 0.100482
v 1.104634 0.486395 0.248909
vn -0.317293 0.945929 -0.067401
f 781/1/196 782/2/196 783/3/196 784/4/196
v 1.104634 0.486395 0.248909
v 1.275531 0.533151 0.100482
v 1.267166 0.517002 0.085927
v 1.096429 0.470284 0.234223
vn -0.571710 0.692399 -0.440149
f 785/1/197 786/2/197 787/3/197 788/4/197
v 1.096429 0.470284 0.234223
v 1.267166 0.517002 0.085927
v 1.266551 0.494942 0.078471
v 1.096013 0.448276 0.226603
vn -0.672937 0.253336 -0.694965
f 789/1/198 790/2/198 791/3/198 792/4/198
v 1.096013 0.448276 0.226603
v 1.266551 0.494942 0.078471
v 1.273849 0.472882 0.080113
v 1.103497 0.426268 0.228092
vn -0.593844 -0.253612 -0.763564
f 793/1/199 794/2/199 795/3/199 796/4/199
v 1.103497 0.426268 0.228092
v 1.273849 0.472882 0.080113
v 1.287106 0.456733 0.090412
v 1.116877 0.410157 0.238291
vn -0.355626 -0.692597 -0.627566
f 797/1/200 798/2/200 799/3/200 800/4/200
v 1.116877 0.410157 0.238291
v 1.287106 0.456733 0.090412
v 1.302770 0.450822 0.106608
v 1.132566 0.404259 0.254467
vn -0.022120 -0.945997 -0.323419
f 801/1/201 802/2/201 803/3/201 804/4/201
v 1.132566 0.404259 0.254467
v 1.302770 0.450822 0.106608
v 1.316642 0.456733 0.124362
v 1.146362 0.410157 0.272285
vn 0.317315 -0.945923 0.067382
f 805/1/202 806/2/202 807/3/202 808/4/202
v 1.146362 0.410157 0.272285
v 1.316642 0.456733 0.124362
v 1.325007 0.472882 0.138917
v 1.154567 0.426268 0.286972
vn 0.571733 -0.692393 0.440129
f 809/1/203 810/2/203 811/3/203 812/4/203
v 1.154567 0.426268 0.286972
v 1.325007 0.472882 0.138917
v 1.325623 0.494942 0.146372
v 1.154983 0.448276 0.294592
vn 0.672960 -0.253329 0.694945
f 813/1/204 814/2/204 815/3/204 816/4/204
v 1.325623 0.494942 0.146372
v 1.496045 0.539009 -0.002124
v 1.488923 0.561115 -0.003909
v 1.318324 0.517002 0.144731
vn 0.597170 0.254185 0.760775
f 817/1/205 818/2/205 819/3/205 820/4/205
v 1.318324 0.517002 0.144731
v 1.488923 0.561115 -0.003909
v 1.475778 0.577298 -0.014297
v 1.305067 0.533151 0.134432
vn 0.362404 0.694145 0.621954
f 821/1/206 822/2/206 823/3/206 824/4/206
v 1.305067 0.533151 0.134432
v 1.475778 0.577298 -0.014297
v 1.460133 0.583221 -0.030506
v 1.289404 0.539062 0.118236
vn 0.030540 0.948107 0.316482
f 825/1/207 826/2/207 827/3/207 828/4/207
v 1.289404 0.539062 0.118236
v 1.460133 0.583221 -0.030506
v 1.446178 0.577298 -0.048192
v 1.275531 0.533151 0.100482
vn -0.309502 0.948031 -0.073792
f 829/1/208 830/2/208 831/3/208 832/4/208
v 1.275531 0.533151 0.100482
v 1.446178 0.577298 -0.048192
v 1.437655 0.561115 -0.062616
v 1.267166 0.517002 0.085927
vn -0.566614 0.693936 -0.444299
f 833/1/209 834/2/209 835/3/209 836/4/209
v 1.267166 0.517002 0.085927
v 1.437655 0.561115 -0.062616
v 1.436845 0.539009 -0.069913
v 1.266551 0.494942 0.078471
vn -0.671900 0.253896 -0.695764
f 837/1/210 838/2/210 839/3/210 840/4/210
v 1.266551 0.494942 0.078471
v 1.436845 0.539009 -0.069913
v 1.443967 0.516903 -0.068129
v 1.273849 0.472882 0.080113
vn -0.597142 -0.254178 -0.760799
f 841/1/211 842/2/211 843/3/211 844/4/211
v 1.273849 0.472882 0.080113
v 1.443967 0.516903 -0.068129
v 1.457112 0.500720 -0.057740
v 1.287106 0.456733 0.090412
vn -0.362377 -0.694138 -0.621977
f 845/1/212 846/2/212 847/3/212 848/4/212
v 1.287106 0.456733 0.090412
v 1.457112 0.500720 -0.057740
v 1.472758 0.494796 -0.041531
v 1.302770 0.450822 0.106608
vn -0.030513 -0.948100 -0.316505
f 849/1/213 850/2/213 851/3/213 852/4/213
v 1.302770 0.450822 0.106608
v 1.472758 0.494796 -0.041531
v 1.486712 0.500720 -0.023846
v 1.316642 0.456733 0.124362
vn 0.309529 -0.948024 0.073768
f 853/1/214 854/2/214 855/3/214 856/4/214
v 1.316642 0.456733 0.124362
v 1.486712 0.500720 -0.023846
v 1.495236 0.516903 -0.009421
v 1.325007 0.472882 0.138917
vn 0.566640 -0.693929 0.444276
f 857/1/215 858/2/215 859/3/215 860/4/215
v 1.325007 0.472882 0.138917
v 1.495236 0.516903 -0.009421
v 1.496045 0.539009 -0.002124
v 1.325623 0.494942 0.146372
vn 0.671926 -0.253889 0.695741
f 861/1/216 862/2/216 863/3/216 864/4/216
v 1.496045 0.539009 -0.002124
v 1.666146 0.580610 -0.151005
v 1.659192 0.602758 -0.152924
v 1.488923 0.561115 -0.003909
vn 0.600855 0.254743 0.757680
f 865/1/217 866/2/217 867/3/217 868/4/217
v 1.488923 0.561115 -0.003909
v 1.659192 0.602758 -0.152924
v 1.646149 0.618972 -0.163394
v 1.475778 0.577298 -0.014297
vn 0.369260 0.695568 0.616305
f 869/1/218 870/2/218 871/3/218 872/4/218
v 1.475778 0.577298 -0.014297
v 1.646149 0.618972 -0.163394
v 1.630515 0.624906 -0.179609
v 1.460133 0.583221 -0.030506
vn 0.038730 0.950015 0.309793
f 873/1/219 874/2/219 875/3/219 876/4/219
v 1.460133 0.583221 -0.030506
v 1.630515 0.624906 -0.179609
v 1.616477 0.618972 -0.197225
v 1.446178 0.577298 -0.048192
vn -0.302173 0.949913 -0.079730
f 877/1/220 878/2/220 879/3/220 880/4/220
v 1.446178 0.577298 -0.048192
v 1.616477 0.618972 -0.197225
v 1.607798 0.602758 -0.211522
v 1.437655 0.561115 -0.062616
vn -0.562110 0.695286 -0.447896
f 881/1/221 882/2/221 883/3/221 884/4/221
v 1.437655 0.561115 -0.062616
v 1.607798 0.602758 -0.211522
v 1.606802 0.580610 -0.218668
v 1.436845 0.539009 -0.069913
vn -0.671426 0.254352 -0.696055
f 885/1/222 886/2/222 887/3/222 888/4/222
v 1.436845 0.539009 -0.069913
v 1.606802 0.580610 -0.218668
v 1.613757 0.558462 -0.216748
v 1.443967 0.516903 -0.068129
vn -0.600826 -0.254736 -0.757706
f 889/1/223 890/2/223 891/3/223 892/4/223
v 1.443967 0.516903 -0.068129
v 1.613757 0.558462 -0.216748
v 1.626799 0.542248 -0.206278
v 1.457112 0.500720 -0.057740
vn -0.369231 -0.695561 -0.616331
f 893/1/224 894/2/224 895/3/224 896/4/224
v 1.457112 0.500720 -0.057740
v 1.626799 0.542248 -0.206278
v 1.642434 0.536314 -0.190063
v 1.472758 0.494796 -0.041531
vn -0.038701 -0.950008 -0.309818
f 897/1/225 898/2/225 899/3/225 900/4/225
v 1.472758 0.494796 -0.041531
v 1.642434 0.536314 -0.190063
v 1.656471 0.542248 -0.172447
v 1.486712 0.500720 -0.023846
vn 0.302202 -0.949906 0.079705
f 901/1/226 902/2/226 903/3/226 904/4/226
v 1.486712 0.500720 -0.023846
v 1.656471 0.542248 -0.172447
v 1.665151 0.558462 -0.158151
v 1.495236 0.516903 -0.009421
vn 0.562138 -0.695278 0.447871
f 905/1/227 906/2/227 907/3/227 908/4/227
v 1.495236 0.516903 -0.009421
v 1.665151 0.558462 -0.158151
v 1.666146 0.580610 -0.151005
v 1.496045 0.539009 -0.002124
vn 0.671455 -0.254345 0.696030
f 909/1/228 910/2/228 911/3/228 912/4/228
v 1.666146 0.580610 -0.151005
v 1.835939 0.619879 -0.300229
v 1.829142 0.642065 -0.302277
v 1.659192 0.602758 -0.152924
vn 0.604325 0.255174 0.754770
f 913/1/229 914/2/229 915/3/229 916/4/229
v 1.659192 0.602758 -0.152924
v 1.829142 0.642065 -0.302277
v 1.816197 0.658306 -0.312825
v 1.646149 0.618972 -0.163394
vn 0.375762 0.696795 0.610966
f 917/1/230 918/2/230 919/3/230 920/4/230
v 1.646149 0.618972 -0.163394
v 1.816197 0.658306 -0.312825
v 1.800574 0.664251 -0.329047
v 1.630515 0.624906 -0.179609
vn 0.046521 0.951709 0.303455
f 921/1/231 922/2/231 923/3/231 924/4/231
v 1.630515 0.624906 -0.179609
v 1.800574 0.664251 -0.329047
v 1.786457 0.658306 -0.346597
v 1.616477 0.618972 -0.197225
vn -0.295181 0.951620 -0.085367
f 925/1/232 926/2/232 927/3/232 928/4/232
v 1.616477 0.618972 -0.197225
v 1.786457 0.658306 -0.346597
v 1.777631 0.642065 -0.360772
v 1.607798 0.602758 -0.211522
vn -0.557789 0.696548 -0.451323
f 929/1/233 930/2/233 931/3/233 932/4/233
v 1.607798 0.602758 -0.211522
v 1.777631 0.642065 -0.360772
v 1.776459 0.619879 -0.367773
v 1.606802 0.580610 -0.218668
vn -0.670936 0.254832 -0.696351
f 933/1/234 934/2/234 935/3/234 936/4/234
v 1.606802 0.580610 -0.218668
v 1.776459 0.619879 -0.367773
v 1.783256 0.597694 -0.365725
v 1.613757 0.558462 -0.216748
vn -0.604299 -0.255168 -0.754793
f 937/1/235 938/2/235 939/3/235 940/4/235
v 1.613757 0.558462 -0.216748
v 1.783256 0.597694 -0.365725
v 1.796200 0.581453 -0.355177
v 1.626799 0.542248 -0.206278
vn -0.375736 -0.696789 -0.610989
f 941/1/236 942/2/236 943/3/236 944/4/236
v 1.626799 0.542248 -0.206278
v 1.796200 0.581453 -0.355177
v 1.811824 0.575508 -0.338954
v 1.642434 0.536314 -0.190063
vn -0.046496 -0.951704 -0.303477
f 945/1/237 946/2/237 947/3/237 948/4/237
v 1.642434 0.536314 -0.190063
v 1.811824 0.575508 -0.338954
v 1.825940 0.581453 -0.321405
v 1.656471 0.542248 -0.172447
vn 0.295206 -0.951614 0.085345
f 949/1/238 950/2/238 951/3/238 952/4/238
v 1.656471 0.542248 -0.172447
v 1.825940 0.581453 -0.321405
v 1.834767 0.597694 -0.307230
v 1.665151 0.558462 -0.158151
vn 0.557815 -0.696542 0.451300
f 953/1/239 954/2/239 955/3/239 956/4/239
v 1.665151 0.558462 -0.158151
v 1.834767 0.597694 -0.307230
v 1.835939 0.619879 -0.300229
v 1.666146 0.580610 -0.151005
vn 0.670962 -0.254826 0.696329
f 957/1/240 958/2/240 959/3/240 960/4/240
v 1.835939 0.619879 -0.300229
v 2.005439 0.656951 -0.449786
v 1.998791 0.679170 -0.451955
v 1.829142 0.642065 -0.302277
vn 0.607616 0.255565 0.751990
f 961/1/241 962/2/241 963/3/241 964/4/241
v 1.829142 0.642065 -0.302277
v 1.998791 0.679170 -0.451955
v 1.985937 0.695435 -0.462576
v 1.816197 0.658306 -0.312825
vn 0.381912 0.697897 0.605874
f 965/1/242 966/2/242 967/3/242 968/4/242
v 1.816197 0.658306 -0.312825
v 1.985937 0.695435 -0.462576
v 1.970321 0.701389 -0.478803
v 1.800574 0.664251 -0.329047
vn 0.053881 0.953227 0.297415
f 969/1/243 970/2/243 971/3/243 972/4/243
v 1.800574 0.664251 -0.329047
v 1.970321 0.701389 -0.478803
v 1.956128 0.695435 -0.496287
v 1.786457 0.658306 -0.346597
vn -0.288583 0.953146 -0.090737
f 973/1/244 974/2/244 975/3/244 976/4/244
v 1.786457 0.658306 -0.346597
v 1.956128 0.695435 -0.496287
v 1.947161 0.679170 -0.510345
v 1.777631 0.642065 -0.360772
vn -0.553722 0.697673 -0.454583
f 977/1/245 978/2/245 979/3/245 980/4/245
v 1.777631 0.642065 -0.360772
v 1.947161 0.679170 -0.510345
v 1.945822 0.656951 -0.517209
v 1.776459 0.619879 -0.367773
vn -0.670488 0.255255 -0.696628
f 981/1/246 982/2/246 983/3/246 984/4/246
v 1.776459 0.619879 -0.367773
v 1.945822 0.656951 -0.517209
v 1.952471 0.634731 -0.515040
v 1.783256 0.597694 -0.365725
vn -0.607592 -0.255559 -0.752012
f 985/1/247 986/2/247 987/3/247 988/4/247
v 1.783256 0.597694 -0.365725
v 1.952471 0.634731 -0.515040
v 1.965325 0.618466 -0.504419
v 1.796200 0.581453 -0.355177
vn -0.381887 -0.697891 -0.605896
f 989/1/248 990/2/248 991/3/248 992/4/248
v 1.796200 0.581453 -0.355177
v 1.965325 0.618466 -0.504419
v 1.980940 0.612512 -0.488192
v 1.811824 0.575508 -0.338954
vn -0.053857 -0.953221 -0.297437
f 993/1/249 994/2/249 995/3/249 996/4/249
v 1.811824 0.575508 -0.338954
v 1.980940 0.612512 -0.488192
v 1.995133 0.618466 -0.470708
v 1.825940 0.581453 -0.321405
vn 0.288607 -0.953140 0.090715
f 997/1/250 998/2/250 999/3/250 1000/4/250
v 1.825940 0.581453 -0.321405
v 1.995133 0.618466 -0.470708
v 2.004101 0.634731 -0.456650
v 1.834767 0.597694 -0.307230
vn 0.553746 -0.697667 0.454561
f 1001/1/251 1002/2/251 1003/3/251 1004/4/251
v 1.834767 0.597694 -0.307230
v 2.004101 0.634731 -0.456650
v 2.005439 0.656951 -0.449786
v 1.835939 0.619879 -0.300229
vn 0.670513 -0.255249 0.696606
f 1005/1/252 1006/2/252 1007/3/252 1008/4/252
v 2.005439 0.656951 -0.449786
v 2.174629 0.691957 -0.599708
v 2.168119 0.714206 -0.601990
v 1.998791 0.679170 -0.451955
vn 0.610916 0.255932 0.749187
f 1009/1/253 1010/2/253 1011/3/253 1012/4/253
v 1.998791 0.679170 -0.451955
v 2.168119 0.714206 -0.601990
v 2.155346 0.730493 -0.612675
v 1.985937 0.695435 -0.462576
vn 0.387853 0.698892 0.600933
f 1013/1/254 1014/2/254 1015/3/254 1016/4/254
v 1.985937 0.695435 -0.462576
v 2.155346 0.730493 -0.612675
v 2.139733 0.736455 -0.628902
v 1.970321 0.701389 -0.478803
vn 0.060872 0.954583 0.291660
f 1017/1/255 1018/2/255 1019/3/255 1020/4/255
v 1.970321 0.701389 -0.478803
v 2.139733 0.736455 -0.628902
v 2.125463 0.730493 -0.646321
v 1.956128 0.695435 -0.496287
vn -0.282416 0.954500 -0.095765
f 1021/1/256 1022/2/256 1023/3/256 1024/4/256
v 1.956128 0.695435 -0.496287
v 2.125463 0.730493 -0.646321
v 2.116360 0.714206 -0.660265
v 1.947161 0.679170 -0.510345
vn -0.550030 0.698661 -0.457536
f 1025/1/257 1026/2/257 1027/3/257 1028/4/257
v 1.947161 0.679170 -0.510345
v 2.116360 0.714206 -0.660265
v 2.114862 0.691957 -0.666999
v 1.945822 0.656951 -0.517209
vn -0.670261 0.255614 -0.696715
f 1029/1/258 1030/2/258 1031/3/258 1032/4/258
v 1.945822 0.656951 -0.517209
v 2.114862 0.691957 -0.666999
v 2.121372 0.669708 -0.664717
v 1.952471 0.634731 -0.515040
vn -0.610890 -0.255926 -0.749210
f 1033/1/259 1034/2/259 1035/3/259 1036/4/259
v 1.952471 0.634731 -0.515040
v 2.121372 0.669708 -0.664717
v 2.134144 0.653421 -0.654031
v 1.965325 0.618466 -0.504419
vn -0.387827 -0.698886 -0.600956
f 1037/1/260 1038/2/260 1039/3/260 1040/4/260
v 1.965325 0.618466 -0.504419
v 2.134144 0.653421 -0.654031
v 2.149758 0.647459 -0.637805
v 1.980940 0.612512 -0.488192
vn -0.060846 -0.954578 -0.291682
f 1041/1/261 1042/2/261 1043/3/261 1044/4/261
v 1.980940 0.612512 -0.488192
v 2.149758 0.647459 -0.637805
v 2.164028 0.653421 -0.620386
v 1.995133 0.618466 -0.470708
vn 0.282441 -0.954495 0.095743
f 1045/1/262 1046/2/262 1047/3/262 1048/4/262
v 1.995133 0.618466 -0.470708
v 2.164028 0.653421 -0.620386
v 2.173131 0.669708 -0.606441
v 2.004101 0.634731 -0.456650
vn 0.550056 -0.698656 0.457513
f 1049/1/263 1050/2/263 1051/3/263 1052/4/263
v 2.004101 0.634731 -0.456650
v 2.173131 0.669708 -0.606441
v 2.174629 0.691957 -0.599708
v 2.005439 0.656951 -0.449786
vn 0.670287 -0.255608 0.696692
f 1053/1/264 1054/2/264 1055/3/264 1056/4/264
v 2.174629 0.691957 -0.599708
v 2.343483 0.725032 -0.750030
v 2.337102 0.747308 -0.752415
v 2.168119 0.714206 -0.601990
vn 0.614240 0.256258 0.746352
f 1057/1/265 1058/2/265 1059/3/265 1060/4/265
v 2.168119 0.714206 -0.601990
v 2.337102 0.747308 -0.752415
v 2.324400 0.763614 -0.763155
v 2.155346 0.730493 -0.612675
vn 0.393602 0.699775 0.596148
f 1061/1/266 1062/2/266 1063/3/266 1064/4/266
v 2.155346 0.730493 -0.612675
v 2.324400 0.763614 -0.763155
v 2.308782 0.769583 -0.779374
v 2.139733 0.736455 -0.628902
vn 0.067504 0.955787 0.286207
f 1065/1/267 1066/2/267 1067/3/267 1068/4/267
v 2.139733 0.736455 -0.628902
v 2.308782 0.769583 -0.779374
v 2.294431 0.763614 -0.796724
v 2.125463 0.730493 -0.646321
vn -0.276677 0.955701 -0.100425
f 1069/1/268 1070/2/268 1071/3/268 1072/4/268
v 2.125463 0.730493 -0.646321
v 2.294431 0.763614 -0.796724
v 2.285194 0.747308 -0.810558
v 2.116360 0.714206 -0.660265
vn -0.546721 0.699538 -0.460155
f 1073/1/269 1074/2/269 1075/3/269 1076/4/269
v 2.116360 0.714206 -0.660265
v 2.285194 0.747308 -0.810558
v 2.283545 0.725032 -0.817168
v 2.114862 0.691957 -0.666999
vn -0.670269 0.255931 -0.696591
f 1077/1/270 1078/2/270 1079/3/270 1080/4/270
v 2.114862 0.691957 -0.666999
v 2.283545 0.725032 -0.817168
v 2.289926 0.702757 -0.814783
v 2.121372 0.669708 -0.664717
vn -0.614212 -0.256253 -0.746377
f 1081/1/271 1082/2/271 1083/3/271 1084/4/271
v 2.121372 0.669708 -0.664717
v 2.289926 0.702757 -0.814783
v 2.302628 0.686450 -0.804042
v 2.134144 0.653421 -0.654031
vn -0.393574 -0.699769 -0.596173
f 1085/1/272 1086/2/272 1087/3/272 1088/4/272
v 2.134144 0.653421 -0.654031
v 2.302628 0.686450 -0.804042
v 2.318246 0.680482 -0.787824
v 2.149758 0.647459 -0.637805
vn -0.067477 -0.955781 -0.286232
f 1089/1/273 1090/2/273 1091/3/273 1092/4/273
v 2.149758 0.647459 -0.637805
v 2.318246 0.680482 -0.787824
v 2.332597 0.686450 -0.770473
v 2.164028 0.653421 -0.620386
vn 0.276704 -0.955696 0.100400
f 1093/1/274 1094/2/274 1095/3/274 1096/4/274
v 2.164028 0.653421 -0.620386
v 2.332597 0.686450 -0.770473
v 2.341834 0.702757 -0.756640
v 2.173131 0.669708 -0.606441
vn 0.546749 -0.699532 0.460130
f 1097/1/275 1098/2/275 1099/3/275 1100/4/275
v 2.173131 0.669708 -0.606441
v 2.341834 0.702757 -0.756640
v 2.343483 0.725032 -0.750030
v 2.174629 0.691957 -0.599708
vn 0.670297 -0.255925 0.696566
f 1101/1/276 1102/2/276 1103/3/276 1104/4/276
v 2.343483 0.725032 -0.750030
v 2.511926 0.756310 -0.900834
v 2.505663 0.778609 -0.903312
v 2.337102 0.747308 -0.752415
vn 0.617811 0.256567 0.743292
f 1105/1/277 1106/2/277 1107/3/277 1108/4/277
v 2.337102 0.747308 -0.752415
v 2.505663 0.778609 -0.903312
v 2.493022 0.794933 -0.914098
v 2.324400 0.763614 -0.763155
vn 0.399324 0.700569 0.591391
f 1109/1/278 1110/2/278 1111/3/278 1112/4/278
v 2.324400 0.763614 -0.763155
v 2.493022 0.794933 -0.914098
v 2.477390 0.800907 -0.930302
v 2.308782 0.769583 -0.779374
vn 0.073845 0.956855 0.281026
f 1113/1/279 1114/2/279 1115/3/279 1116/4/279
v 2.308782 0.769583 -0.779374
v 2.477390 0.800907 -0.930302
v 2.462957 0.794933 -0.947581
v 2.294431 0.763614 -0.796724
vn -0.271417 0.956756 -0.104642
f 1117/1/280 1118/2/280 1119/3/280 1120/4/280
v 2.294431 0.763614 -0.796724
v 2.462957 0.794933 -0.947581
v 2.453589 0.778609 -0.961306
v 2.285194 0.747308 -0.810558
vn -0.543952 0.700297 -0.462278
f 1121/1/281 1122/2/281 1123/3/281 1124/4/281
v 2.285194 0.747308 -0.810558
v 2.453589 0.778609 -0.961306
v 2.451796 0.756310 -0.967799
v 2.283545 0.725032 -0.817168
vn -0.670731 0.256190 -0.696051
f 1125/1/282 1126/2/282 1127/3/282 1128/4/282
v 2.283545 0.725032 -0.817168
v 2.451796 0.756310 -0.967799
v 2.458060 0.734012 -0.965321
v 2.289926 0.702757 -0.814783
vn -0.617781 -0.256562 -0.743318
f 1129/1/283 1130/2/283 1131/3/283 1132/4/283
v 2.289926 0.702757 -0.814783
v 2.458060 0.734012 -0.965321
v 2.470701 0.717688 -0.954535
v 2.302628 0.686450 -0.804042
vn -0.399294 -0.700564 -0.591417
f 1133/1/284 1134/2/284 1135/3/284 1136/4/284
v 2.302628 0.686450 -0.804042
v 2.470701 0.717688 -0.954535
v 2.486332 0.711713 -0.938331
v 2.318246 0.680482 -0.787824
vn -0.073815 -0.956849 -0.281052
f 1137/1/285 1138/2/285 1139/3/285 1140/4/285
v 2.318246 0.680482 -0.787824
v 2.486332 0.711713 -0.938331
v 2.500766 0.717688 -0.921052
v 2.332597 0.686450 -0.770473
vn 0.271447 -0.956751 0.104616
f 1141/1/286 1142/2/286 1143/3/286 1144/4/286
v 2.332597 0.686450 -0.770473
v 2.500766 0.717688 -0.921052
v 2.510134 0.734012 -0.907327
v 2.341834 0.702757 -0.756640
vn 0.543981 -0.700291 0.462252
f 1145/1/287 1146/2/287 1147/3/287 1148/4/287
v 2.341834 0.702757 -0.756640
v 2.510134 0.734012 -0.907327
v 2.511926 0.756310 -0.900834
v 2.343483 0.725032 -0.750030
vn 0.670760 -0.256185 0.696024
f 1149/1/288 1150/2/288 1151/3/288 1152/4/288
v 2.511926 0.756310 -0.900834
v 2.679928 0.785925 -1.052134
v 2.673772 0.808244 -1.054698
v 2.505663 0.778609 -0.903312
vn 0.621372 0.256816 0.740232
f 1153/1/289 1154/2/289 1155/3/289 1156/4/289
v 2.505663 0.778609 -0.903312
v 2.673772 0.808244 -1.054698
v 2.661184 0.824582 -1.065522
v 2.493022 0.794933 -0.914098
vn 0.404827 0.701251 0.586824
f 1157/1/290 1158/2/290 1159/3/290 1160/4/290
v 2.493022 0.794933 -0.914098
v 2.661184 0.824582 -1.065522
v 2.645536 0.830562 -1.081708
v 2.477390 0.800907 -0.930302
vn 0.079815 0.957787 0.276176
f 1161/1/291 1162/2/291 1163/3/291 1164/4/291
v 2.477390 0.800907 -0.930302
v 2.645536 0.830562 -1.081708
v 2.631020 0.824582 -1.098917
v 2.462957 0.794933 -0.947581
vn -0.266580 0.957689 -0.108476
f 1165/1/292 1166/2/292 1167/3/292 1168/4/292
v 2.462957 0.794933 -0.947581
v 2.631020 0.824582 -1.098917
v 2.621528 0.808244 -1.112538
v 2.453589 0.778609 -0.961306
vn -0.541543 0.700980 -0.464068
f 1169/1/293 1170/2/293 1171/3/293 1172/4/293
v 2.453589 0.778609 -0.961306
v 2.621528 0.808244 -1.112538
v 2.619601 0.785925 -1.118922
v 2.451796 0.756310 -0.967799
vn -0.671396 0.256441 -0.695317
f 1173/1/294 1174/2/294 1175/3/294 1176/4/294
v 2.451796 0.756310 -0.967799
v 2.619601 0.785925 -1.118922
v 2.625757 0.763606 -1.116358
v 2.458060 0.734012 -0.965321
vn -0.621343 -0.256811 -0.740258
f 1177/1/295 1178/2/295 1179/3/295 1180/4/295
v 2.458060 0.734012 -0.965321
v 2.625757 0.763606 -1.116358
v 2.638346 0.747267 -1.105533
v 2.470701 0.717688 -0.954535
vn -0.404798 -0.701246 -0.586850
f 1181/1/296 1182/2/296 1183/3/296 1184/4/296
v 2.470701 0.717688 -0.954535
v 2.638346 0.747267 -1.105533
v 2.653994 0.741287 -1.089348
v 2.486332 0.711713 -0.938331
vn -0.079786 -0.957782 -0.276202
f 1185/1/297 1186/2/297 1187/3/297 1188/4/297
v 2.486332 0.711713 -0.938331
v 2.653994 0.741287 -1.089348
v 2.668509 0.747267 -1.072139
v 2.500766 0.717688 -0.921052
vn 0.266608 -0.957684 0.108450
f 1189/1/298 1190/2/298 1191/3/298 1192/4/298
v 2.500766 0.717688 -0.921052
v 2.668509 0.747267 -1.072139
v 2.678002 0.763606 -1.058518
v 2.510134 0.734012 -0.907327
vn 0.541572 -0.700975 0.464042
f 1193/1/299 1194/2/299 1195/3/299 1196/4/299
v 2.510134 0.734012 -0.907327
v 2.678002 0.763606 -1.058518
v 2.679928 0.785925 -1.052134
v 2.511926 0.756310 -0.900834
vn 0.671425 -0.256436 0.695291
f 1197/1/300 1198/2/300 1199/3/300 1200/4/300
v 2.679928 0.785925 -1.052134
v 2.847489 0.814009 -1.203932
v 2.841431 0.836346 -1.206572
v 2.673772 0.808244 -1.054698
vn 0.624818 0.257025 0.737252
f 1201/1/301 1202/2/301 1203/3/301 1204/4/301
v 2.673772 0.808244 -1.054698
v 2.841431 0.836346 -1.206572
v 2.828886 0.852697 -1.217428
v 2.661184 0.824582 -1.065522
vn 0.410021 0.701840 0.582497
f 1205/1/302 1206/2/302 1207/3/302 1208/4/302
v 2.661184 0.824582 -1.065522
v 2.828886 0.852697 -1.217428
v 2.813216 0.858682 -1.233591
v 2.645536 0.830562 -1.081708
vn 0.085365 0.958600 0.271661
f 1209/1/303 1210/2/303 1211/3/303 1212/4/303
v 2.645536 0.830562 -1.081708
v 2.813216 0.858682 -1.233591
v 2.798620 0.852697 -1.250729
v 2.631020 0.824582 -1.098917
vn -0.262161 0.958506 -0.111970
f 1213/1/304 1214/2/304 1215/3/304 1216/4/304
v 2.631020 0.824582 -1.098917
v 2.798620 0.852697 -1.250729
v 2.789008 0.836346 -1.264251
v 2.621528 0.808244 -1.112538
vn -0.539439 0.701583 -0.465604
f 1217/1/305 1218/2/305 1219/3/305 1220/4/305
v 2.621528 0.808244 -1.112538
v 2.789008 0.836346 -1.264251
v 2.786956 0.814009 -1.270534
v 2.619601 0.785925 -1.118922
vn -0.672171 0.256668 -0.694483
f 1221/1/306 1222/2/306 1223/3/306 1224/4/306
v 2.619601 0.785925 -1.118922
v 2.786956 0.814009 -1.270534
v 2.793015 0.791672 -1.267893
v 2.625757 0.763606 -1.116358
vn -0.624790 -0.257020 -0.737278
f 1225/1/307 1226/2/307 1227/3/307 1228/4/307
v 2.625757 0.763606 -1.116358
v 2.793015 0.791672 -1.267893
v 2.805559 0.775321 -1.257037
v 2.638346 0.747267 -1.105533
vn -0.409993 -0.701836 -0.582523
f 1229/1/308 1230/2/308 1231/3/308 1232/4/308
v 2.638346 0.747267 -1.105533
v 2.805559 0.775321 -1.257037
v 2.821229 0.769336 -1.240874
v 2.653994 0.741287 -1.089348
vn -0.085337 -0.958595 -0.271686
f 1233/1/309 1234/2/309 1235/3/309 1236/4/309
v 2.653994 0.741287 -1.089348
v 2.821229 0.769336 -1.240874
v 2.835826 0.775321 -1.223736
v 2.668509 0.747267 -1.072139
vn 0.262189 -0.958502 0.111944
f 1237/1/310 1238/2/310 1239/3/310 1240/4/310
v 2.668509 0.747267 -1.072139
v 2.835826 0.775321 -1.223736
v 2.845437 0.791672 -1.210214
v 2.678002 0.763606 -1.058518
vn 0.539468 -0.701578 0.465578
f 1241/1/311 1242/2/311 1243/3/311 1244/4/311
v 2.678002 0.763606 -1.058518
v 2.845437 0.791672 -1.210214
v 2.847489 0.814009 -1.203932
v 2.679928 0.785925 -1.052134
vn 0.672200 -0.256663 0.694458
f 1245/1/312 1246/2/312 1247/3/312 1248/4/312
v 2.847489 0.814009 -1.203932
v 3.014569 0.840697 -1.356277
v 3.008598 0.863049 -1.358985
v 2.841431 0.836346 -1.206572
vn 0.628346 0.257221 0.734179
f 1249/1/313 1250/2/313 1251/3/313 1252/4/313
v 2.841431 0.836346 -1.206572
v 3.008598 0.863049 -1.358985
v 2.996086 0.879411 -1.369863
v 2.828886 0.852697 -1.217428
vn 0.415053 0.702364 0.578288
f 1253/1/314 1254/2/314 1255/3/314 1256/4/314
v 2.828886 0.852697 -1.217428
v 2.996086 0.879411 -1.369863
v 2.980388 0.885401 -1.385996
v 2.813216 0.858682 -1.233591
vn 0.090551 0.959309 0.267443
f 1257/1/315 1258/2/315 1259/3/315 1260/4/315
v 2.813216 0.858682 -1.233591
v 2.980388 0.885401 -1.385996
v 2.965708 0.879411 -1.403061
v 2.798620 0.852697 -1.250729
vn -0.258209 0.959212 -0.115066
f 1261/1/316 1262/2/316 1263/3/316 1264/4/316
v 2.798620 0.852697 -1.250729
v 2.965708 0.879411 -1.403061
v 2.955981 0.863049 -1.416487
v 2.789008 0.836346 -1.264251
vn -0.537781 0.702095 -0.466749
f 1265/1/317 1266/2/317 1267/3/317 1268/4/317
v 2.789008 0.836346 -1.264251
v 2.955981 0.863049 -1.416487
v 2.953812 0.840697 -1.422675
v 2.786956 0.814009 -1.270534
vn -0.673250 0.256850 -0.693371
f 1269/1/318 1270/2/318 1271/3/318 1272/4/318
v 2.786956 0.814009 -1.270534
v 2.953812 0.840697 -1.422675
v 2.959784 0.818345 -1.419967
v 2.793015 0.791672 -1.267893
vn -0.628316 -0.257216 -0.734206
f 1273/1/319 1274/2/319 1275/3/319 1276/4/319
v 2.793015 0.791672 -1.267893
v 2.959784 0.818345 -1.419967
v 2.972295 0.801982 -1.409089
v 2.805559 0.775321 -1.257037
vn -0.415023 -0.702359 -0.578315
f 1277/1/320 1278/2/320 1279/3/320 1280/4/320
v 2.805559 0.775321 -1.257037
v 2.972295 0.801982 -1.409089
v 2.987994 0.795993 -1.392956
v 2.821229 0.769336 -1.240874
vn -0.090522 -0.959305 -0.267470
f 1281/1/321 1282/2/321 1283/3/321 1284/4/321
v 2.821229 0.769336 -1.240874
v 2.987994 0.795993 -1.392956
v 3.002674 0.801982 -1.375891
v 2.835826 0.775321 -1.223736
vn 0.258239 -0.959207 0.115039
f 1285/1/322 1286/2/322 1287/3/322 1288/4/322
v 2.835826 0.775321 -1.223736
v 3.002674 0.801982 -1.375891
v 3.012401 0.818345 -1.362465
v 2.845437 0.791672 -1.210214
vn 0.537810 -0.702090 0.466722
f 1289/1/323 1290/2/323 1291/3/323 1292/4/323
v 2.845437 0.791672 -1.210214
v 3.012401 0.818345 -1.362465
v 3.014569 0.840697 -1.356277
v 2.847489 0.814009 -1.203932
vn 0.673280 -0.256845 0.693343
f 1293/1/324 1294/2/324 1295/3/324 1296/4/324
v 3.014569 0.840697 -1.356277
v 3.181121 0.866122 -1.509224
v 3.175225 0.888487 -1.511988
v 3.008598 0.863049 -1.358985
vn 0.631983 0.257393 0.730990
f 1297/1/325 1298/2/325 1299/3/325 1300/4/325
v 3.008598 0.863049 -1.358985
v 3.175225 0.888487 -1.511988
v 3.162737 0.904859 -1.522878
v 2.996086 0.879411 -1.369863
vn 0.419946 0.702816 0.574190
f 1301/1/326 1302/2/326 1303/3/326 1304/4/326
v 2.996086 0.879411 -1.369863
v 3.162737 0.904859 -1.522878
v 3.147001 0.910852 -1.538973
v 2.980388 0.885401 -1.385996
vn 0.095390 0.959922 0.263535
f 1305/1/327 1306/2/327 1307/3/327 1308/4/327
v 2.980388 0.885401 -1.385996
v 3.147001 0.910852 -1.538973
v 3.132235 0.904859 -1.555963
v 2.965708 0.879411 -1.403061
vn -0.254722 0.959820 -0.117738
f 1309/1/328 1310/2/328 1311/3/328 1312/4/328
v 2.965708 0.879411 -1.403061
v 3.132235 0.904859 -1.555963
v 3.122395 0.888487 -1.569294
v 2.955981 0.863049 -1.416487
vn -0.536579 0.702535 -0.467470
f 1313/1/329 1314/2/329 1315/3/329 1316/4/329
v 2.955981 0.863049 -1.416487
v 3.122395 0.888487 -1.569294
v 3.120118 0.866122 -1.575394
v 2.953812 0.840697 -1.422675
vn -0.674655 0.257005 -0.691946
f 1317/1/330 1318/2/330 1319/3/330 1320/4/330
v 2.953812 0.840697 -1.422675
v 3.120118 0.866122 -1.575394
v 3.126013 0.843757 -1.572630
v 2.959784 0.818345 -1.419967
vn -0.631952 -0.257388 -0.731018
f 1321/1/331 1322/2/331 1323/3/331 1324/4/331
v 2.959784 0.818345 -1.419967
v 3.126013 0.843757 -1.572630
v 3.138502 0.827384 -1.561741
v 2.972295 0.801982 -1.409089
vn -0.419915 -0.702811 -0.574219
f 1325/1/332 1326/2/332 1327/3/332 1328/4/332
v 2.972295 0.801982 -1.409089
v 3.138502 0.827384 -1.561741
v 3.154238 0.821392 -1.545645
v 2.987994 0.795993 -1.392956
vn -0.095359 -0.959917 -0.263564
f 1329/1/333 1330/2/333 1331/3/333 1332/4/333
v 2.987994 0.795993 -1.392956
v 3.154238 0.821392 -1.545645
v 3.169004 0.827384 -1.528655
v 3.002674 0.801982 -1.375891
vn 0.254753 -0.959815 0.117710
f 1333/1/334 1334/2/334 1335/3/334 1336/4/334
v 3.002674 0.801982 -1.375891
v 3.169004 0.827384 -1.528655
v 3.178844 0.843757 -1.515324
v 3.012401 0.818345 -1.362465
vn 0.536610 -0.702530 0.467441
f 1337/1/335 1338/2/335 1339/3/335 1340/4/335
v 3.012401 0.818345 -1.362465
v 3.178844 0.843757 -1.515324
v 3.181121 0.866122 -1.509224
v 3.014569 0.840697 -1.356277
vn 0.674686 -0.257000 0.691917
f 1341/1/336 1342/2/336 1343/3/336 1344/4/336
v 3.181121 0.866122 -1.509224
v 3.347088 0.890418 -1.662829
v 3.341257 0.912794 -1.665641
v 3.175225 0.888487 -1.511988
vn 0.635758 0.257543 0.727656
f 1345/1/337 1346/2/337 1347/3/337 1348/4/337
v 3.175225 0.888487 -1.511988
v 3.341257 0.912794 -1.665641
v 3.328780 0.929175 -1.676530
v 3.162737 0.904859 -1.522878
vn 0.424723 0.703205 0.570187
f 1349/1/338 1350/2/338 1351/3/338 1352/4/338
v 3.162737 0.904859 -1.522878
v 3.328780 0.929175 -1.676530
v 3.312999 0.935170 -1.692580
v 3.147001 0.910852 -1.538973
vn 0.099890 0.960446 0.259933
f 1353/1/339 1354/2/339 1355/3/339 1356/4/339
v 3.147001 0.910852 -1.538973
v 3.312999 0.935170 -1.692580
v 3.298143 0.929175 -1.709490
v 3.132235 0.904859 -1.555963
vn -0.251706 0.960339 -0.119974
f 1357/1/340 1358/2/340 1359/3/340 1360/4/340
v 3.132235 0.904859 -1.555963
v 3.298143 0.929175 -1.709490
v 3.288192 0.912794 -1.722729
v 3.122395 0.888487 -1.569294
vn -0.535853 0.702909 -0.467739
f 1361/1/341 1362/2/341 1363/3/341 1364/4/341
v 3.122395 0.888487 -1.569294
v 3.288192 0.912794 -1.722729
v 3.285814 0.890418 -1.728749
v 3.120118 0.866122 -1.575394
vn -0.676414 0.257134 -0.690178
f 1365/1/342 1366/2/342 1367/3/342 1368/4/342
v 3.120118 0.866122 -1.575394
v 3.285814 0.890418 -1.728749
v 3.291645 0.868041 -1.725938
v 3.126013 0.843757 -1.572630
vn -0.635725 -0.257538 -0.727687
f 1369/1/343 1370/2/343 1371/3/343 1372/4/343
v 3.126013 0.843757 -1.572630
v 3.291645 0.868041 -1.725938
v 3.304122 0.851661 -1.715048
v 3.138502 0.827384 -1.561741
vn -0.424690 -0.703200 -0.570217
f 1373/1/344 1374/2/344 1375/3/344 1376/4/344
v 3.138502 0.827384 -1.561741
v 3.304122 0.851661 -1.715048
v 3.319903 0.845665 -1.698998
v 3.154238 0.821392 -1.545645
vn -0.099857 -0.960441 -0.259964
f 1377/1/345 1378/2/345 1379/3/345 1380/4/345
v 3.154238 0.821392 -1.545645
v 3.319903 0.845665 -1.698998
v 3.334759 0.851661 -1.682088
v 3.169004 0.827384 -1.528655
vn 0.251738 -0.960334 0.119943
f 1381/1/346 1382/2/346 1383/3/346 1384/4/346
v 3.169004 0.827384 -1.528655
v 3.334759 0.851661 -1.682088
v 3.344710 0.868041 -1.668850
v 3.178844 0.843757 -1.515324
vn 0.535886 -0.702904 0.467709
f 1385/1/347 1386/2/347 1387/3/347 1388/4/347
v 3.178844 0.843757 -1.515324
v 3.344710 0.868041 -1.668850
v 3.347088 0.890418 -1.662829
v 3.181121 0.866122 -1.509224
vn 0.676447 -0.257129 0.690148
f 1389/1/348 1390/2/348 1391/3/348 1392/4/348
v 3.347088 0.890418 -1.662829
v 3.512407 0.913718 -1.817161
v 3.506630 0.936104 -1.820009
v 3.341257 0.912794 -1.665641
vn 0.639703 0.257673 0.724144
f 1393/1/349 1394/2/349 1395/3/349 1396/4/349
v 3.341257 0.912794 -1.665641
v 3.506630 0.936104 -1.820009
v 3.494151 0.952491 -1.830887
v 3.328780 0.929175 -1.676530
vn 0.429409 0.703536 0.566255
f 1397/1/350 1398/2/350 1399/3/350 1400/4/350
v 3.328780 0.929175 -1.676530
v 3.494151 0.952491 -1.830887
v 3.478315 0.958489 -1.846882
v 3.312999 0.935170 -1.692580
vn 0.104060 0.960890 0.256635
f 1401/1/351 1402/2/351 1403/3/351 1404/4/351
v 3.312999 0.935170 -1.692580
v 3.478315 0.958489 -1.846882
v 3.463365 0.952491 -1.863708
v 3.298143 0.929175 -1.709490
vn -0.249167 0.960776 -0.121755
f 1405/1/352 1406/2/352 1407/3/352 1408/4/352
v 3.298143 0.929175 -1.709490
v 3.463365 0.952491 -1.863708
v 3.453306 0.936104 -1.876856
v 3.288192 0.912794 -1.722729
vn -0.535627 0.703223 -0.467527
f 1409/1/353 1410/2/353 1411/3/353 1412/4/353
v 3.288192 0.912794 -1.722729
v 3.453306 0.936104 -1.876856
v 3.450834 0.913718 -1.882803
v 3.285814 0.890418 -1.728749
vn -0.678560 0.257240 -0.688029
f 1413/1/354 1414/2/354 1415/3/354 1416/4/354
v 3.285814 0.890418 -1.728749
v 3.450834 0.913718 -1.882803
v 3.456611 0.891332 -1.879956
v 3.291645 0.868041 -1.725938
vn -0.639668 -0.257668 -0.724177
f 1417/1/355 1418/2/355 1419/3/355 1420/4/355
v 3.291645 0.868041 -1.725938
v 3.456611 0.891332 -1.879956
v 3.469089 0.874945 -1.869077
v 3.304122 0.851661 -1.715048
vn -0.429374 -0.703531 -0.566287
f 1421/1/356 1422/2/356 1423/3/356 1424/4/356
v 3.304122 0.851661 -1.715048
v 3.469089 0.874945 -1.869077
v 3.484925 0.868947 -1.853082
v 3.319903 0.845665 -1.698998
vn -0.104026 -0.960885 -0.256667
f 1425/1/357 1426/2/357 1427/3/357 1428/4/357
v 3.319903 0.845665 -1.698998
v 3.484925 0.868947 -1.853082
v 3.499876 0.874945 -1.836257
v 3.334759 0.851661 -1.682088
vn 0.249202 -0.960771 0.121723
f 1429/1/358 1430/2/358 1431/3/358 1432/4/358
v 3.334759 0.851661 -1.682088
v 3.499876 0.874945 -1.836257
v 3.509935 0.891332 -1.823109
v 3.344710 0.868041 -1.668850
vn 0.535662 -0.703218 0.467495
f 1433/1/359 1434/2/359 1435/3/359 1436/4/359
v 3.344710 0.868041 -1.668850
v 3.509935 0.891332 -1.823109
v 3.512407 0.913718 -1.817161
v 3.347088 0.890418 -1.662829
vn 0.678595 -0.257235 0.687996
f 1437/1/360 1438/2/360 1439/3/360 1440/4/360
v 3.512407 0.913718 -1.817161
v 3.677003 0.936157 -1.972296
v 3.671269 0.958550 -1.975168
v 3.506630 0.936104 -1.820009
vn 0.643857 0.257785 0.720413
f 1441/1/361 1442/2/361 1443/3/361 1444/4/361
v 3.506630 0.936104 -1.820009
v 3.671269 0.958550 -1.975168
v 3.658777 0.974943 -1.986022
v 3.494151 0.952491 -1.830887
vn 0.434033 0.703815 0.562369
f 1445/1/362 1446/2/362 1447/3/362 1448/4/362
v 3.494151 0.952491 -1.830887
v 3.658777 0.974943 -1.986022
v 3.642876 0.980943 -2.001952
v 3.478315 0.958489 -1.846882
vn 0.107916 0.961261 0.253635
f 1449/1/363 1450/2/363 1451/3/363 1452/4/363
v 3.478315 0.958489 -1.846882
v 3.642876 0.980943 -2.001952
v 3.627826 0.974943 -2.018688
v 3.463365 0.952491 -1.863708
vn -0.247114 0.961140 -0.123066
f 1453/1/364 1454/2/364 1455/3/364 1456/4/364
v 3.463365 0.952491 -1.863708
v 3.627826 0.974943 -2.018688
v 3.617659 0.958550 -2.031745
v 3.453306 0.936104 -1.876856
vn -0.535925 0.703481 -0.466797
f 1457/1/365 1458/2/365 1459/3/365 1460/4/365
v 3.453306 0.936104 -1.876856
v 3.617659 0.958550 -2.031745
v 3.615100 0.936157 -2.037626
v 3.450834 0.913718 -1.882803
vn -0.681129 0.257324 -0.685454
f 1461/1/366 1462/2/366 1463/3/366 1464/4/366
v 3.450834 0.913718 -1.882803
v 3.615100 0.936157 -2.037626
v 3.620835 0.913763 -2.034755
v 3.456611 0.891332 -1.879956
vn -0.643820 -0.257780 -0.720448
f 1465/1/367 1466/2/367 1467/3/367 1468/4/367
v 3.456611 0.891332 -1.879956
v 3.620835 0.913763 -2.034755
v 3.633327 0.897370 -2.023900
v 3.469089 0.874945 -1.869077
vn -0.433996 -0.703810 -0.562404
f 1469/1/368 1470/2/368 1471/3/368 1472/4/368
v 3.469089 0.874945 -1.869077
v 3.633327 0.897370 -2.023900
v 3.649228 0.891370 -2.007971
v 3.484925 0.868947 -1.853082
vn -0.107879 -0.961256 -0.253670
f 1473/1/369 1474/2/369 1475/3/369 1476/4/369
v 3.484925 0.868947 -1.853082
v 3.649228 0.891370 -2.007971
v 3.664278 0.897370 -1.991235
v 3.499876 0.874945 -1.836257
vn 0.247151 -0.961135 0.123031
f 1477/1/370 1478/2/370 1479/3/370 1480/4/370
v 3.499876 0.874945 -1.836257
v 3.664278 0.897370 -1.991235
v 3.674445 0.913763 -1.978177
v 3.509935 0.891332 -1.823109
vn 0.535962 -0.703475 0.466762
f 1481/1/371 1482/2/371 1483/3/371 1484/4/371
v 3.509935 0.891332 -1.823109
v 3.674445 0.913763 -1.978177
v 3.677003 0.936157 -1.972296
v 3.512407 0.913718 -1.817161
vn 0.681167 -0.257319 0.685419
f 1485/1/372 1486/2/372 1487/3/372 1488/4/372
v 3.677003 0.936157 -1.972296
v 3.840793 0.957867 -2.128321
v 3.835089 0.980266 -2.131205
v 3.671269 0.958550 -1.975168
vn 0.648266 0.257883 0.716413
f 1489/1/373 1490/2/373 1491/3/373 1492/4/373
v 3.671269 0.958550 -1.975168
v 3.835089 0.980266 -2.131205
v 3.822571 0.996664 -2.142022
v 3.658777 0.974943 -1.986022
vn 0.438632 0.704047 0.558497
f 1493/1/374 1494/2/374 1495/3/374 1496/4/374
v 3.658777 0.974943 -1.986022
v 3.822571 0.996664 -2.142022
v 3.806593 1.002666 -2.157874
v 3.642876 0.980943 -2.001952
vn 0.111472 0.961566 0.250928
f 1497/1/375 1498/2/375 1499/3/375 1500/4/375
v 3.642876 0.980943 -2.001952
v 3.806593 1.002666 -2.157874
v 3.791436 0.996664 -2.174513
v 3.627826 0.974943 -2.018688
vn -0.245552 0.961435 -0.123883
f 1501/1/376 1502/2/376 1503/3/376 1504/4/376
v 3.627826 0.974943 -2.018688
v 3.791436 0.996664 -2.174513
v 3.781162 0.980266 -2.187480
v 3.617659 0.958550 -2.031745
vn -0.536776 0.703687 -0.465506
f 1505/1/377 1506/2/377 1507/3/377 1508/4/377
v 3.617659 0.958550 -2.031745
v 3.781162 0.980266 -2.187480
v 3.778524 0.957867 -2.193302
v 3.615100 0.936157 -2.037626
vn -0.684165 0.257387 -0.682401
f 1509/1/378 1510/2/378 1511/3/378 1512/4/378
v 3.615100 0.936157 -2.037626
v 3.778524 0.957867 -2.193302
v 3.784228 0.935467 -2.190418
v 3.620835 0.913763 -2.034755
vn -0.648226 -0.257877 -0.716451
f 1513/1/379 1514/2/379 1515/3/379 1516/4/379
v 3.620835 0.913763 -2.034755
v 3.784228 0.935467 -2.190418
v 3.796746 0.919070 -2.179600
v 3.633327 0.897370 -2.023900
vn -0.438592 -0.704042 -0.558535
f 1517/1/380 1518/2/380 1519/3/380 1520/4/380
v 3.633327 0.897370 -2.023900
v 3.796746 0.919070 -2.179600
v 3.812724 0.913068 -2.163749
v 3.649228 0.891370 -2.007971
vn -0.111433 -0.961561 -0.250966
f 1521/1/381 1522/2/381 1523/3/381 1524/4/381
v 3.649228 0.891370 -2.007971
v 3.812724 0.913068 -2.163749
v 3.827880 0.919070 -2.147110
v 3.664278 0.897370 -1.991235
vn 0.245592 -0.961430 0.123845
f 1525/1/382 1526/2/382 1527/3/382 1528/4/382
v 3.664278 0.897370 -1.991235
v 3.827880 0.919070 -2.147110
v 3.838154 0.935467 -2.134142
v 3.674445 0.913763 -1.978177
vn 0.536816 -0.703682 0.465468
f 1529/1/383 1530/2/383 1531/3/383 1532/4/383
v 3.674445 0.913763 -1.978177
v 3.838154 0.935467 -2.134142
v 3.840793 0.957867 -2.128321
v 3.677003 0.936157 -1.972296
vn 0.684205 -0.257381 0.682363
f 1533/1/384 1534/2/384 1535/3/384 1536/4/384
v 3.840793 0.957867 -2.128321
v 4.003684 0.978982 -2.285342
v 3.997998 1.001387 -2.288225
v 3.835089 0.980266 -2.131205
vn 0.652985 0.257967 0.712084
f 1537/1/385 1538/2/385 1539/3/385 1540/4/385
v 3.835089 0.980266 -2.131205
v 3.997998 1.001387 -2.288225
v 3.985437 1.017788 -2.298987
v 3.822571 0.996664 -2.142022
vn 0.443250 0.704236 0.554600
f 1541/1/386 1542/2/386 1543/3/386 1544/4/386
v 3.822571 0.996664 -2.142022
v 3.985437 1.017788 -2.298987
v 3.969366 1.023791 -2.314744
v 3.806593 1.002666 -2.157874
vn 0.114752 0.961809 0.248505
f 1545/1/387 1546/2/387 1547/3/387 1548/4/387
v 3.806593 1.002666 -2.157874
v 3.969366 1.023791 -2.314744
v 3.954091 1.017788 -2.331273
v 3.791436 0.996664 -2.174513
vn -0.244489 0.961667 -0.124184
f 1549/1/388 1550/2/388 1551/3/388 1552/4/388
v 3.791436 0.996664 -2.174513
v 3.954091 1.017788 -2.331273
v 3.943705 1.001387 -2.344147
v 3.781162 0.980266 -2.187480
vn -0.538213 0.703845 -0.463604
f 1553/1/389 1554/2/389 1555/3/389 1556/4/389
v 3.781162 0.980266 -2.187480
v 3.943705 1.001387 -2.344147
v 3.940992 0.978982 -2.349915
v 3.778524 0.957867 -2.193302
vn -0.687716 0.257430 -0.678806
f 1557/1/390 1558/2/390 1559/3/390 1560/4/390
v 3.778524 0.957867 -2.193302
v 3.940992 0.978982 -2.349915
v 3.946677 0.956578 -2.347032
v 3.784228 0.935467 -2.190418
vn -0.652940 -0.257961 -0.712128
f 1561/1/391 1562/2/391 1563/3/391 1564/4/391
v 3.784228 0.935467 -2.190418
v 3.946677 0.956578 -2.347032
v 3.959238 0.940177 -2.336270
v 3.796746 0.919070 -2.179600
vn -0.443205 -0.704231 -0.554643
f 1565/1/392 1566/2/392 1567/3/392 1568/4/392
v 3.796746 0.919070 -2.179600
v 3.959238 0.940177 -2.336270
v 3.975309 0.934173 -2.320514
v 3.812724 0.913068 -2.163749
vn -0.114707 -0.961804 -0.248548
f 1569/1/393 1570/2/393 1571/3/393 1572/4/393
v 3.812724 0.913068 -2.163749
v 3.975309 0.934173 -2.320514
v 3.990584 0.940177 -2.303984
v 3.827880 0.919070 -2.147110
vn 0.244534 -0.961661 0.124141
f 1573/1/394 1574/2/394 1575/3/394 1576/4/394
v 3.827880 0.919070 -2.147110
v 3.990584 0.940177 -2.303984
v 4.000970 0.956578 -2.291110
v 3.838154 0.935467 -2.134142
vn 0.538258 -0.703839 0.463560
f 1577/1/395 1578/2/395 1579/3/395 1580/4/395
v 3.838154 0.935467 -2.134142
v 4.000970 0.956578 -2.291110
v 4.003684 0.978982 -2.285342
v 3.840793 0.957867 -2.128321
vn 0.687761 -0.257424 0.678762
f 1581/1/396 1582/2/396 1583/3/396 1584/4/396
v 4.003684 0.978982 -2.285342
v 4.165491 0.999637 -2.443561
v 4.159811 1.022045 -2.446427
v 3.997998 1.001387 -2.288225
vn 0.658413 0.258062 0.707033
f 1585/1/397 1586/2/397 1587/3/397 1588/4/397
v 3.997998 1.001387 -2.288225
v 4.159811 1.022045 -2.446427
v 4.147187 1.038449 -2.457111
v 3.985437 1.017788 -2.298987
vn 0.448191 0.704402 0.550402
f 1589/1/398 1590/2/398 1591/3/398 1592/4/398
v 3.985437 1.017788 -2.298987
v 4.147187 1.038449 -2.457111
v 4.131000 1.044453 -2.472749
v 3.969366 1.023791 -2.314744
vn 0.117883 0.962002 0.246284
f 1593/1/399 1594/2/399 1595/3/399 1596/4/399
v 3.969366 1.023791 -2.314744
v 4.131000 1.044453 -2.472749
v 4.115590 1.038449 -2.489152
v 3.954091 1.017788 -2.331273
vn -0.244006 0.961835 -0.123835
f 1597/1/400 1598/2/400 1599/3/400 1600/4/400
v 3.954091 1.017788 -2.331273
v 4.115590 1.038449 -2.489152
v 4.105084 1.022045 -2.501924
v 3.943705 1.001387 -2.344147
vn -0.540507 0.703942 -0.460779
f 1601/1/401 1602/2/401 1603/3/401 1604/4/401
v 3.943705 1.001387 -2.344147
v 4.105084 1.022045 -2.501924
v 4.102297 0.999637 -2.507644
v 3.940992 0.978982 -2.349915
vn -0.692170 0.257431 -0.674262
f 1605/1/402 1606/2/402 1607/3/402 1608/4/402
v 3.940992 0.978982 -2.349915
v 4.102297 0.999637 -2.507644
v 4.107977 0.977229 -2.504778
v 3.946677 0.956578 -2.347032
vn -0.658361 -0.258055 -0.707085
f 1609/1/403 1610/2/403 1611/3/403 1612/4/403
v 3.946677 0.956578 -2.347032
v 4.107977 0.977229 -2.504778
v 4.120602 0.960825 -2.494094
v 3.959238 0.940177 -2.336270
vn -0.448139 -0.704395 -0.550453
f 1613/1/404 1614/2/404 1615/3/404 1616/4/404
v 3.959238 0.940177 -2.336270
v 4.120602 0.960825 -2.494094
v 4.136788 0.954821 -2.478456
v 3.975309 0.934173 -2.320514
vn -0.117831 -0.961995 -0.246334
f 1617/1/405 1618/2/405 1619/3/405 1620/4/405
v 3.975309 0.934173 -2.320514
v 4.136788 0.954821 -2.478456
v 4.152199 0.960825 -2.462053
v 3.990584 0.940177 -2.303984
vn 0.244059 -0.961828 0.123784
f 1621/1/406 1622/2/406 1623/3/406 1624/4/406
v 3.990584 0.940177 -2.303984
v 4.152199 0.960825 -2.462053
v 4.162705 0.977229 -2.449281
v 4.000970 0.956578 -2.291110
vn 0.540559 -0.703936 0.460728
f 1625/1/407 1626/2/407 1627/3/407 1628/4/407
v 4.000970 0.956578 -2.291110
v 4.162705 0.977229 -2.449281
v 4.165491 0.999637 -2.443561
v 4.003684 0.978982 -2.285342
vn 0.692223 -0.257424 0.674211
f 1629/1/408 1630/2/408 1631/3/408 1632/4/408
v 4.165491 0.999637 -2.443561
v 4.325983 1.019965 -2.603175
v 4.320296 1.042375 -2.606009
v 4.159811 1.022045 -2.446427
vn 0.664629 0.258147 0.701162
f 1633/1/409 1634/2/409 1635/3/409 1636/4/409
v 4.159811 1.022045 -2.446427
v 4.320296 1.042375 -2.606009
v 4.307592 1.058780 -2.616595
v 4.147187 1.038449 -2.457111
vn 0.453527 0.704531 0.545847
f 1637/1/410 1638/2/410 1639/3/410 1640/4/410
v 4.147187 1.038449 -2.457111
v 4.307592 1.058780 -2.616595
v 4.291274 1.064785 -2.632096
v 4.131000 1.044453 -2.472749
vn 0.120909 0.962141 0.244264
f 1641/1/411 1642/2/411 1643/3/411 1644/4/411
v 4.131000 1.044453 -2.472749
v 4.291274 1.064785 -2.632096
v 4.275716 1.058780 -2.648359
v 4.115590 1.038449 -2.489152
vn -0.244101 0.961946 -0.122780
f 1645/1/412 1646/2/412 1647/3/412 1648/4/412
v 4.115590 1.038449 -2.489152
v 4.275716 1.058780 -2.648359
v 4.265086 1.042375 -2.661025
v 4.105084 1.022045 -2.501924
vn -0.543695 0.703995 -0.456932
f 1649/1/413 1650/2/413 1651/3/413 1652/4/413
v 4.105084 1.022045 -2.501924
v 4.265086 1.042375 -2.661025
v 4.262231 1.019965 -2.666702
v 4.102297 0.999637 -2.507644
vn -0.697597 0.257412 -0.668654
f 1653/1/414 1654/2/414 1655/3/414 1656/4/414
v 4.102297 0.999637 -2.507644
v 4.262231 1.019965 -2.666702
v 4.267918 0.997554 -2.663868
v 4.107977 0.977229 -2.504778
vn -0.664572 -0.258140 -0.701219
f 1657/1/415 1658/2/415 1659/3/415 1660/4/415
v 4.107977 0.977229 -2.504778
v 4.267918 0.997554 -2.663868
v 4.280622 0.981149 -2.653282
v 4.120602 0.960825 -2.494094
vn -0.453470 -0.704524 -0.545903
f 1661/1/416 1662/2/416 1663/3/416 1664/4/416
v 4.120602 0.960825 -2.494094
v 4.280622 0.981149 -2.653282
v 4.296940 0.975144 -2.637781
v 4.136788 0.954821 -2.478456
vn -0.120852 -0.962134 -0.244320
f 1665/1/417 1666/2/417 1667/3/417 1668/4/417
v 4.136788 0.954821 -2.478456
v 4.296940 0.975144 -2.637781
v 4.312498 0.981149 -2.621518
v 4.152199 0.960825 -2.462053
vn 0.244158 -0.961939 0.122724
f 1669/1/418 1670/2/418 1671/3/418 1672/4/418
v 4.152199 0.960825 -2.462053
v 4.312498 0.981149 -2.621518
v 4.323128 0.997554 -2.608851
v 4.162705 0.977229 -2.449281
vn 0.543752 -0.703988 0.456875
f 1673/1/419 1674/2/419 1675/3/419 1676/4/419
v 4.162705 0.977229 -2.449281
v 4.323128 0.997554 -2.608851
v 4.325983 1.019965 -2.603175
v 4.165491 0.999637 -2.443561
vn 0.697654 -0.257405 0.668597
f 1677/1/420 1678/2/420 1679/3/420 1680/4/420
v 4.325983 1.019965 -2.603175
v 4.485071 1.040098 -2.764268
v 4.479365 1.062510 -2.767054
v 4.320296 1.042375 -2.606009
vn 0.671069 0.258185 0.694987
f 1681/1/421 1682/2/421 1683/3/421 1684/4/421
v 4.320296 1.042375 -2.606009
v 4.479365 1.062510 -2.767054
v 4.466562 1.078916 -2.777518
v 4.307592 1.058780 -2.616595
vn 0.458838 0.704599 0.541302
f 1685/1/422 1686/2/422 1687/3/422 1688/4/422
v 4.307592 1.058780 -2.616595
v 4.466562 1.078916 -2.777518
v 4.450092 1.084921 -2.792857
v 4.291274 1.064785 -2.632096
vn 0.123669 0.962220 0.242566
f 1689/1/423 1690/2/423 1691/3/423 1692/4/423
v 4.291274 1.064785 -2.632096
v 4.450092 1.084921 -2.792857
v 4.434369 1.078916 -2.808960
v 4.275716 1.058780 -2.648359
vn -0.244631 0.962014 -0.121177
f 1693/1/424 1694/2/424 1695/3/424 1696/4/424
v 4.275716 1.058780 -2.648359
v 4.434369 1.078916 -2.808960
v 4.423605 1.062510 -2.821513
v 4.265086 1.042375 -2.661025
vn -0.547372 0.704035 -0.452459
f 1697/1/425 1698/2/425 1699/3/425 1700/4/425
v 4.265086 1.042375 -2.661025
v 4.423605 1.062510 -2.821513
v 4.420685 1.040098 -2.827152
v 4.262231 1.019965 -2.666702
vn -0.703433 0.257413 -0.662510
f 1701/1/426 1702/2/426 1703/3/426 1704/4/426
v 4.262231 1.019965 -2.666702
v 4.420685 1.040098 -2.827152
v 4.426392 1.017687 -2.824366
v 4.267918 0.997554 -2.663868
vn -0.671004 -0.258177 -0.695053
f 1705/1/427 1706/2/427 1707/3/427 1708/4/427
v 4.267918 0.997554 -2.663868
v 4.426392 1.017687 -2.824366
v 4.439195 1.001281 -2.813902
v 4.280622 0.981149 -2.653282
vn -0.458773 -0.704591 -0.541368
f 1709/1/428 1710/2/428 1711/3/428 1712/4/428
v 4.280622 0.981149 -2.653282
v 4.439195 1.001281 -2.813902
v 4.455665 0.995275 -2.798563
v 4.296940 0.975144 -2.637781
vn -0.123604 -0.962212 -0.242631
f 1713/1/429 1714/2/429 1715/3/429 1716/4/429
v 4.296940 0.975144 -2.637781
v 4.455665 0.995275 -2.798563
v 4.471388 1.001281 -2.782460
v 4.312498 0.981149 -2.621518
vn 0.244696 -0.962006 0.121113
f 1717/1/430 1718/2/430 1719/3/430 1720/4/430
v 4.312498 0.981149 -2.621518
v 4.471388 1.001281 -2.782460
v 4.482151 1.017687 -2.769907
v 4.323128 0.997554 -2.608851
vn 0.547437 -0.704026 0.452393
f 1721/1/431 1722/2/431 1723/3/431 1724/4/431
v 4.323128 0.997554 -2.608851
v 4.482151 1.017687 -2.769907
v 4.485071 1.040098 -2.764268
v 4.325983 1.019965 -2.603175
vn 0.703499 -0.257405 0.662444
f 1725/1/432 1726/2/432 1727/3/432 1728/4/432
v 4.485071 1.040098 -2.764268
v 4.642453 1.060172 -2.927204
v 4.636710 1.082583 -2.929916
v 4.479365 1.062510 -2.767054
vn 0.678761 0.258277 0.687442
f 1729/1/433 1730/2/433 1731/3/433 1732/4/433
v 4.479365 1.062510 -2.767054
v 4.636710 1.082583 -2.929916
v 4.623773 1.098990 -2.940214
v 4.466562 1.078916 -2.777518
vn 0.464896 0.704678 0.536005
f 1733/1/434 1734/2/434 1735/3/434 1736/4/434
v 4.466562 1.078916 -2.777518
v 4.623773 1.098990 -2.940214
v 4.607108 1.104995 -2.955340
v 4.450092 1.084921 -2.792857
vn 0.126469 0.962267 0.240932
f 1737/1/435 1738/2/435 1739/3/435 1740/4/435
v 4.450092 1.084921 -2.792857
v 4.607108 1.104995 -2.955340
v 4.591179 1.098990 -2.971240
v 4.434369 1.078916 -2.808960
vn -0.245836 0.962014 -0.118715
f 1741/1/436 1742/2/436 1743/3/436 1744/4/436
v 4.434369 1.078916 -2.808960
v 4.591179 1.098990 -2.971240
v 4.580256 1.082583 -2.983655
v 4.423605 1.062510 -2.821513
vn -0.552255 0.703987 -0.446561
f 1745/1/437 1746/2/437 1747/3/437 1748/4/437
v 4.423605 1.062510 -2.821513
v 4.580256 1.082583 -2.983655
v 4.577264 1.060172 -2.989256
v 4.420685 1.040098 -2.827152
vn -0.710683 0.257333 -0.654759
f 1749/1/438 1750/2/438 1751/3/438 1752/4/438
v 4.420685 1.040098 -2.827152
v 4.577264 1.060172 -2.989256
v 4.583006 1.037761 -2.986544
v 4.426392 1.017687 -2.824366
vn -0.678677 -0.258267 -0.687528
f 1753/1/439 1754/2/439 1755/3/439 1756/4/439
v 4.426392 1.017687 -2.824366
v 4.583006 1.037761 -2.986544
v 4.595943 1.021354 -2.976245
v 4.439195 1.001281 -2.813902
vn -0.464813 -0.704668 -0.536090
f 1757/1/440 1758/2/440 1759/3/440 1760/4/440
v 4.439195 1.001281 -2.813902
v 4.595943 1.021354 -2.976245
v 4.612609 1.015349 -2.961120
v 4.455665 0.995275 -2.798563
vn -0.126388 -0.962257 -0.241015
f 1761/1/441 1762/2/441 1763/3/441 1764/4/441
v 4.455665 0.995275 -2.798563
v 4.612609 1.015349 -2.961120
v 4.628538 1.021354 -2.945219
v 4.471388 1.001281 -2.782460
vn 0.245918 -0.962004 0.118631
f 1765/1/442 1766/2/442 1767/3/442 1768/4/442
v 4.471388 1.001281 -2.782460
v 4.628538 1.021354 -2.945219
v 4.639461 1.037761 -2.932805
v 4.482151 1.017687 -2.769907
vn 0.552338 -0.703976 0.446476
f 1769/1/443 1770/2/443 1771/3/443 1772/4/443
v 4.482151 1.017687 -2.769907
v 4.639461 1.037761 -2.932805
v 4.642453 1.060172 -2.927204
v 4.485071 1.040098 -2.764268
vn 0.710767 -0.257322 0.654672
f 1773/1/444 1774/2/444 1775/3/444 1776/4/444
v 4.642453 1.060172 -2.927204
v 4.797533 1.080319 -3.092524
v 4.791739 1.102730 -3.095133
v 4.636710 1.082583 -2.929916
vn 0.688645 0.258419 0.677486
f 1777/1/445 1778/2/445 1779/3/445 1780/4/445
v 4.636710 1.082583 -2.929916
v 4.791739 1.102730 -3.095133
v 4.778632 1.119135 -3.105217
v 4.623773 1.098990 -2.940214
vn 0.472445 0.704766 0.529245
f 1781/1/446 1782/2/446 1783/3/446 1784/4/446
v 4.623773 1.098990 -2.940214
v 4.778632 1.119135 -3.105217
v 4.761725 1.125140 -3.120072
v 4.607108 1.104995 -2.955340
vn 0.129660 0.962280 0.239175
f 1785/1/447 1786/2/447 1787/3/447 1788/4/447
v 4.607108 1.104995 -2.955340
v 4.761725 1.125140 -3.120072
v 4.745546 1.119135 -3.135718
v 4.591179 1.098990 -2.971240
vn -0.247858 0.961946 -0.115004
f 1789/1/448 1790/2/448 1791/3/448 1792/4/448
v 4.591179 1.098990 -2.971240
v 4.745546 1.119135 -3.135718
v 4.734433 1.102730 -3.147963
v 4.580256 1.082583 -2.983655
vn -0.558942 0.703853 -0.438377
f 1793/1/449 1794/2/449 1795/3/449 1796/4/449
v 4.580256 1.082583 -2.983655
v 4.734433 1.102730 -3.147963
v 4.731362 1.080319 -3.153527
v 4.577264 1.060172 -2.989256
vn -0.720240 0.257174 -0.644295
f 1797/1/450 1798/2/450 1799/3/450 1800/4/450
v 4.577264 1.060172 -2.989256
v 4.731362 1.080319 -3.153527
v 4.737156 1.057909 -3.150917
v 4.583006 1.037761 -2.986544
vn -0.688543 -0.258406 -0.677595
f 1801/1/451 1802/2/451 1803/3/451 1804/4/451
v 4.583006 1.037761 -2.986544
v 4.737156 1.057909 -3.150917
v 4.750263 1.041504 -3.140834
v 4.595943 1.021354 -2.976245
vn -0.472344 -0.704753 -0.529353
f 1805/1/452 1806/2/452 1807/3/452 1808/4/452
v 4.595943 1.021354 -2.976245
v 4.750263 1.041504 -3.140834
v 4.767170 1.035499 -3.125979
v 4.612609 1.015349 -2.961120
vn -0.129560 -0.962268 -0.239280
f 1809/1/453 1810/2/453 1811/3/453 1812/4/453
v 4.612609 1.015349 -2.961120
v 4.767170 1.035499 -3.125979
v 4.783348 1.041504 -3.110332
v 4.628538 1.021354 -2.945219
vn 0.247958 -0.961933 0.114898
f 1813/1/454 1814/2/454 1815/3/454 1816/4/454
v 4.628538 1.021354 -2.945219
v 4.783348 1.041504 -3.110332
v 4.794462 1.057909 -3.098087
v 4.639461 1.037761 -2.932805
vn 0.559044 -0.703840 0.438269
f 1817/1/455 1818/2/455 1819/3/455 1820/4/455
v 4.639461 1.037761 -2.932805
v 4.794462 1.057909 -3.098087
v 4.797533 1.080319 -3.092524
v 4.642453 1.060172 -2.927204
vn 0.720342 -0.257160 0.644186
f 1821/1/456 1822/2/456 1823/3/456 1824/4/456
v 4.797533 1.080319 -3.092524
v 4.949850 1.100674 -3.260650
v 4.943987 1.123082 -3.263123
v 4.791739 1.102730 -3.095133
vn 0.700120 0.258520 0.665582
f 1825/1/457 1826/2/457 1827/3/457 1828/4/457
v 4.791739 1.102730 -3.095133
v 4.943987 1.123082 -3.263123
v 4.930666 1.139485 -3.272924
v 4.778632 1.119135 -3.105217
vn 0.481069 0.704797 0.521378
f 1829/1/458 1830/2/458 1831/3/458 1832/4/458
v 4.778632 1.119135 -3.105217
v 4.930666 1.139485 -3.272924
v 4.913456 1.145490 -3.287428
v 4.761725 1.125140 -3.120072
vn 0.133122 0.962236 0.237444
f 1833/1/459 1834/2/459 1835/3/459 1836/4/459
v 4.761725 1.125140 -3.120072
v 4.913456 1.145490 -3.287428
v 4.896968 1.139485 -3.302748
v 4.745546 1.119135 -3.135718
vn -0.250482 0.961836 -0.110140
f 1837/1/460 1838/2/460 1839/3/460 1840/4/460
v 4.745546 1.119135 -3.135718
v 4.896968 1.139485 -3.302748
v 4.885621 1.123082 -3.314780
v 4.734433 1.102730 -3.147963
vn -0.566942 0.703704 -0.428226
f 1841/1/461 1842/2/461 1843/3/461 1844/4/461
v 4.734433 1.102730 -3.147963
v 4.885621 1.123082 -3.314780
v 4.882455 1.100674 -3.320299
v 4.731362 1.080319 -3.153527
vn -0.731466 0.257030 -0.631580
f 1845/1/462 1846/2/462 1847/3/462 1848/4/462
v 4.731362 1.080319 -3.153527
v 4.882455 1.100674 -3.320299
v 4.888318 1.078266 -3.317826
v 4.737156 1.057909 -3.150917
vn -0.699987 -0.258503 -0.665728
f 1849/1/463 1850/2/463 1851/3/463 1852/4/463
v 4.737156 1.057909 -3.150917
v 4.888318 1.078266 -3.317826
v 4.901639 1.061862 -3.308025
v 4.750263 1.041504 -3.140834
vn -0.480938 -0.704780 -0.521520
f 1853/1/464 1854/2/464 1855/3/464 1856/4/464
v 4.750263 1.041504 -3.140834
v 4.901639 1.061862 -3.308025
v 4.918849 1.055858 -3.293521
v 4.767170 1.035499 -3.125979
vn -0.132995 -0.962220 -0.237582
f 1857/1/465 1858/2/465 1859/3/465 1860/4/465
v 4.767170 1.035499 -3.125979
v 4.918849 1.055858 -3.293521
v 4.935336 1.061862 -3.278201
v 4.783348 1.041504 -3.110332
vn 0.250609 -0.961818 0.110003
f 1861/1/466 1862/2/466 1863/3/466 1864/4/466
v 4.783348 1.041504 -3.110332
v 4.935336 1.061862 -3.278201
v 4.946683 1.078266 -3.266169
v 4.794462 1.057909 -3.098087
vn 0.567071 -0.703686 0.428084
f 1865/1/467 1866/2/467 1867/3/467 1868/4/467
v 4.794462 1.057909 -3.098087
v 4.946683 1.078266 -3.266169
v 4.949850 1.100674 -3.260650
v 4.797533 1.080319 -3.092524
vn 0.731598 -0.257012 0.631434
f 1869/1/468 1870/2/468 1871/3/468 1872/4/468
v 4.949850 1.100674 -3.260650
v 5.098462 1.121343 -3.432549
v 5.092688 1.143772 -3.435041
v 4.943987 1.123082 -3.263123
vn 0.715115 0.258750 0.649353
f 1873/1/469 1874/2/469 1875/3/469 1876/4/469
v 4.943987 1.123082 -3.263123
v 5.092688 1.143772 -3.435041
v 5.079208 1.160191 -3.444596
v 4.930666 1.139485 -3.272924
vn 0.492298 0.704898 0.510648
f 1877/1/470 1878/2/470 1879/3/470 1880/4/470
v 4.930666 1.139485 -3.272924
v 5.079208 1.160191 -3.444596
v 5.061633 1.166201 -3.458653
v 4.913456 1.145490 -3.287428
vn 0.137567 0.962191 0.235083
f 1881/1/471 1882/2/471 1883/3/471 1884/4/471
v 4.913456 1.145490 -3.287428
v 5.061633 1.166201 -3.458653
v 5.044672 1.160191 -3.473446
v 4.896968 1.139485 -3.302748
vn -0.254019 0.961645 -0.103506
f 1885/1/472 1886/2/472 1887/3/472 1888/4/472
v 4.896968 1.139485 -3.302748
v 5.044672 1.160191 -3.473446
v 5.032871 1.143772 -3.485010
v 4.885621 1.123082 -3.314780
vn -0.577495 0.703413 -0.414380
f 1889/1/473 1890/2/473 1891/3/473 1892/4/473
v 4.885621 1.123082 -3.314780
v 5.032871 1.143772 -3.485010
v 5.029390 1.121343 -3.490248
v 4.882455 1.100674 -3.320299
vn -0.746184 0.256728 -0.614247
f 1893/1/474 1894/2/474 1895/3/474 1896/4/474
v 4.882455 1.100674 -3.320299
v 5.029390 1.121343 -3.490248
v 5.035164 1.098914 -3.487755
v 4.888318 1.078266 -3.317826
vn -0.714921 -0.258724 -0.649577
f 1897/1/475 1898/2/475 1899/3/475 1900/4/475
v 4.888318 1.078266 -3.317826
v 5.035164 1.098914 -3.487755
v 5.048644 1.082495 -3.478200
v 4.901639 1.061862 -3.308025
vn -0.492084 -0.704871 -0.510892
f 1901/1/476 1902/2/476 1903/3/476 1904/4/476
v 4.901639 1.061862 -3.308025
v 5.048644 1.082495 -3.478200
v 5.066219 1.076486 -3.464144
v 4.918849 1.055858 -3.293521
vn -0.137361 -0.962163 -0.235317
f 1905/1/477 1906/2/477 1907/3/477 1908/4/477
v 4.918849 1.055858 -3.293521
v 5.066219 1.076486 -3.464144
v 5.083180 1.082495 -3.449351
v 4.935336 1.061862 -3.278201
vn 0.254199 -0.961619 0.103302
f 1909/1/478 1910/2/478 1911/3/478 1912/4/478
v 4.935336 1.061862 -3.278201
v 5.083180 1.082495 -3.449351
v 5.094981 1.098914 -3.437787
v 4.946683 1.078266 -3.266169
vn 0.577655 -0.703389 0.414196
f 1913/1/479 1914/2/479 1915/3/479 1916/4/479
v 4.946683 1.078266 -3.266169
v 5.094981 1.098914 -3.437787
v 5.098462 1.121343 -3.432549
v 4.949850 1.100674 -3.260650
vn 0.746352 -0.256704 0.614053
f 1917/1/480 1918/2/480 1919/3/480 1920/4/480
v 5.098462 1.121343 -3.432549
v 5.241561 1.136707 -3.609883
v 5.236015 1.159172 -3.612555
v 5.092688 1.143772 -3.435041
vn 0.740454 0.259502 0.619989
f 1921/1/481 1922/2/481 1923/3/481 1924/4/481
v 5.092688 1.143772 -3.435041
v 5.236015 1.159172 -3.612555
v 5.222378 1.175618 -3.621838
v 5.079208 1.160191 -3.444596
vn 0.519556 0.706342 0.480772
f 1925/1/482 1926/2/482 1927/3/482 1928/4/482
v 5.079208 1.160191 -3.444596
v 5.222378 1.175618 -3.621838
v 5.204303 1.181637 -3.635242
v 5.061633 1.166201 -3.458653
vn 0.159490 0.964005 0.212736
f 1929/1/483 1930/2/483 1931/3/483 1932/4/483
v 5.061633 1.166201 -3.458653
v 5.204303 1.181637 -3.635242
v 5.186635 1.175618 -3.649177
v 5.044672 1.160191 -3.473446
vn -0.243348 0.963406 -0.112390
f 1933/1/484 1934/2/484 1935/3/484 1936/4/484
v 5.044672 1.160191 -3.473446
v 5.186635 1.175618 -3.649177
v 5.174107 1.159172 -3.659909
v 5.032871 1.143772 -3.485010
vn -0.580969 0.704583 -0.407476
f 1937/1/485 1938/2/485 1939/3/485 1940/4/485
v 5.032871 1.143772 -3.485010
v 5.174107 1.159172 -3.659909
v 5.170076 1.136707 -3.664562
v 5.029390 1.121343 -3.490248
vn -0.762818 0.256935 -0.593374
f 1941/1/486 1942/2/486 1943/3/486 1944/4/486
v 5.029390 1.121343 -3.490248
v 5.170076 1.136707 -3.664562
v 5.175622 1.114241 -3.661890
v 5.035164 1.098914 -3.487755
vn -0.740219 -0.259474 -0.620282
f 1945/1/487 1946/2/487 1947/3/487 1948/4/487
v 5.035164 1.098914 -3.487755
v 5.175622 1.114241 -3.661890
v 5.189259 1.097795 -3.652608
v 5.048644 1.082495 -3.478200
vn -0.519325 -0.706318 -0.481057
f 1949/1/488 1950/2/488 1951/3/488 1952/4/488
v 5.048644 1.082495 -3.478200
v 5.189259 1.097795 -3.652608
v 5.207333 1.091776 -3.639203
v 5.066219 1.076486 -3.464144
vn -0.159283 -0.963984 -0.212986
f 1953/1/489 1954/2/489 1955/3/489 1956/4/489
v 5.066219 1.076486 -3.464144
v 5.207333 1.091776 -3.639203
v 5.225001 1.097795 -3.625268
v 5.083180 1.082495 -3.449351
vn 0.243535 -0.963384 0.112167
f 1957/1/490 1958/2/490 1959/3/490 1960/4/490
v 5.083180 1.082495 -3.449351
v 5.225001 1.097795 -3.625268
v 5.237530 1.114241 -3.614536
v 5.094981 1.098914 -3.437787
vn 0.581161 -0.704559 0.407246
f 1961/1/491 1962/2/491 1963/3/491 1964/4/491
v 5.094981 1.098914 -3.437787
v 5.237530 1.114241 -3.614536
v 5.241561 1.136707 -3.609883
v 5.098462 1.121343 -3.432549
vn 0.763034 -0.256906 0.593109
f 1965/1/492 1966/2/492 1967/3/492 1968/4/492
v 5.241561 1.136707 -3.609883
v 5.376089 1.146415 -3.795640
v 5.370504 1.168894 -3.798109
v 5.236015 1.159172 -3.612555
vn 0.775575 0.259903 0.575268
f 1969/1/493 1970/2/493 1971/3/493 1972/4/493
v 5.236015 1.159172 -3.612555
v 5.370504 1.168894 -3.798109
v 5.356305 1.185350 -3.806487
v 5.222378 1.175618 -3.621838
vn 0.554275 0.707275 0.438795
f 1973/1/494 1974/2/494 1975/3/494 1976/4/494
v 5.222378 1.175618 -3.621838
v 5.356305 1.185350 -3.806487
v 5.337297 1.191373 -3.818530
v 5.204303 1.181637 -3.635242
vn 0.184513 0.965318 0.184705
f 1977/1/495 1978/2/495 1979/3/495 1980/4/495
v 5.204303 1.181637 -3.635242
v 5.337297 1.191373 -3.818530
v 5.318574 1.185350 -3.831010
v 5.186635 1.175618 -3.649177
vn -0.234753 0.964732 -0.119094
f 1981/1/496 1982/2/496 1983/3/496 1984/4/496
v 5.186635 1.175618 -3.649177
v 5.318574 1.185350 -3.831010
v 5.305152 1.168894 -3.840584
v 5.174107 1.159172 -3.659909
vn -0.591048 0.705476 -0.391109
f 1985/1/497 1986/2/497 1987/3/497 1988/4/497
v 5.174107 1.159172 -3.659909
v 5.305152 1.168894 -3.840584
v 5.300628 1.146415 -3.844686
v 5.170076 1.136707 -3.664562
vn -0.788790 0.257171 -0.558278
f 1989/1/498 1990/2/498 1991/3/498 1992/4/498
v 5.170076 1.136707 -3.664562
v 5.300628 1.146415 -3.844686
v 5.306213 1.123936 -3.842218
v 5.175622 1.114241 -3.661890
vn -0.775164 -0.259869 -0.575838
f 1993/1/499 1994/2/499 1995/3/499 1996/4/499
v 5.175622 1.114241 -3.661890
v 5.306213 1.123936 -3.842218
v 5.320412 1.107481 -3.833839
v 5.189259 1.097795 -3.652608
vn -0.553973 -0.707256 -0.439207
f 1997/1/500 1998/2/500 1999/3/500 2000/4/500
v 5.189259 1.097795 -3.652608
v 5.320412 1.107481 -3.833839
v 5.339420 1.101457 -3.821797
v 5.207333 1.091776 -3.639203
vn -0.184312 -0.965306 -0.184970
f 2001/1/501 2002/2/501 2003/3/501 2004/4/501
v 5.207333 1.091776 -3.639203
v 5.339420 1.101457 -3.821797
v 5.358143 1.107481 -3.809316
v 5.225001 1.097795 -3.625268
vn 0.234963 -0.964715 0.118819
f 2005/1/502 2006/2/502 2007/3/502 2008/4/502
v 5.225001 1.097795 -3.625268
v 5.358143 1.107481 -3.809316
v 5.371565 1.123936 -3.799742
v 5.237530 1.114241 -3.614536
vn 0.591371 -0.705443 0.390680
f 2009/1/503 2010/2/503 2011/3/503 2012/4/503
v 5.237530 1.114241 -3.614536
v 5.371565 1.123936 -3.799742
v 5.376089 1.146415 -3.795640
v 5.241561 1.136707 -3.609883
vn 0.789212 -0.257127 0.557700
f 2013/1/504 2014/2/504 2015/3/504 2016/4/504
v 5.376089 1.146415 -3.795640
v 5.490562 1.156250 -3.992839
v 5.484856 1.178729 -3.995018
v 5.370504 1.168894 -3.798109
vn 0.829321 0.260376 0.494400
f 2017/1/505 2018/2/505 2019/3/505 2020/4/505
v 5.370504 1.168894 -3.798109
v 5.484856 1.178729 -3.995018
v 5.470249 1.195184 -4.002663
v 5.356305 1.185350 -3.806487
vn 0.595185 0.707536 0.380983
f 2021/1/506 2022/2/506 2023/3/506 2024/4/506
v 5.356305 1.185350 -3.806487
v 5.470249 1.195184 -4.002663
v 5.450655 1.201207 -4.013727
v 5.337297 1.191373 -3.818530
vn 0.201232 0.965499 0.165282
f 2025/1/507 2026/2/507 2027/3/507 2028/4/507
v 5.337297 1.191373 -3.818530
v 5.450655 1.201207 -4.013727
v 5.431325 1.195184 -4.025245
v 5.318574 1.185350 -3.831010
vn -0.247003 0.964361 -0.094858
f 2029/1/508 2030/2/508 2031/3/508 2032/4/508
v 5.318574 1.185350 -3.831010
v 5.431325 1.195184 -4.025245
v 5.417438 1.178729 -4.034130
v 5.305152 1.168894 -3.840584
vn -0.628752 0.704430 -0.329317
f 2033/1/509 2034/2/509 2035/3/509 2036/4/509
v 5.305152 1.168894 -3.840584
v 5.417438 1.178729 -4.034130
v 5.412714 1.156250 -4.038003
v 5.300628 1.146415 -3.844686
vn -0.841711 0.256143 -0.475303
f 2037/1/510 2038/2/510 2039/3/510 2040/4/510
v 5.300628 1.146415 -3.844686
v 5.412714 1.156250 -4.038003
v 5.418420 1.133771 -4.035825
v 5.306213 1.123936 -3.842218
vn -0.829454 -0.260384 -0.494171
f 2041/1/511 2042/2/511 2043/3/511 2044/4/511
v 5.306213 1.123936 -3.842218
v 5.418420 1.133771 -4.035825
v 5.433027 1.117316 -4.028179
v 5.320412 1.107481 -3.833839
vn -0.595228 -0.707537 -0.380913
f 2045/1/512 2046/2/512 2047/3/512 2048/4/512
v 5.320412 1.107481 -3.833839
v 5.433027 1.117316 -4.028179
v 5.452621 1.111293 -4.017115
v 5.339420 1.101457 -3.821797
vn -0.201143 -0.965494 -0.165419
f 2049/1/513 2050/2/513 2051/3/513 2052/4/513
v 5.339420 1.101457 -3.821797
v 5.452621 1.111293 -4.017115
v 5.471951 1.117316 -4.005597
v 5.358143 1.107481 -3.809316
vn 0.247126 -0.964348 0.094667
f 2053/1/514 2054/2/514 2055/3/514 2056/4/514
v 5.358143 1.107481 -3.809316
v 5.471951 1.117316 -4.005597
v 5.485838 1.133771 -3.996712
v 5.371565 1.123936 -3.799742
vn 0.628775 -0.704427 0.329279
f 2057/1/515 2058/2/515 2059/3/515 2060/4/515
v 5.371565 1.123936 -3.799742
v 5.485838 1.133771 -3.996712
v 5.490562 1.156250 -3.992839
v 5.376089 1.146415 -3.795640
vn 0.841610 -0.256154 0.475476
f 2061/1/516 2062/2/516 2063/3/516 2064/4/516
v 5.490562 1.156250 -3.992839
v 5.450655 1.201207 -4.013727
v 5.470249 1.195184 -4.002663
v 5.484856 1.178729 -3.995018
vn 0.501342 0.043526 -0.864154
f 2065/1/517 2066/2/517 2067/3/517 2068/4/517
v 5.490562 1.156250 -3.992839
v 5.417438 1.178729 -4.034130
v 5.431325 1.195184 -4.025245
v 5.450655 1.201207 -4.013727
vn 0.501342 0.043526 -0.864154
f 2069/1/518 2070/2/518 2071/3/518 2072/4/518
v 5.490562 1.156250 -3.992839
v 5.418420 1.133771 -4.035825
v 5.412714 1.156250 -4.038003
v 5.417438 1.178729 -4.034130
vn 0.501342 0.043526 -0.864154
f 2073/1/519 2074/2/519 2075/3/519 2076/4/519
v 5.490562 1.156250 -3.992839
v 5.452621 1.111293 -4.017115
v 5.433027 1.117316 -4.028179
v 5.418420 1.133771 -4.035825
vn 0.501342 0.043526 -0.864154
f 2077/1/520 2078/2/520 2079/3/520 2080/4/520
v 5.490562 1.156250 -3.992839
v 5.485838 1.133771 -3.996712
v 5.471951 1.117316 -4.005597
v 5.452621 1.111293 -4.017115
vn 0.501342 0.043526 -0.864154
f 2081/1/521 2082/2/521 2083/3/521 2084/4/521
v 5.478513 1.155732 -3.992834
v 5.504485 1.156250 -4.052660
v 5.500189 1.173250 -4.054175
v 5.474281 1.172732 -3.994524
vn 0.885214 0.258817 0.386536
f 2085/1/522 2086/2/522 2087/3/522 2088/4/522
v 5.474281 1.172732 -3.994524
v 5.500189 1.173250 -4.054175
v 5.488499 1.185695 -4.058445
v 5.462829 1.185176 -3.999396
vn 0.646327 0.707088 0.286859
f 2089/1/523 2090/2/523 2091/3/523 2092/4/523
v 5.462829 1.185176 -3.999396
v 5.488499 1.185695 -4.058445
v 5.472549 1.190250 -4.064325
v 5.447225 1.189731 -4.006144
vn 0.234257 0.965895 0.110319
f 2093/1/524 2094/2/524 2095/3/524 2096/4/524
v 5.447225 1.189731 -4.006144
v 5.472549 1.190250 -4.064325
v 5.456611 1.185695 -4.070241
v 5.431652 1.185176 -4.012961
vn -0.240463 0.965894 -0.096054
f 2097/1/525 2098/2/525 2099/3/525 2100/4/525
v 5.431652 1.185176 -4.012961
v 5.456611 1.185695 -4.070241
v 5.444957 1.173250 -4.074606
v 5.420281 1.172732 -4.018019
vn -0.650579 0.707086 -0.277086
f 2101/1/526 2102/2/526 2103/3/526 2104/4/526
v 5.420281 1.172732 -4.018019
v 5.444957 1.173250 -4.074606
v 5.440709 1.156250 -4.076251
v 5.416160 1.155732 -4.019964
vn -0.886270 0.258816 -0.384108
f 2105/1/527 2106/2/527 2107/3/527 2108/4/527
v 5.416160 1.155732 -4.019964
v 5.440709 1.156250 -4.076251
v 5.445005 1.139250 -4.074736
v 5.420392 1.138733 -4.018274
vn -0.884511 -0.258803 -0.388151
f 2109/1/528 2110/2/528 2111/3/528 2112/4/528
v 5.420392 1.138733 -4.018274
v 5.445005 1.139250 -4.074736
v 5.456695 1.126805 -4.070467
v 5.431844 1.126288 -4.013402
vn -0.645827 -0.707078 -0.288008
f 2113/1/529 2114/2/529 2115/3/529 2116/4/529
v 5.431844 1.126288 -4.013402
v 5.456695 1.126805 -4.070467
v 5.472645 1.122250 -4.064586
v 5.447447 1.121734 -4.006654
vn -0.234094 -0.965892 -0.110694
f 2117/1/530 2118/2/530 2119/3/530 2120/4/530
v 5.447447 1.121734 -4.006654
v 5.472645 1.122250 -4.064586
v 5.488583 1.126805 -4.058671
v 5.463021 1.126288 -3.999837
vn 0.240492 -0.965893 0.095988
f 2121/1/531 2122/2/531 2123/3/531 2124/4/531
v 5.463021 1.126288 -3.999837
v 5.488583 1.126805 -4.058671
v 5.500237 1.139250 -4.054306
v 5.474392 1.138733 -3.994779
vn 0.650811 -0.707081 0.276554
f 2125/1/532 2126/2/532 2127/3/532 2128/4/532
v 5.474392 1.138733 -3.994779
v 5.500237 1.139250 -4.054306
v 5.504485 1.156250 -4.052660
v 5.478513 1.155732 -3.992834
vn 0.886839 -0.258805 0.382802
f 2129/1/533 2130/2/533 2131/3/533 2132/4/533
v 5.504485 1.156250 -4.052660
v 5.524371 1.156250 -4.117540
v 5.519925 1.173250 -4.118530
v 5.500189 1.173250 -4.054175
vn 0.923564 0.258640 0.283081
f 2133/1/534 2134/2/534 2135/3/534 2136/4/534
v 5.500189 1.173250 -4.054175
v 5.519925 1.173250 -4.118530
v 5.507778 1.185695 -4.121234
v 5.488499 1.185695 -4.058445
vn 0.676492 0.706623 0.207469
f 2137/1/535 2138/2/535 2139/3/535 2140/4/535
v 5.488499 1.185695 -4.058445
v 5.507778 1.185695 -4.121234
v 5.491184 1.190250 -4.124929
v 5.472549 1.190250 -4.064325
vn 0.247770 0.965827 0.076077
f 2141/1/536 2142/2/536 2143/3/536 2144/4/536
v 5.472549 1.190250 -4.064325
v 5.491184 1.190250 -4.124929
v 5.474591 1.185695 -4.128624
v 5.456611 1.185695 -4.070241
vn -0.247763 0.965821 -0.076182
f 2145/1/537 2146/2/537 2147/3/537 2148/4/537
v 5.456611 1.185695 -4.070241
v 5.474591 1.185695 -4.128624
v 5.462443 1.173250 -4.131328
v 5.444957 1.173250 -4.074606
vn -0.676384 0.706483 -0.208294
f 2149/1/538 2150/2/538 2151/3/538 2152/4/538
v 5.444957 1.173250 -4.074606
v 5.462443 1.173250 -4.131328
v 5.457997 1.156250 -4.132318
v 5.440709 1.156250 -4.076251
vn -0.923206 0.258248 -0.284603
f 2153/1/539 2154/2/539 2155/3/539 2156/4/539
v 5.440709 1.156250 -4.076251
v 5.457997 1.156250 -4.132318
v 5.462443 1.139250 -4.131328
v 5.445005 1.139250 -4.074736
vn -0.923083 -0.258657 -0.284631
f 2157/1/540 2158/2/540 2159/3/540 2160/4/540
v 5.445005 1.139250 -4.074736
v 5.462443 1.139250 -4.131328
v 5.474591 1.126805 -4.128624
v 5.456695 1.126805 -4.070467
vn -0.676193 -0.706647 -0.208357
f 2161/1/541 2162/2/541 2163/3/541 2164/4/541
v 5.456695 1.126805 -4.070467
v 5.474591 1.126805 -4.128624
v 5.491184 1.122250 -4.124929
v 5.472645 1.122250 -4.064586
vn -0.247717 -0.965829 -0.076222
f 2165/1/542 2166/2/542 2167/3/542 2168/4/542
v 5.472645 1.122250 -4.064586
v 5.491184 1.122250 -4.124929
v 5.507778 1.126805 -4.121234
v 5.488583 1.126805 -4.058671
vn 0.247782 -0.965820 0.076130
f 2169/1/543 2170/2/543 2171/3/543 2172/4/543
v 5.488583 1.126805 -4.058671
v 5.507778 1.126805 -4.121234
v 5.519925 1.139250 -4.118530
v 5.500237 1.139250 -4.054306
vn 0.676622 -0.706461 0.207595
f 2173/1/544 2174/2/544 2175/3/544 2176/4/544
v 5.500237 1.139250 -4.054306
v 5.519925 1.139250 -4.118530
v 5.524371 1.156250 -4.117540
v 5.504485 1.156250 -4.052660
vn 0.923660 -0.258221 0.283151
f 2177/1/545 2178/2/545 2179/3/545 2180/4/545
v 5.524371 1.156250 -4.117540
v 5.533667 1.156250 -4.182756
v 5.529157 1.173250 -4.183392
v 5.519925 1.173250 -4.118530
vn 0.956452 0.258094 0.136332
f 2181/1/546 2182/2/546 2183/3/546 2184/4/546
v 5.519925 1.173250 -4.118530
v 5.529157 1.173250 -4.183392
v 5.516834 1.185695 -4.185128
v 5.507778 1.185695 -4.121234
vn 0.701109 0.706037 0.099787
f 2185/1/547 2186/2/547 2187/3/547 2188/4/547
v 5.507778 1.185695 -4.121234
v 5.516834 1.185695 -4.185128
v 5.500000 1.190250 -4.187500
v 5.491184 1.190250 -4.124929
vn 0.256992 0.965727 0.036424
f 2189/1/548 2190/2/548 2191/3/548 2192/4/548
v 5.491184 1.190250 -4.124929
v 5.500000 1.190250 -4.187500
v 5.483166 1.185695 -4.189872
v 5.474591 1.185695 -4.128624
vn -0.257038 0.965723 -0.036215
f 2193/1/549 2194/2/549 2195/3/549 2196/4/549
v 5.474591 1.185695 -4.128624
v 5.483166 1.185695 -4.189872
v 5.470843 1.173250 -4.191608
v 5.462443 1.173250 -4.131328
vn -0.701396 0.705974 -0.098207
f 2197/1/550 2198/2/550 2199/3/550 2200/4/550
v 5.462443 1.173250 -4.131328
v 5.470843 1.173250 -4.191608
v 5.466333 1.156250 -4.192244
v 5.457997 1.156250 -4.132318
vn -0.956890 0.258034 -0.133342
f 2201/1/551 2202/2/551 2203/3/551 2204/4/551
v 5.457997 1.156250 -4.132318
v 5.466333 1.156250 -4.192244
v 5.470843 1.139250 -4.191608
v 5.462443 1.139250 -4.131328
vn -0.956924 -0.258030 -0.133109
f 2205/1/552 2206/2/552 2207/3/552 2208/4/552
v 5.462443 1.139250 -4.131328
v 5.470843 1.139250 -4.191608
v 5.483166 1.126805 -4.189872
v 5.474591 1.126805 -4.128624
vn -0.701478 -0.705955 -0.097751
f 2209/1/553 2210/2/553 2211/3/553 2212/4/553
v 5.474591 1.126805 -4.128624
v 5.483166 1.126805 -4.189872
v 5.500000 1.122250 -4.187500
v 5.491184 1.122250 -4.124929
vn -0.257085 -0.965718 -0.035996
f 2213/1/554 2214/2/554 2215/3/554 2216/4/554
v 5.491184 1.122250 -4.124929
v 5.500000 1.122250 -4.187500
v 5.516834 1.126805 -4.185128
v 5.507778 1.126805 -4.121234
vn 0.257038 -0.965723 0.036215
f 2217/1/555 2218/2/555 2219/3/555 2220/4/555
v 5.507778 1.126805 -4.121234
v 5.516834 1.126805 -4.185128
v 5.529157 1.139250 -4.183392
v 5.519925 1.139250 -4.118530
vn 0.701183 -0.706021 0.099381
f 2221/1/556 2222/2/556 2223/3/556 2224/4/556
v 5.519925 1.139250 -4.118530
v 5.529157 1.139250 -4.183392
v 5.533667 1.156250 -4.182756
v 5.524371 1.156250 -4.117540
vn 0.956482 -0.258090 0.136133
f 2225/1/557 2226/2/557 2227/3/557 2228/4/557
v 5.533667 1.156250 -4.182756
v 5.500000 1.190250 -4.187500
v 5.516834 1.185695 -4.185128
v 5.529157 1.173250 -4.183392
vn 0.139515 -0.000000 -0.990220
f 2229/1/558 2230/2/558 2231/3/558 2232/4/558
v 5.533667 1.156250 -4.182756
v 5.470843 1.173250 -4.191608
v 5.483166 1.185695 -4.189872
v 5.500000 1.190250 -4.187500
vn 0.139515 -0.000000 -0.990220
f 2233/1/559 2234/2/559 2235/3/559 2236/4/559
v 5.533667 1.156250 -4.182756
v 5.470843 1.139250 -4.191608
v 5.466333 1.156250 -4.192244
v 5.470843 1.173250 -4.191608
vn 0.139515 0.000000 -0.990220
f 2237/1/560 2238/2/560 2239/3/560 2240/4/560
v 5.533667 1.156250 -4.182756
v 5.500000 1.122250 -4.187500
v 5.483166 1.126805 -4.189872
v 5.470843 1.139250 -4.191608
vn 0.139515 0.000000 -0.990220
f 2241/1/561 2242/2/561 2243/3/561 2244/4/561
v 5.533667 1.156250 -4.182756
v 5.529157 1.139250 -4.183392
v 5.516834 1.126805 -4.185128
v 5.500000 1.122250 -4.187500
vn 0.139515 0.000000 -0.990220
f 2245/1/562 2246/2/562 2247/3/562 2248/4/562
v 0.526000 1.620000 0.900000
v 0.523634 1.620000 0.810837
v 0.517004 1.638371 0.807026
v 0.518385 1.638385 0.900000
vn 0.923602 0.382568 -0.024509
f 2249/1/563 2250/2/563 2251/3/563 2252/4/563
v 0.518385 1.638385 0.900000
v 0.517004 1.638371 0.807026
v 0.500413 1.645981 0.799100
v 0.500000 1.646000 0.900000
vn 0.382677 0.923864 -0.005818
f 2253/1/564 2254/2/564 2255/3/564 2256/4/564
v 0.500000 1.646000 0.900000
v 0.500413 1.645981 0.799100
v 0.483580 1.638371 0.791701
v 0.481615 1.638385 0.900000
vn -0.382683 0.923878 -0.001738
f 2257/1/565 2258/2/565 2259/3/565 2260/4/565
v 0.481615 1.638385 0.900000
v 0.483580 1.638371 0.791701
v 0.476366 1.620000 0.789163
v 0.474000 1.620000 0.900000
vn -0.923749 0.382629 -0.016806
f 2261/1/566 2262/2/566 2263/3/566 2264/4/566
v 0.474000 1.620000 0.900000
v 0.476366 1.620000 0.789163
v 0.482996 1.601629 0.792974
v 0.481615 1.601615 0.900000
vn -0.923700 -0.382609 -0.019718
f 2265/1/567 2266/2/567 2267/3/567 2268/4/567
v 0.481615 1.601615 0.900000
v 0.482996 1.601629 0.792974
v 0.499587 1.594019 0.800900
v 0.500000 1.594000 0.900000
vn -0.382679 -0.923868 -0.005054
f 2269/1/568 2270/2/568 2271/3/568 2272/4/568
v 0.500000 1.594000 0.900000
v 0.499587 1.594019 0.800900
v 0.516420 1.601629 0.808299
v 0.518385 1.601615 0.900000
vn 0.382683 -0.923878 -0.001769
f 2273/1/569 2274/2/569 2275/3/569 2276/4/569
v 0.518385 1.601615 0.900000
v 0.516420 1.601629 0.808299
v 0.523634 1.620000 0.810837
v 0.526000 1.620000 0.900000
vn 0.923698 -0.382608 -0.019847
f 2277/1/570 2278/2/570 2279/3/570 2280/4/570
v 0.523634 1.620000 0.810837
v 0.754499 1.598283 0.615596
v 0.750494 1.616624 0.608995
v 0.517004 1.638371 0.807026
vn 0.620442 0.367608 0.692760
f 2281/1/571 2282/2/571 2283/3/571 2284/4/571
v 0.517004 1.638371 0.807026
v 0.750494 1.616624 0.608995
v 0.738897 1.624221 0.594720
v 0.500413 1.645981 0.799100
vn 0.300620 0.919444 0.253476
f 2285/1/572 2286/2/572 2287/3/572 2288/4/572
v 0.500413 1.645981 0.799100
v 0.738897 1.624221 0.594720
v 0.726502 1.616624 0.581131
v 0.483580 1.638371 0.791701
vn -0.239851 0.895373 -0.375205
f 2289/1/573 2290/2/573 2291/3/573 2292/4/573
v 0.483580 1.638371 0.791701
v 0.726502 1.616624 0.581131
v 0.720570 1.598283 0.576191
v 0.476366 1.620000 0.789163
vn -0.599618 0.335797 -0.726428
f 2293/1/574 2294/2/574 2295/3/574 2296/4/574
v 0.476366 1.620000 0.789163
v 0.720570 1.598283 0.576191
v 0.724575 1.579942 0.582791
v 0.482996 1.601629 0.792974
vn -0.629312 -0.368986 -0.683970
f 2297/1/575 2298/2/575 2299/3/575 2300/4/575
v 0.482996 1.601629 0.792974
v 0.724575 1.579942 0.582791
v 0.736171 1.572345 0.597067
v 0.499587 1.594019 0.800900
vn -0.301549 -0.919626 -0.251707
f 2301/1/576 2302/2/576 2303/3/576 2304/4/576
v 0.499587 1.594019 0.800900
v 0.736171 1.572345 0.597067
v 0.748567 1.579942 0.610655
v 0.516420 1.601629 0.808299
vn 0.240389 -0.895630 0.374246
f 2305/1/577 2306/2/577 2307/3/577 2308/4/577
v 0.516420 1.601629 0.808299
v 0.748567 1.579942 0.610655
v 0.754499 1.598283 0.615596
v 0.523634 1.620000 0.810837
vn 0.592749 -0.333990 0.732871
f 2309/1/578 2310/2/578 2311/3/578 2312/4/578
v 0.754499 1.598283 0.615596
v 0.991660 1.576566 0.410971
v 0.987641 1.594906 0.404379
v 0.750494 1.616624 0.608995
vn 0.623589 0.381702 0.682232
f 2313/1/579 2314/2/579 2315/3/579 2316/4/579
v 0.750494 1.616624 0.608995
v 0.987641 1.594906 0.404379
v 0.976014 1.602503 0.390128
v 0.738897 1.624221 0.594720
vn 0.298420 0.921640 0.248044
f 2317/1/580 2318/2/580 2319/3/580 2320/4/580
v 0.738897 1.624221 0.594720
v 0.976014 1.602503 0.390128
v 0.963591 1.594906 0.376566
v 0.726502 1.616624 0.581131
vn -0.201562 0.921693 -0.331442
f 2321/1/581 2322/2/581 2323/3/581 2324/4/581
v 0.726502 1.616624 0.581131
v 0.963591 1.594906 0.376566
v 0.957648 1.576566 0.371638
v 0.720570 1.598283 0.576191
vn -0.583474 0.381832 -0.716773
f 2325/1/582 2326/2/582 2327/3/582 2328/4/582
v 0.720570 1.598283 0.576191
v 0.957648 1.576566 0.371638
v 0.961667 1.558225 0.378230
v 0.724575 1.579942 0.582791
vn -0.623596 -0.381701 -0.682226
f 2329/1/583 2330/2/583 2331/3/583 2332/4/583
v 0.724575 1.579942 0.582791
v 0.961667 1.558225 0.378230
v 0.973293 1.550628 0.392481
v 0.736171 1.572345 0.597067
vn -0.298427 -0.921639 -0.248038
f 2333/1/584 2334/2/584 2335/3/584 2336/4/584
v 0.736171 1.572345 0.597067
v 0.973293 1.550628 0.392481
v 0.985717 1.558225 0.406043
v 0.748567 1.579942 0.610655
vn 0.201555 -0.921693 0.331448
f 2337/1/585 2338/2/585 2339/3/585 2340/4/585
v 0.748567 1.579942 0.610655
v 0.985717 1.558225 0.406043
v 0.991660 1.576566 0.410971
v 0.754499 1.598283 0.615596
vn 0.583467 -0.381831 0.716779
f 2341/1/586 2342/2/586 2343/3/586 2344/4/586
v 0.991660 1.576566 0.410971
v 1.228377 1.554848 0.205827
v 1.224343 1.573189 0.199244
v 0.987641 1.594906 0.404379
vn 0.625077 0.381697 0.680872
f 2345/1/587 2346/2/587 2347/3/587 2348/4/587
v 0.987641 1.594906 0.404379
v 1.224343 1.573189 0.199244
v 1.212684 1.580786 0.185019
v 0.976014 1.602503 0.390128
vn 0.298963 0.921638 0.247397
f 2349/1/588 2350/2/588 2351/3/588 2352/4/588
v 0.976014 1.602503 0.390128
v 1.212684 1.580786 0.185019
v 1.200230 1.573189 0.171485
v 0.963591 1.594906 0.376566
vn -0.202282 0.921695 -0.330998
f 2353/1/589 2354/2/589 2355/3/589 2356/4/589
v 0.963591 1.594906 0.376566
v 1.200230 1.573189 0.171485
v 1.194275 1.554848 0.166570
v 0.957648 1.576566 0.371638
vn -0.585035 0.381836 -0.715497
f 2357/1/590 2358/2/590 2359/3/590 2360/4/590
v 0.957648 1.576566 0.371638
v 1.194275 1.554848 0.166570
v 1.198309 1.536508 0.173153
v 0.961667 1.558225 0.378230
vn -0.625084 -0.381697 -0.680865
f 2361/1/591 2362/2/591 2363/3/591 2364/4/591
v 0.961667 1.558225 0.378230
v 1.198309 1.536508 0.173153
v 1.209968 1.528911 0.187378
v 0.973293 1.550628 0.392481
vn -0.298970 -0.921637 -0.247390
f 2365/1/592 2366/2/592 2367/3/592 2368/4/592
v 0.973293 1.550628 0.392481
v 1.209968 1.528911 0.187378
v 1.222423 1.536508 0.200912
v 0.985717 1.558225 0.406043
vn 0.202274 -0.921695 0.331005
f 2369/1/593 2370/2/593 2371/3/593 2372/4/593
v 0.985717 1.558225 0.406043
v 1.222423 1.536508 0.200912
v 1.228377 1.554848 0.205827
v 0.991660 1.576566 0.410971
vn 0.585027 -0.381836 0.715503
f 2373/1/594 2374/2/594 2375/3/594 2376/4/594
v 1.228377 1.554848 0.205827
v 1.464616 1.533131 0.000124
v 1.460566 1.551472 -0.006449
v 1.224343 1.573189 0.199244
vn 0.626674 0.381692 0.679404
f 2377/1/595 2378/2/595 2379/3/595 2380/4/595
v 1.224343 1.573189 0.199244
v 1.460566 1.551472 -0.006449
v 1.448871 1.559069 -0.020645
v 1.212684 1.580786 0.185019
vn 0.299546 0.921636 0.246699
f 2381/1/596 2382/2/596 2383/3/596 2384/4/596
v 1.212684 1.580786 0.185019
v 1.448871 1.559069 -0.020645
v 1.436383 1.551472 -0.034148
v 1.200230 1.573189 0.171485
vn -0.203055 0.921698 -0.330518
f 2385/1/597 2386/2/597 2387/3/597 2388/4/597
v 1.200230 1.573189 0.171485
v 1.436383 1.551472 -0.034148
v 1.430417 1.533131 -0.039048
v 1.194275 1.554848 0.166570
vn -0.586712 0.381842 -0.714119
f 2389/1/598 2390/2/598 2391/3/598 2392/4/598
v 1.194275 1.554848 0.166570
v 1.430417 1.533131 -0.039048
v 1.434467 1.514791 -0.032475
v 1.198309 1.536508 0.173153
vn -0.626683 -0.381691 -0.679397
f 2393/1/599 2394/2/599 2395/3/599 2396/4/599
v 1.198309 1.536508 0.173153
v 1.434467 1.514791 -0.032475
v 1.446162 1.507194 -0.018279
v 1.209968 1.528911 0.187378
vn -0.299554 -0.921635 -0.246691
f 2397/1/600 2398/2/600 2399/3/600 2400/4/600
v 1.209968 1.528911 0.187378
v 1.446162 1.507194 -0.018279
v 1.458650 1.514791 -0.004776
v 1.222423 1.536508 0.200912
vn 0.203047 -0.921697 0.330525
f 2401/1/601 2402/2/601 2403/3/601 2404/4/601
v 1.222423 1.536508 0.200912
v 1.458650 1.514791 -0.004776
v 1.464616 1.533131 0.000124
v 1.228377 1.554848 0.205827
vn 0.586703 -0.381841 0.714127
f 2405/1/602 2406/2/602 2407/3/602 2408/4/602
v 1.464616 1.533131 0.000124
v 1.700313 1.511414 -0.206210
v 1.696245 1.529755 -0.212772
v 1.460566 1.551472 -0.006449
vn 0.628477 0.381682 0.677742
f 2409/1/603 2410/2/603 2411/3/603 2412/4/603
v 1.460566 1.551472 -0.006449
v 1.696245 1.529755 -0.212772
v 1.684512 1.537352 -0.226936
v 1.448871 1.559069 -0.020645
vn 0.300206 0.921631 0.245911
f 2413/1/604 2414/2/604 2415/3/604 2416/4/604
v 1.448871 1.559069 -0.020645
v 1.684512 1.537352 -0.226936
v 1.671986 1.529755 -0.240404
v 1.436383 1.551472 -0.034148
vn -0.203926 0.921702 -0.329970
f 2417/1/605 2418/2/605 2419/3/605 2420/4/605
v 1.436383 1.551472 -0.034148
v 1.671986 1.529755 -0.240404
v 1.666006 1.511414 -0.245288
v 1.430417 1.533131 -0.039048
vn -0.588602 0.381851 -0.712557
f 2421/1/606 2422/2/606 2423/3/606 2424/4/606
v 1.430417 1.533131 -0.039048
v 1.666006 1.511414 -0.245288
v 1.670075 1.493073 -0.238726
v 1.434467 1.514791 -0.032475
vn -0.628486 -0.381681 -0.677735
f 2425/1/607 2426/2/607 2427/3/607 2428/4/607
v 1.434467 1.514791 -0.032475
v 1.670075 1.493073 -0.238726
v 1.681808 1.485476 -0.224562
v 1.446162 1.507194 -0.018279
vn -0.300215 -0.921631 -0.245903
f 2429/1/608 2430/2/608 2431/3/608 2432/4/608
v 1.446162 1.507194 -0.018279
v 1.681808 1.485476 -0.224562
v 1.694334 1.493073 -0.211094
v 1.458650 1.514791 -0.004776
vn 0.203917 -0.921701 0.329978
f 2433/1/609 2434/2/609 2435/3/609 2436/4/609
v 1.458650 1.514791 -0.004776
v 1.694334 1.493073 -0.211094
v 1.700313 1.511414 -0.206210
v 1.464616 1.533131 0.000124
vn 0.588593 -0.381851 0.712564
f 2437/1/610 2438/2/610 2439/3/610 2440/4/610
v 1.700313 1.511414 -0.206210
v 1.935427 1.489697 -0.413217
v 1.931339 1.508038 -0.419767
v 1.696245 1.529755 -0.212772
vn 0.630402 0.381676 0.675956
f 2441/1/611 2442/2/611 2443/3/611 2444/4/611
v 1.696245 1.529755 -0.212772
v 1.931339 1.508038 -0.419767
v 1.919564 1.515635 -0.433895
v 1.684512 1.537352 -0.226936
vn 0.300907 0.921629 0.245061
f 2445/1/612 2446/2/612 2447/3/612 2448/4/612
v 1.684512 1.537352 -0.226936
v 1.919564 1.515635 -0.433895
v 1.906999 1.508038 -0.447327
v 1.671986 1.529755 -0.240404
vn -0.204859 0.921704 -0.329385
f 2449/1/613 2450/2/613 2451/3/613 2452/4/613
v 1.671986 1.529755 -0.240404
v 1.906999 1.508038 -0.447327
v 1.901005 1.489697 -0.452193
v 1.666006 1.511414 -0.245288
vn -0.590623 0.381857 -0.710879
f 2453/1/614 2454/2/614 2455/3/614 2456/4/614
v 1.666006 1.511414 -0.245288
v 1.901005 1.489697 -0.452193
v 1.905093 1.471356 -0.445643
v 1.670075 1.493073 -0.238726
vn -0.630412 -0.381675 -0.675948
f 2457/1/615 2458/2/615 2459/3/615 2460/4/615
v 1.670075 1.493073 -0.238726
v 1.905093 1.471356 -0.445643
v 1.916868 1.463759 -0.431514
v 1.681808 1.485476 -0.224562
vn -0.300916 -0.921628 -0.245053
f 2461/1/616 2462/2/616 2463/3/616 2464/4/616
v 1.681808 1.485476 -0.224562
v 1.916868 1.463759 -0.431514
v 1.929433 1.471356 -0.418083
v 1.694334 1.493073 -0.211094
vn 0.204849 -0.921703 0.329394
f 2465/1/617 2466/2/617 2467/3/617 2468/4/617
v 1.694334 1.493073 -0.211094
v 1.929433 1.471356 -0.418083
v 1.935427 1.489697 -0.413217
v 1.700313 1.511414 -0.206210
vn 0.590614 -0.381856 0.710888
f 2469/1/618 2470/2/618 2471/3/618 2472/4/618
v 1.935427 1.489697 -0.413217
v 2.169912 1.467980 -0.620944
v 2.165804 1.486321 -0.627481
v 1.931339 1.508038 -0.419767
vn 0.632464 0.381669 0.674031
f 2473/1/619 2474/2/619 2475/3/619 2476/4/619
v 1.931339 1.508038 -0.419767
v 2.165804 1.486321 -0.627481
v 2.153984 1.493918 -0.641572
v 1.919564 1.515635 -0.433895
vn 0.301658 0.921626 0.244147
f 2477/1/620 2478/2/620 2479/3/620 2480/4/620
v 1.919564 1.515635 -0.433895
v 2.153984 1.493918 -0.641572
v 2.141376 1.486321 -0.654963
v 1.906999 1.508038 -0.447327
vn -0.205859 0.921707 -0.328753
f 2481/1/621 2482/2/621 2483/3/621 2484/4/621
v 1.906999 1.508038 -0.447327
v 2.141376 1.486321 -0.654963
v 2.135366 1.467980 -0.659810
v 1.901005 1.489697 -0.452193
vn -0.592790 0.381864 -0.709070
f 2485/1/622 2486/2/622 2487/3/622 2488/4/622
v 1.901005 1.489697 -0.452193
v 2.135366 1.467980 -0.659810
v 2.139475 1.449639 -0.653273
v 1.905093 1.471356 -0.445643
vn -0.632475 -0.381668 -0.674021
f 2489/1/623 2490/2/623 2491/3/623 2492/4/623
v 1.905093 1.471356 -0.445643
v 2.139475 1.449639 -0.653273
v 2.151295 1.442042 -0.639182
v 1.916868 1.463759 -0.431514
vn -0.301668 -0.921625 -0.244138
f 2493/1/624 2494/2/624 2495/3/624 2496/4/624
v 1.916868 1.463759 -0.431514
v 2.151295 1.442042 -0.639182
v 2.163903 1.449639 -0.625791
v 1.929433 1.471356 -0.418083
vn 0.205849 -0.921706 0.328762
f 2497/1/625 2498/2/625 2499/3/625 2500/4/625
v 1.929433 1.471356 -0.418083
v 2.163903 1.449639 -0.625791
v 2.169912 1.467980 -0.620944
v 1.935427 1.489697 -0.413217
vn 0.592779 -0.381863 0.709079
f 2501/1/626 2502/2/626 2503/3/626 2504/4/626
v 2.169912 1.467980 -0.620944
v 2.403712 1.446263 -0.829454
v 2.399581 1.464603 -0.835976
v 2.165804 1.486321 -0.627481
vn 0.634699 0.381661 0.671931
f 2505/1/627 2506/2/627 2507/3/627 2508/4/627
v 2.165804 1.486321 -0.627481
v 2.399581 1.464603 -0.835976
v 2.387712 1.472200 -0.850026
v 2.153984 1.493918 -0.641572
vn 0.302471 0.921623 0.243151
f 2509/1/628 2510/2/628 2511/3/628 2512/4/628
v 2.153984 1.493918 -0.641572
v 2.387712 1.472200 -0.850026
v 2.375058 1.464603 -0.863374
v 2.141376 1.486321 -0.654963
vn -0.206944 0.921710 -0.328061
f 2513/1/629 2514/2/629 2515/3/629 2516/4/629
v 2.141376 1.486321 -0.654963
v 2.375058 1.464603 -0.863374
v 2.369031 1.446263 -0.868200
v 2.135366 1.467980 -0.659810
vn -0.595137 0.381873 -0.707096
f 2517/1/630 2518/2/630 2519/3/630 2520/4/630
v 2.135366 1.467980 -0.659810
v 2.369031 1.446263 -0.868200
v 2.373162 1.427922 -0.861677
v 2.139475 1.449639 -0.653273
vn -0.634711 -0.381660 -0.671921
f 2521/1/631 2522/2/631 2523/3/631 2524/4/631
v 2.139475 1.449639 -0.653273
v 2.373162 1.427922 -0.861677
v 2.385031 1.420325 -0.847627
v 2.151295 1.442042 -0.639182
vn -0.302483 -0.921622 -0.243141
f 2525/1/632 2526/2/632 2527/3/632 2528/4/632
v 2.151295 1.442042 -0.639182
v 2.385031 1.420325 -0.847627
v 2.397685 1.427922 -0.834280
v 2.163903 1.449639 -0.625791
vn 0.206933 -0.921709 0.328071
f 2529/1/633 2530/2/633 2531/3/633 2532/4/633
v 2.163903 1.449639 -0.625791
v 2.397685 1.427922 -0.834280
v 2.403712 1.446263 -0.829454
v 2.169912 1.467980 -0.620944
vn 0.595126 -0.381871 0.707106
f 2533/1/634 2534/2/634 2535/3/634 2536/4/634
v 2.403712 1.446263 -0.829454
v 2.636762 1.424545 -1.038812
v 2.632606 1.442886 -1.045319
v 2.399581 1.464603 -0.835976
vn 0.637127 0.381651 0.669636
f 2537/1/635 2538/2/635 2539/3/635 2540/4/635
v 2.399581 1.464603 -0.835976
v 2.632606 1.442886 -1.045319
v 2.620684 1.450483 -1.059324
v 2.387712 1.472200 -0.850026
vn 0.303354 0.921619 0.242064
f 2541/1/636 2542/2/636 2543/3/636 2544/4/636
v 2.387712 1.472200 -0.850026
v 2.620684 1.450483 -1.059324
v 2.607980 1.442886 -1.072624
v 2.375058 1.464603 -0.863374
vn -0.208123 0.921714 -0.327303
f 2545/1/637 2546/2/637 2547/3/637 2548/4/637
v 2.375058 1.464603 -0.863374
v 2.607980 1.442886 -1.072624
v 2.601935 1.424545 -1.077427
v 2.369031 1.446263 -0.868200
vn -0.597688 0.381882 -0.704937
f 2549/1/638 2550/2/638 2551/3/638 2552/4/638
v 2.369031 1.446263 -0.868200
v 2.601935 1.424545 -1.077427
v 2.606091 1.406205 -1.070920
v 2.373162 1.427922 -0.861677
vn -0.637139 -0.381650 -0.669625
f 2553/1/639 2554/2/639 2555/3/639 2556/4/639
v 2.373162 1.427922 -0.861677
v 2.606091 1.406205 -1.070920
v 2.618013 1.398608 -1.056915
v 2.385031 1.420325 -0.847627
vn -0.303367 -0.921618 -0.242053
f 2557/1/640 2558/2/640 2559/3/640 2560/4/640
v 2.385031 1.420325 -0.847627
v 2.618013 1.398608 -1.056915
v 2.630718 1.406205 -1.043616
v 2.397685 1.427922 -0.834280
vn 0.208111 -0.921713 0.327314
f 2561/1/641 2562/2/641 2563/3/641 2564/4/641
v 2.397685 1.427922 -0.834280
v 2.630718 1.406205 -1.043616
v 2.636762 1.424545 -1.038812
v 2.403712 1.446263 -0.829454
vn 0.597675 -0.381881 0.704948
f 2565/1/642 2566/2/642 2567/3/642 2568/4/642
v 2.636762 1.424545 -1.038812
v 2.868996 1.402828 -1.249101
v 2.864812 1.421169 -1.255589
v 2.632606 1.442886 -1.045319
vn 0.639768 0.381641 0.667119
f 2569/1/643 2570/2/643 2571/3/643 2572/4/643
v 2.632606 1.442886 -1.045319
v 2.864812 1.421169 -1.255589
v 2.852828 1.428766 -1.269542
v 2.620684 1.450483 -1.059324
vn 0.304314 0.921614 0.240873
f 2573/1/644 2574/2/644 2575/3/644 2576/4/644
v 2.620684 1.450483 -1.059324
v 2.852828 1.428766 -1.269542
v 2.840065 1.421169 -1.282785
v 2.607980 1.442886 -1.072624
vn -0.209408 0.921719 -0.326470
f 2577/1/645 2578/2/645 2579/3/645 2580/4/645
v 2.607980 1.442886 -1.072624
v 2.840065 1.421169 -1.282785
v 2.833999 1.402828 -1.287561
v 2.601935 1.424545 -1.077427
vn -0.600464 0.381893 -0.702567
f 2581/1/646 2582/2/646 2583/3/646 2584/4/646
v 2.601935 1.424545 -1.077427
v 2.833999 1.402828 -1.287561
v 2.838184 1.384488 -1.281073
v 2.606091 1.406205 -1.070920
vn -0.639782 -0.381639 -0.667106
f 2585/1/647 2586/2/647 2587/3/647 2588/4/647
v 2.606091 1.406205 -1.070920
v 2.838184 1.384488 -1.281073
v 2.850167 1.376891 -1.267121
v 2.618013 1.398608 -1.056915
vn -0.304328 -0.921613 -0.240860
f 2589/1/648 2590/2/648 2591/3/648 2592/4/648
v 2.618013 1.398608 -1.056915
v 2.850167 1.376891 -1.267121
v 2.862930 1.384488 -1.253877
v 2.630718 1.406205 -1.043616
vn 0.209393 -0.921717 0.326483
f 2593/1/649 2594/2/649 2595/3/649 2596/4/649
v 2.630718 1.406205 -1.043616
v 2.862930 1.384488 -1.253877
v 2.868996 1.402828 -1.249101
v 2.636762 1.424545 -1.038812
vn 0.600450 -0.381891 0.702580
f 2597/1/650 2598/2/650 2599/3/650 2600/4/650
v 2.868996 1.402828 -1.249101
v 3.100215 1.381111 -1.460530
v 3.095998 1.399452 -1.466998
v 2.864812 1.421169 -1.255589
vn 0.643017 0.381611 0.664005
f 2601/1/651 2602/2/651 2603/3/651 2604/4/651
v 2.864812 1.421169 -1.255589
v 3.095998 1.399452 -1.466998
v 3.083943 1.407049 -1.480889
v 2.852828 1.428766 -1.269542
vn 0.305503 0.921602 0.239411
f 2605/1/652 2606/2/652 2607/3/652 2608/4/652
v 2.852828 1.428766 -1.269542
v 3.083943 1.407049 -1.480889
v 3.071113 1.399452 -1.494067
v 2.840065 1.421169 -1.282785
vn -0.210977 0.921731 -0.325424
f 2609/1/653 2610/2/653 2611/3/653 2612/4/653
v 2.840065 1.421169 -1.282785
v 3.071113 1.399452 -1.494067
v 3.065023 1.381111 -1.498813
v 2.833999 1.402828 -1.287561
vn -0.603873 0.381922 -0.699624
f 2613/1/654 2614/2/654 2615/3/654 2616/4/654
v 2.833999 1.402828 -1.287561
v 3.065023 1.381111 -1.498813
v 3.069240 1.362770 -1.492346
v 2.838184 1.384488 -1.281073
vn -0.643033 -0.381610 -0.663990
f 2617/1/655 2618/2/655 2619/3/655 2620/4/655
v 2.838184 1.384488 -1.281073
v 3.069240 1.362770 -1.492346
v 3.081295 1.355173 -1.478454
v 2.850167 1.376891 -1.267121
vn -0.305519 -0.921601 -0.239396
f 2621/1/656 2622/2/656 2623/3/656 2624/4/656
v 2.850167 1.376891 -1.267121
v 3.081295 1.355173 -1.478454
v 3.094125 1.362770 -1.465276
v 2.862930 1.384488 -1.253877
vn 0.210961 -0.921729 0.325439
f 2625/1/657 2626/2/657 2627/3/657 2628/4/657
v 2.862930 1.384488 -1.253877
v 3.094125 1.362770 -1.465276
v 3.100215 1.381111 -1.460530
v 2.868996 1.402828 -1.249101
vn 0.603856 -0.381920 0.699639
f 2629/1/658 2630/2/658 2631/3/658 2632/4/658
v 3.100215 1.381111 -1.460530
v 3.330319 1.359394 -1.673185
v 3.326066 1.377735 -1.679629
v 3.095998 1.399452 -1.466998
vn 0.646521 0.381598 0.660601
f 2633/1/659 2634/2/659 2635/3/659 2636/4/659
v 3.095998 1.399452 -1.466998
v 3.326066 1.377735 -1.679629
v 3.313937 1.385332 -1.693455
v 3.083943 1.407049 -1.480889
vn 0.306773 0.921597 0.237802
f 2637/1/660 2638/2/660 2639/3/660 2640/4/660
v 3.083943 1.407049 -1.480889
v 3.313937 1.385332 -1.693455
v 3.301036 1.377735 -1.706564
v 3.071113 1.399452 -1.494067
vn -0.212686 0.921736 -0.324294
f 2641/1/661 2642/2/661 2643/3/661 2644/4/661
v 3.071113 1.399452 -1.494067
v 3.301036 1.377735 -1.706564
v 3.294921 1.359394 -1.711277
v 3.065023 1.381111 -1.498813
vn -0.607560 0.381935 -0.696417
f 2645/1/662 2646/2/662 2647/3/662 2648/4/662
v 3.065023 1.381111 -1.498813
v 3.294921 1.359394 -1.711277
v 3.299173 1.341053 -1.704833
v 3.069240 1.362770 -1.492346
vn -0.646539 -0.381596 -0.660585
f 2649/1/663 2650/2/663 2651/3/663 2652/4/663
v 3.069240 1.362770 -1.492346
v 3.299173 1.341053 -1.704833
v 3.311302 1.333456 -1.691007
v 3.081295 1.355173 -1.478454
vn -0.306790 -0.921595 -0.237787
f 2653/1/664 2654/2/664 2655/3/664 2656/4/664
v 3.081295 1.355173 -1.478454
v 3.311302 1.333456 -1.691007
v 3.324203 1.341053 -1.677898
v 3.094125 1.362770 -1.465276
vn 0.212669 -0.921735 0.324310
f 2657/1/665 2658/2/665 2659/3/665 2660/4/665
v 3.094125 1.362770 -1.465276
v 3.324203 1.341053 -1.677898
v 3.330319 1.359394 -1.673185
v 3.100215 1.381111 -1.460530
vn 0.607542 -0.381933 0.696433
f 2661/1/666 2662/2/666 2663/3/666 2664/4/666
v 3.330319 1.359394 -1.673185
v 3.559274 1.337677 -1.887120
v 3.554979 1.356018 -1.893536
v 3.326066 1.377735 -1.679629
vn 0.650137 0.381591 0.657046
f 2665/1/667 2666/2/667 2667/3/667 2668/4/667
v 3.326066 1.377735 -1.679629
v 3.554979 1.356018 -1.893536
v 3.542760 1.363614 -1.907282
v 3.313937 1.385332 -1.693455
vn 0.308076 0.921594 0.236122
f 2669/1/668 2670/2/668 2671/3/668 2672/4/668
v 3.313937 1.385332 -1.693455
v 3.542760 1.363614 -1.907282
v 3.529773 1.356018 -1.920306
v 3.301036 1.377735 -1.706564
vn -0.214460 0.921739 -0.323116
f 2673/1/669 2674/2/669 2675/3/669 2676/4/669
v 3.301036 1.377735 -1.706564
v 3.529773 1.356018 -1.920306
v 3.523627 1.337677 -1.924979
v 3.294921 1.359394 -1.711277
vn -0.611372 0.381941 -0.693069
f 2677/1/670 2678/2/670 2679/3/670 2680/4/670
v 3.294921 1.359394 -1.711277
v 3.523627 1.337677 -1.924979
v 3.527921 1.319336 -1.918563
v 3.299173 1.341053 -1.704833
vn -0.650158 -0.381589 -0.657027
f 2681/1/671 2682/2/671 2683/3/671 2684/4/671
v 3.299173 1.341053 -1.704833
v 3.527921 1.319336 -1.918563
v 3.540141 1.311739 -1.904816
v 3.311302 1.333456 -1.691007
vn -0.308096 -0.921592 -0.236102
f 2685/1/672 2686/2/672 2687/3/672 2688/4/672
v 3.311302 1.333456 -1.691007
v 3.540141 1.311739 -1.904816
v 3.553127 1.319336 -1.891792
v 3.324203 1.341053 -1.677898
vn 0.214439 -0.921737 0.323135
f 2689/1/673 2690/2/673 2691/3/673 2692/4/673
v 3.324203 1.341053 -1.677898
v 3.553127 1.319336 -1.891792
v 3.559274 1.337677 -1.887120
v 3.330319 1.359394 -1.673185
vn 0.611352 -0.381939 0.693088
f 2693/1/674 2694/2/674 2695/3/674 2696/4/674
v 3.559274 1.337677 -1.887120
v 3.786608 1.315960 -2.102813
v 3.782265 1.334300 -2.109197
v 3.554979 1.356018 -1.893536
vn 0.655148 0.381522 0.652091
f 2697/1/675 2698/2/675 2699/3/675 2700/4/675
v 3.554979 1.356018 -1.893536
v 3.782265 1.334300 -2.109197
v 3.769942 1.341897 -2.122851
v 3.542760 1.363614 -1.907282
vn 0.309914 0.921566 0.233817
f 2701/1/676 2702/2/676 2703/3/676 2704/4/676
v 3.542760 1.363614 -1.907282
v 3.769942 1.341897 -2.122851
v 3.756858 1.334300 -2.135776
v 3.529773 1.356018 -1.920306
vn -0.216874 0.921767 -0.321420
f 2705/1/677 2706/2/677 2707/3/677 2708/4/677
v 3.529773 1.356018 -1.920306
v 3.756858 1.334300 -2.135776
v 3.750676 1.315960 -2.140402
v 3.523627 1.337677 -1.924979
vn -0.616624 0.382009 -0.688364
f 2709/1/678 2710/2/678 2711/3/678 2712/4/678
v 3.523627 1.337677 -1.924979
v 3.750676 1.315960 -2.140402
v 3.755019 1.297619 -2.134019
v 3.527921 1.319336 -1.918563
vn -0.655172 -0.381520 -0.652068
f 2713/1/679 2714/2/679 2715/3/679 2716/4/679
v 3.527921 1.319336 -1.918563
v 3.755019 1.297619 -2.134019
v 3.767342 1.290022 -2.120365
v 3.540141 1.311739 -1.904816
vn -0.309938 -0.921563 -0.233794
f 2717/1/680 2718/2/680 2719/3/680 2720/4/680
v 3.540141 1.311739 -1.904816
v 3.767342 1.290022 -2.120365
v 3.780426 1.297619 -2.107439
v 3.553127 1.319336 -1.891792
vn 0.216850 -0.921765 0.321443
f 2721/1/681 2722/2/681 2723/3/681 2724/4/681
v 3.553127 1.319336 -1.891792
v 3.780426 1.297619 -2.107439
v 3.786608 1.315960 -2.102813
v 3.559274 1.337677 -1.887120
vn 0.616600 -0.382006 0.688386
f 2725/1/682 2726/2/682 2727/3/682 2728/4/682
v 3.786608 1.315960 -2.102813
v 4.012354 1.294242 -2.320221
v 4.007954 1.312583 -2.326565
v 3.782265 1.334300 -2.109197
vn 0.659987 0.381528 0.647189
f 2729/1/683 2730/2/683 2731/3/683 2732/4/683
v 3.782265 1.334300 -2.109197
v 4.007954 1.312583 -2.326565
v 3.995509 1.320180 -2.340108
v 3.769942 1.341897 -2.122851
vn 0.311642 0.921568 0.231498
f 2733/1/684 2734/2/684 2735/3/684 2736/4/684
v 3.769942 1.341897 -2.122851
v 3.995509 1.320180 -2.340108
v 3.982310 1.312583 -2.352916
v 3.756858 1.334300 -2.135776
vn -0.219270 0.921765 -0.319797
f 2737/1/685 2738/2/685 2739/3/685 2740/4/685
v 3.756858 1.334300 -2.135776
v 3.982310 1.312583 -2.352916
v 3.976087 1.294242 -2.357487
v 3.750676 1.315960 -2.140402
vn -0.621741 0.382003 -0.683748
f 2741/1/686 2742/2/686 2743/3/686 2744/4/686
v 3.750676 1.315960 -2.140402
v 3.976087 1.294242 -2.357487
v 3.980487 1.275902 -2.351142
v 3.755019 1.297619 -2.134019
vn -0.660014 -0.381525 -0.647163
f 2745/1/687 2746/2/687 2747/3/687 2748/4/687
v 3.755019 1.297619 -2.134019
v 3.980487 1.275902 -2.351142
v 3.992931 1.268305 -2.337599
v 3.767342 1.290022 -2.120365
vn -0.311670 -0.921565 -0.231471
f 2749/1/688 2750/2/688 2751/3/688 2752/4/688
v 3.767342 1.290022 -2.120365
v 3.992931 1.268305 -2.337599
v 4.006131 1.275902 -2.324791
v 3.780426 1.297619 -2.107439
vn 0.219241 -0.921762 0.319824
f 2753/1/689 2754/2/689 2755/3/689 2756/4/689
v 3.780426 1.297619 -2.107439
v 4.006131 1.275902 -2.324791
v 4.012354 1.294242 -2.320221
v 3.786608 1.315960 -2.102813
vn 0.621713 -0.382001 0.683775
f 2757/1/690 2758/2/690 2759/3/690 2760/4/690
v 4.012354 1.294242 -2.320221
v 4.235858 1.272525 -2.540016
v 4.231387 1.290866 -2.546311
v 4.007954 1.312583 -2.326565
vn 0.666733 0.381431 0.640295
f 2761/1/691 2762/2/691 2763/3/691 2764/4/691
v 4.007954 1.312583 -2.326565
v 4.231387 1.290866 -2.546311
v 4.218791 1.298463 -2.559713
v 3.995509 1.320180 -2.340108
vn 0.314107 0.921528 0.228304
f 2765/1/692 2766/2/692 2767/3/692 2768/4/692
v 3.995509 1.320180 -2.340108
v 4.218791 1.298463 -2.559713
v 4.205449 1.290866 -2.572372
v 3.982310 1.312583 -2.352916
vn -0.222535 0.921804 -0.317420
f 2769/1/693 2770/2/693 2771/3/693 2772/4/693
v 3.982310 1.312583 -2.352916
v 4.205449 1.290866 -2.572372
v 4.199175 1.272525 -2.576873
v 3.976087 1.294242 -2.357487
vn -0.628824 0.382097 -0.677187
f 2773/1/694 2774/2/694 2775/3/694 2776/4/694
v 3.976087 1.294242 -2.357487
v 4.199175 1.272525 -2.576873
v 4.203646 1.254185 -2.570578
v 3.980487 1.275902 -2.351142
vn -0.666768 -0.381427 -0.640261
f 2777/1/695 2778/2/695 2779/3/695 2780/4/695
v 3.980487 1.275902 -2.351142
v 4.203646 1.254185 -2.570578
v 4.216242 1.246588 -2.557176
v 3.992931 1.268305 -2.337599
vn -0.314142 -0.921525 -0.228270
f 2781/1/696 2782/2/696 2783/3/696 2784/4/696
v 3.992931 1.268305 -2.337599
v 4.216242 1.246588 -2.557176
v 4.229584 1.254185 -2.544516
v 4.006131 1.275902 -2.324791
vn 0.222500 -0.921801 0.317454
f 2785/1/697 2786/2/697 2787/3/697 2788/4/697
v 4.006131 1.275902 -2.324791
v 4.229584 1.254185 -2.544516
v 4.235858 1.272525 -2.540016
v 4.012354 1.294242 -2.320221
vn 0.628789 -0.382094 0.677222
f 2789/1/698 2790/2/698 2791/3/698 2792/4/698
v 4.235858 1.272525 -2.540016
v 4.456753 1.250808 -2.762521
v 4.452197 1.269149 -2.768753
v 4.231387 1.290866 -2.546311
vn 0.674373 0.381381 0.632273
f 2793/1/699 2794/2/699 2795/3/699 2796/4/699
v 4.231387 1.290866 -2.546311
v 4.452197 1.269149 -2.768753
v 4.439419 1.276746 -2.781982
v 4.218791 1.298463 -2.559713
vn 0.316854 0.921507 0.224561
f 2797/1/700 2798/2/700 2799/3/700 2800/4/700
v 4.218791 1.298463 -2.559713
v 4.439419 1.276746 -2.781982
v 4.425904 1.269149 -2.794457
v 4.205449 1.290866 -2.572372
vn -0.226295 0.921824 -0.314692
f 2801/1/701 2802/2/701 2803/3/701 2804/4/701
v 4.205449 1.290866 -2.572372
v 4.425904 1.269149 -2.794457
v 4.419570 1.250808 -2.798871
v 4.199175 1.272525 -2.576873
vn -0.636886 0.382145 -0.669583
f 2805/1/702 2806/2/702 2807/3/702 2808/4/702
v 4.199175 1.272525 -2.576873
v 4.419570 1.250808 -2.798871
v 4.424126 1.232467 -2.792638
v 4.203646 1.254185 -2.570578
vn -0.674414 -0.381376 -0.632232
f 2809/1/703 2810/2/703 2811/3/703 2812/4/703
v 4.203646 1.254185 -2.570578
v 4.424126 1.232467 -2.792638
v 4.436904 1.224870 -2.779410
v 4.216242 1.246588 -2.557176
vn -0.316896 -0.921503 -0.224519
f 2813/1/704 2814/2/704 2815/3/704 2816/4/704
v 4.216242 1.246588 -2.557176
v 4.436904 1.224870 -2.779410
v 4.450419 1.232467 -2.766934
v 4.229584 1.254185 -2.544516
vn 0.226252 -0.921820 0.314734
f 2817/1/705 2818/2/705 2819/3/705 2820/4/705
v 4.229584 1.254185 -2.544516
v 4.450419 1.232467 -2.766934
v 4.456753 1.250808 -2.762521
v 4.235858 1.272525 -2.540016
vn 0.636845 -0.382141 0.669624
f 2821/1/706 2822/2/706 2823/3/706 2824/4/706
v 4.456753 1.250808 -2.762521
v 4.674272 1.229091 -2.988479
v 4.669605 1.247432 -2.994629
v 4.452197 1.269149 -2.768753
vn 0.684051 0.381269 0.621859
f 2825/1/707 2826/2/707 2827/3/707 2828/4/707
v 4.452197 1.269149 -2.768753
v 4.669605 1.247432 -2.994629
v 4.656591 1.255029 -3.007625
v 4.439419 1.276746 -2.781982
vn 0.320347 0.921461 0.219742
f 2829/1/708 2830/2/708 2831/3/708 2832/4/708
v 4.439419 1.276746 -2.781982
v 4.656591 1.255029 -3.007625
v 4.642854 1.247432 -3.019855
v 4.425904 1.269149 -2.794457
vn -0.231042 0.921868 -0.311093
f 2833/1/709 2834/2/709 2835/3/709 2836/4/709
v 4.425904 1.269149 -2.794457
v 4.642854 1.247432 -3.019855
v 4.636441 1.229091 -3.024155
v 4.419570 1.250808 -2.798871
vn -0.647090 0.382250 -0.659666
f 2837/1/710 2838/2/710 2839/3/710 2840/4/710
v 4.419570 1.250808 -2.798871
v 4.636441 1.229091 -3.024155
v 4.641108 1.210750 -3.018005
v 4.424126 1.232467 -2.792638
vn -0.684103 -0.381263 -0.621805
f 2841/1/711 2842/2/711 2843/3/711 2844/4/711
v 4.424126 1.232467 -2.792638
v 4.641108 1.210750 -3.018005
v 4.654122 1.203153 -3.005008
v 4.436904 1.224870 -2.779410
vn -0.320401 -0.921456 -0.219687
f 2845/1/712 2846/2/712 2847/3/712 2848/4/712
v 4.436904 1.224870 -2.779410
v 4.654122 1.203153 -3.005008
v 4.667859 1.210750 -2.992778
v 4.450419 1.232467 -2.766934
vn 0.230987 -0.921863 0.311150
f 2849/1/713 2850/2/713 2851/3/713 2852/4/713
v 4.450419 1.232467 -2.766934
v 4.667859 1.210750 -2.992778
v 4.674272 1.229091 -2.988479
v 4.456753 1.250808 -2.762521
vn 0.647037 -0.382245 0.659721
f 2853/1/714 2854/2/714 2855/3/714 2856/4/714
v 4.674272 1.229091 -2.988479
v 4.887224 1.207374 -3.219004
v 4.882401 1.225714 -3.225033
v 4.669605 1.247432 -2.994629
vn 0.696737 0.381097 0.607720
f 2857/1/715 2858/2/715 2859/3/715 2860/4/715
v 4.669605 1.247432 -2.994629
v 4.882401 1.225714 -3.225033
v 4.869062 1.233311 -3.237695
v 4.656591 1.255029 -3.007625
vn 0.324914 0.921391 0.213236
f 2861/1/716 2862/2/716 2863/3/716 2864/4/716
v 4.656591 1.255029 -3.007625
v 4.869062 1.233311 -3.237695
v 4.855018 1.225714 -3.249572
v 4.642854 1.247432 -3.019855
vn -0.237285 0.921934 -0.306159
f 2865/1/717 2866/2/717 2867/3/717 2868/4/717
v 4.642854 1.247432 -3.019855
v 4.855018 1.225714 -3.249572
v 4.848498 1.207374 -3.253707
v 4.636441 1.229091 -3.024155
vn -0.660480 0.382409 -0.646166
f 2869/1/718 2870/2/718 2871/3/718 2872/4/718
v 4.636441 1.229091 -3.024155
v 4.848498 1.207374 -3.253707
v 4.853321 1.189033 -3.247678
v 4.641108 1.210750 -3.018005
vn -0.696806 -0.381090 -0.607645
f 2873/1/719 2874/2/719 2875/3/719 2876/4/719
v 4.641108 1.210750 -3.018005
v 4.853321 1.189033 -3.247678
v 4.866660 1.181436 -3.235016
v 4.654122 1.203153 -3.005008
vn -0.324988 -0.921383 -0.213157
f 2877/1/720 2878/2/720 2879/3/720 2880/4/720
v 4.654122 1.203153 -3.005008
v 4.866660 1.181436 -3.235016
v 4.880703 1.189033 -3.223139
v 4.667859 1.210750 -2.992778
vn 0.237209 -0.921927 0.306240
f 2881/1/721 2882/2/721 2883/3/721 2884/4/721
v 4.667859 1.210750 -2.992778
v 4.880703 1.189033 -3.223139
v 4.887224 1.207374 -3.219004
v 4.674272 1.229091 -2.988479
vn 0.660409 -0.382402 0.646242
f 2885/1/722 2886/2/722 2887/3/722 2888/4/722
v 4.887224 1.207374 -3.219004
v 5.093339 1.185657 -3.456123
v 5.088284 1.203997 -3.461959
v 4.882401 1.225714 -3.225033
vn 0.714854 0.380771 0.586512
f 2889/1/723 2890/2/723 2891/3/723 2892/4/723
v 4.882401 1.225714 -3.225033
v 5.088284 1.203997 -3.461959
v 5.074457 1.211594 -3.474087
v 4.869062 1.233311 -3.237695
vn 0.331433 0.921257 0.203563
f 2893/1/724 2894/2/724 2895/3/724 2896/4/724
v 4.869062 1.233311 -3.237695
v 5.074457 1.211594 -3.474087
v 5.059958 1.203997 -3.485403
v 4.855018 1.225714 -3.249572
vn -0.246223 0.922055 -0.298646
f 2897/1/725 2898/2/725 2899/3/725 2900/4/725
v 4.855018 1.225714 -3.249572
v 5.059958 1.203997 -3.485403
v 5.053281 1.185657 -3.489279
v 4.848498 1.207374 -3.253707
vn -0.679613 0.382698 -0.625834
f 2901/1/726 2902/2/726 2903/3/726 2904/4/726
v 4.848498 1.207374 -3.253707
v 5.053281 1.185657 -3.489279
v 5.058336 1.167316 -3.483443
v 4.853321 1.189033 -3.247678
vn -0.714949 -0.380760 -0.586404
f 2905/1/727 2906/2/727 2907/3/727 2908/4/727
v 4.853321 1.189033 -3.247678
v 5.058336 1.167316 -3.483443
v 5.072163 1.159719 -3.471315
v 4.866660 1.181436 -3.235016
vn -0.331542 -0.921245 -0.203441
f 2909/1/728 2910/2/728 2911/3/728 2912/4/728
v 4.866660 1.181436 -3.235016
v 5.072163 1.159719 -3.471315
v 5.086662 1.167316 -3.459998
v 4.880703 1.189033 -3.223139
vn 0.246108 -0.922044 0.298774
f 2913/1/729 2914/2/729 2915/3/729 2916/4/729
v 4.880703 1.189033 -3.223139
v 5.086662 1.167316 -3.459998
v 5.093339 1.185657 -3.456123
v 4.887224 1.207374 -3.219004
vn 0.679513 -0.382688 0.625949
f 2917/1/730 2918/2/730 2919/3/730 2920/4/730
v 5.093339 1.185657 -3.456123
v 5.287490 1.163939 -3.702582
v 5.282295 1.182280 -3.708294
v 5.088284 1.203997 -3.461959
vn 0.742557 0.380134 0.551459
f 2921/1/731 2922/2/731 2923/3/731 2924/4/731
v 5.088284 1.203997 -3.461959
v 5.282295 1.182280 -3.708294
v 5.268178 1.189877 -3.720084
v 5.074457 1.211594 -3.474087
vn 0.341397 0.920990 0.187684
f 2925/1/732 2926/2/732 2927/3/732 2928/4/732
v 5.074457 1.211594 -3.474087
v 5.268178 1.189877 -3.720084
v 5.253410 1.182280 -3.731047
v 5.059958 1.203997 -3.485403
vn -0.259929 0.922267 -0.286112
f 2929/1/733 2930/2/733 2931/3/733 2932/4/733
v 5.059958 1.203997 -3.485403
v 5.253410 1.182280 -3.731047
v 5.246641 1.163939 -3.734760
v 5.053281 1.185657 -3.489279
vn -0.708879 0.383218 -0.592144
f 2933/1/734 2934/2/734 2935/3/734 2936/4/734
v 5.053281 1.185657 -3.489279
v 5.246641 1.163939 -3.734760
v 5.251836 1.145599 -3.729048
v 5.058336 1.167316 -3.483443
vn -0.742650 -0.380122 -0.551341
f 2937/1/735 2938/2/735 2939/3/735 2940/4/735
v 5.058336 1.167316 -3.483443
v 5.251836 1.145599 -3.729048
v 5.265952 1.138002 -3.717258
v 5.072163 1.159719 -3.471315
vn -0.341472 -0.920981 -0.187593
f 2941/1/736 2942/2/736 2943/3/736 2944/4/736
v 5.072163 1.159719 -3.471315
v 5.265952 1.138002 -3.717258
v 5.280720 1.145599 -3.706295
v 5.086662 1.167316 -3.459998
vn 0.259862 -0.922261 0.286194
f 2945/1/737 2946/2/737 2947/3/737 2948/4/737
v 5.086662 1.167316 -3.459998
v 5.280720 1.145599 -3.706295
v 5.287490 1.163939 -3.702582
v 5.093339 1.185657 -3.456123
vn 0.708794 -0.383209 0.592252
f 2949/1/738 2950/2/738 2951/3/738 2952/4/738
v 5.287490 1.163939 -3.702582
v 5.253410 1.182280 -3.731047
v 5.268178 1.189877 -3.720084
v 5.282295 1.182280 -3.708294
vn 0.617311 -0.069192 -0.783670
f 2953/1/739 2954/2/739 2955/3/739 2956/4/739
v 5.287490 1.163939 -3.702582
v 5.251836 1.145599 -3.729048
v 5.246641 1.163939 -3.734760
v 5.253410 1.182280 -3.731047
vn 0.617311 -0.069192 -0.783670
f 2957/1/740 2958/2/740 2959/3/740 2960/4/740
v 5.287490 1.163939 -3.702582
v 5.280720 1.145599 -3.706295
v 5.265952 1.138002 -3.717258
v 5.251836 1.145599 -3.729048
vn 0.617311 -0.069192 -0.783670
f 2961/1/741 2962/2/741 2963/3/741 2964/4/741
v 1.756649 0.627771 -0.261105
v 3.224018 1.369167 -1.580010
v 3.215640 1.383729 -1.581144
v 1.748272 0.642333 -0.262239
vn 0.517481 0.358227 0.777102
f 2965/1/742 2966/2/742 2967/3/742 2968/4/742
v 1.748272 0.642333 -0.262239
v 3.215640 1.383729 -1.581144
v 3.203555 1.389761 -1.591199
v 1.736187 0.648365 -0.272294
vn 0.014118 0.864835 0.501857
f 2969/1/743 2970/2/743 2971/3/743 2972/4/743
v 1.736187 0.648365 -0.272294
v 3.203555 1.389761 -1.591199
v 3.194842 1.383729 -1.604284
v 1.727474 0.642333 -0.285379
vn -0.497515 0.864835 -0.067369
f 2973/1/744 2974/2/744 2975/3/744 2976/4/744
v 1.727474 0.642333 -0.285379
v 3.194842 1.383729 -1.604284
v 3.194604 1.369167 -1.612734
v 1.727236 0.627771 -0.293829
vn -0.717711 0.358227 -0.597131
f 2977/1/745 2978/2/745 2979/3/745 2980/4/745
v 1.727236 0.627771 -0.293829
v 3.194604 1.369167 -1.612734
v 3.202982 1.354605 -1.611600
v 1.735613 0.613209 -0.292695
vn -0.517481 -0.358227 -0.777102
f 2981/1/746 2982/2/746 2983/3/746 2984/4/746
v 1.735613 0.613209 -0.292695
v 3.202982 1.354605 -1.611600
v 3.215066 1.348573 -1.601545
v 1.747698 0.607177 -0.282640
vn -0.014118 -0.864835 -0.501857
f 2985/1/747 2986/2/747 2987/3/747 2988/4/747
v 1.747698 0.607177 -0.282640
v 3.215066 1.348573 -1.601545
v 3.223780 1.354605 -1.588460
v 1.756411 0.613209 -0.269555
vn 0.497515 -0.864835 0.067369
f 2989/1/748 2990/2/748 2991/3/748 2992/4/748
v 1.756411 0.613209 -0.269555
v 3.223780 1.354605 -1.588460
v 3.224018 1.369167 -1.580010
v 1.756649 0.627771 -0.261105
vn 0.717711 -0.358227 0.597131
f 2993/1/749 2994/2/749 2995/3/749 2996/4/749
v 3.224018 1.369167 -1.580010
v 3.194842 1.383729 -1.604284
v 3.203555 1.389761 -1.591199
v 3.215640 1.383729 -1.581144
vn 0.696198 0.351758 -0.625759
f 2997/1/750 2998/2/750 2999/3/750 3000/4/750
v 3.224018 1.369167 -1.580010
v 3.202982 1.354605 -1.611600
v 3.194604 1.369167 -1.612734
v 3.194842 1.383729 -1.604284
vn 0.696198 0.351758 -0.625759
f 3001/1/751 3002/2/751 3003/3/751 3004/4/751
v 3.224018 1.369167 -1.580010
v 3.223780 1.354605 -1.588460
v 3.215066 1.348573 -1.601545
v 3.202982 1.354605 -1.611600
vn 0.696198 0.351758 -0.625759
f 3005/1/752 3006/2/752 3007/3/752 3008/4/752
v 0.497146 1.620000 0.878186
v -0.051535 1.620000 0.955488
v -0.046692 1.635556 0.959738
v 0.497982 1.635556 0.884575
vn -0.128891 0.382668 -0.914851
f 3009/1/753 3010/2/753 3011/3/753 3012/4/753
v 0.497982 1.635556 0.884575
v -0.046692 1.635556 0.959738
v -0.035000 1.642000 0.970000
v 0.500000 1.642000 0.900000
vn -0.052314 0.923876 -0.379099
f 3013/1/754 3014/2/754 3015/3/754 3016/4/754
v 0.500000 1.642000 0.900000
v -0.035000 1.642000 0.970000
v -0.023308 1.635556 0.980262
v 0.502018 1.635556 0.915425
vn 0.049648 0.923880 0.379449
f 3017/1/755 3018/2/755 3019/3/755 3020/4/755
v 0.502018 1.635556 0.915425
v -0.023308 1.635556 0.980262
v -0.018465 1.620000 0.984512
v 0.502854 1.620000 0.921814
vn 0.113169 0.382675 0.916926
f 3021/1/756 3022/2/756 3023/3/756 3024/4/756
v 0.502854 1.620000 0.921814
v -0.018465 1.620000 0.984512
v -0.023308 1.604444 0.980262
v 0.502018 1.604444 0.915425
vn 0.110319 -0.382666 0.917277
f 3025/1/757 3026/2/757 3027/3/757 3028/4/757
v 0.502018 1.604444 0.915425
v -0.023308 1.604444 0.980262
v -0.035000 1.598000 0.970000
v 0.500000 1.598000 0.900000
vn 0.046877 -0.923876 0.379810
f 3029/1/758 3030/2/758 3031/3/758 3032/4/758
v 0.500000 1.598000 0.900000
v -0.035000 1.598000 0.970000
v -0.046692 1.604444 0.959738
v 0.497982 1.604444 0.884575
vn -0.049648 -0.923880 -0.379449
f 3033/1/759 3034/2/759 3035/3/759 3036/4/759
v 0.497982 1.604444 0.884575
v -0.046692 1.604444 0.959738
v -0.051535 1.620000 0.955488
v 0.497146 1.620000 0.878186
vn -0.126296 -0.382675 -0.915210
f 3037/1/760 3038/2/760 3039/3/760 3040/4/760
v -0.051535 1.620000 0.955488
v -0.057000 1.620000 1.400000
v -0.050556 1.635556 1.400000
v -0.046692 1.635556 0.959738
vn -0.953822 0.300142 -0.011727
f 3041/1/761 3042/2/761 3043/3/761 3044/4/761
v -0.046692 1.635556 0.959738
v -0.050556 1.635556 1.400000
v -0.035000 1.642000 1.400000
v -0.035000 1.642000 0.970000
vn -0.479833 0.877349 -0.004212
f 3045/1/762 3046/2/762 3047/3/762 3048/4/762
v -0.035000 1.642000 0.970000
v -0.035000 1.642000 1.400000
v -0.019444 1.635556 1.400000
v -0.023308 1.635556 0.980262
vn 0.482676 0.875799 -0.000000
f 3049/1/763 3050/2/763 3051/3/763 3052/4/763
v -0.023308 1.635556 0.980262
v -0.019444 1.635556 1.400000
v -0.013000 1.620000 1.400000
v -0.018465 1.620000 0.984512
vn 0.955445 0.295039 -0.008797
f 3053/1/764 3054/2/764 3055/3/764 3056/4/764
v -0.018465 1.620000 0.984512
v -0.013000 1.620000 1.400000
v -0.019444 1.604444 1.400000
v -0.023308 1.604444 0.980262
vn 0.955696 -0.294086 -0.012571
f 3057/1/765 3058/2/765 3059/3/765 3060/4/765
v -0.023308 1.604444 0.980262
v -0.019444 1.604444 1.400000
v -0.035000 1.598000 1.400000
v -0.035000 1.598000 0.970000
vn 0.485678 -0.874126 -0.004472
f 3061/1/766 3062/2/766 3063/3/766 3064/4/766
v -0.035000 1.598000 0.970000
v -0.035000 1.598000 1.400000
v -0.050556 1.604444 1.400000
v -0.046692 1.604444 0.959738
vn -0.482676 -0.875799 0.000000
f 3065/1/767 3066/2/767 3067/3/767 3068/4/767
v -0.046692 1.604444 0.959738
v -0.050556 1.604444 1.400000
v -0.057000 1.620000 1.400000
v -0.051535 1.620000 0.955488
vn -0.954117 -0.299318 -0.008375
f 3069/1/768 3070/2/768 3071/3/768 3072/4/768
v -0.057000 1.620000 1.400000
v -0.019444 1.635556 1.400000
v -0.035000 1.642000 1.400000
v -0.050556 1.635556 1.400000
vn 0.000000 0.000000 1.000000
f 3073/1/769 3074/2/769 3075/3/769 3076/4/769
v -0.057000 1.620000 1.400000
v -0.019444 1.604444 1.400000
v -0.013000 1.620000 1.400000
v -0.019444 1.635556 1.400000
vn -0.000000 0.000000 1.000000
f 3077/1/770 3078/2/770 3079/3/770 3080/4/770
v -0.057000 1.620000 1.400000
v -0.050556 1.604444 1.400000
v -0.035000 1.598000 1.400000
v -0.019444 1.604444 1.400000
vn 0.000000 0.000000 1.000000
f 3081/1/771 3082/2/771 3083/3/771 3084/4/771
usemtl clamp
v -0.097500 1.495000 1.500000
v 0.027500 1.495000 1.500000
v 0.027500 1.745000 1.500000
v -0.097500 1.745000 1.500000
vn 0.000000 0.000000 1.000000
f 3085/1/772 3086/2/772 3087/3/772 3088/4/772
v 0.027500 1.495000 1.250000
v -0.097500 1.495000 1.250000
v -0.097500 1.745000 1.250000
v 0.027500 1.745000 1.250000
vn 0.000000 0.000000 -1.000000
f 3089/1/773 3090/2/773 3091/3/773 3092/4/773
v 0.027500 1.495000 1.500000
v 0.027500 1.495000 1.250000
v 0.027500 1.745000 1.250000
v 0.027500 1.745000 1.500000
vn 1.000000 -0.000000 0.000000
f 3093/1/774 3094/2/774 3095/3/774 3096/4/774
v -0.097500 1.495000 1.250000
v -0.097500 1.495000 1.500000
v -0.097500 1.745000 1.500000
v -0.097500 1.745000 1.250000
vn -1.000000 0.000000 0.000000
f 3097/1/775 3098/2/775 3099/3/775 3100/4/775
v -0.097500 1.745000 1.500000
v 0.027500 1.745000 1.500000
v 0.027500 1.745000 1.250000
v -0.097500 1.745000 1.250000
vn -0.000000 1.000000 0.000000
f 3101/1/776 3102/2/776 3103/3/776 3104/4/776
v -0.097500 1.495000 1.250000
v 0.027500 1.495000 1.250000
v 0.027500 1.495000 1.500000
v -0.097500 1.495000 1.500000
vn 0.000000 -1.000000 0.000000
f 3105/1/777 3106/2/777 3107/3/777 3108/4/777
usemtl metal
v 0.497146 1.620000 0.921814
v 1.018465 1.620000 0.984512
v 1.023308 1.635556 0.980262
v 0.497982 1.635556 0.915425
vn -0.110319 0.382666 0.917277
f 3109/1/778 3110/2/778 3111/3/778 3112/4/778
v 0.497982 1.635556 0.915425
v 1.023308 1.635556 0.980262
v 1.035000 1.642000 0.970000
v 0.500000 1.642000 0.900000
vn -0.046877 0.923876 0.379810
f 3113/1/779 3114/2/779 3115/3/779 3116/4/779
v 0.500000 1.642000 0.900000
v 1.035000 1.642000 0.970000
v 1.046692 1.635556 0.959738
v 0.502018 1.635556 0.884575
vn 0.049648 0.923880 -0.379449
f 3117/1/780 3118/2/780 3119/3/780 3120/4/780
v 0.502018 1.635556 0.884575
v 1.046692 1.635556 0.959738
v 1.051535 1.620000 0.955488
v 0.502854 1.620000 0.878186
vn 0.126296 0.382675 -0.915210
f 3121/1/781 3122/2/781 3123/3/781 3124/4/781
v 0.502854 1.620000 0.878186
v 1.051535 1.620000 0.955488
v 1.046692 1.604444 0.959738
v 0.502018 1.604444 0.884575
vn 0.128891 -0.382668 -0.914851
f 3125/1/782 3126/2/782 3127/3/782 3128/4/782
v 0.502018 1.604444 0.884575
v 1.046692 1.604444 0.959738
v 1.035000 1.598000 0.970000
v 0.500000 1.598000 0.900000
vn 0.052314 -0.923876 -0.379099
f 3129/1/783 3130/2/783 3131/3/783 3132/4/783
v 0.500000 1.598000 0.900000
v 1.035000 1.598000 0.970000
v 1.023308 1.604444 0.980262
v 0.497982 1.604444 0.915425
vn -0.049648 -0.923880 0.379449
f 3133/1/784 3134/2/784 3135/3/784 3136/4/784
v 0.497982 1.604444 0.915425
v 1.023308 1.604444 0.980262
v 1.018465 1.620000 0.984512
v 0.497146 1.620000 0.921814
vn -0.113169 -0.382675 0.916926
f 3137/1/785 3138/2/785 3139/3/785 3140/4/785
v 1.018465 1.620000 0.984512
v 1.013000 1.620000 1.400000
v 1.019444 1.635556 1.400000
v 1.023308 1.635556 0.980262
vn -0.955696 0.294086 -0.012571
f 3141/1/786 3142/2/786 3143/3/786 3144/4/786
v 1.023308 1.635556 0.980262
v 1.019444 1.635556 1.400000
v 1.035000 1.642000 1.400000
v 1.035000 1.642000 0.970000
vn -0.485678 0.874126 -0.004472
f 3145/1/787 3146/2/787 3147/3/787 3148/4/787
v 1.035000 1.642000 0.970000
v 1.035000 1.642000 1.400000
v 1.050556 1.635556 1.400000
v 1.046692 1.635556 0.959738
vn 0.482676 0.875799 -0.000000
f 3149/1/788 3150/2/788 3151/3/788 3152/4/788
v 1.046692 1.635556 0.959738
v 1.050556 1.635556 1.400000
v 1.057000 1.620000 1.400000
v 1.051535 1.620000 0.955488
vn 0.954117 0.299318 -0.008375
f 3153/1/789 3154/2/789 3155/3/789 3156/4/789
v 1.051535 1.620000 0.955488
v 1.057000 1.620000 1.400000
v 1.050556 1.604444 1.400000
v 1.046692 1.604444 0.959738
vn 0.953822 -0.300142 -0.011727
f 3157/1/790 3158/2/790 3159/3/790 3160/4/790
v 1.046692 1.604444 0.959738
v 1.050556 1.604444 1.400000
v 1.035000 1.598000 1.400000
v 1.035000 1.598000 0.970000
vn 0.479833 -0.877349 -0.004212
f 3161/1/791 3162/2/791 3163/3/791 3164/4/791
v 1.035000 1.598000 0.970000
v 1.035000 1.598000 1.400000
v 1.019444 1.604444 1.400000
v 1.023308 1.604444 0.980262
vn -0.482676 -0.875799 0.000000
f 3165/1/792 3166/2/792 3167/3/792 3168/4/792
v 1.023308 1.604444 0.980262
v 1.019444 1.604444 1.400000
v 1.013000 1.620000 1.400000
v 1.018465 1.620000 0.984512
vn -0.955445 -0.295039 -0.008797
f 3169/1/793 3170/2/793 3171/3/793 3172/4/793
v 1.013000 1.620000 1.400000
v 1.050556 1.635556 1.400000
v 1.035000 1.642000 1.400000
v 1.019444 1.635556 1.400000
vn 0.000000 0.000000 1.000000
f 3173/1/794 3174/2/794 3175/3/794 3176/4/794
v 1.013000 1.620000 1.400000
v 1.050556 1.604444 1.400000
v 1.057000 1.620000 1.400000
v 1.050556 1.635556 1.400000
vn -0.000000 0.000000 1.000000
f 3177/1/795 3178/2/795 3179/3/795 3180/4/795
v 1.013000 1.620000 1.400000
v 1.019444 1.604444 1.400000
v 1.035000 1.598000 1.400000
v 1.050556 1.604444 1.400000
vn 0.000000 0.000000 1.000000
f 3181/1/796 3182/2/796 3183/3/796 3184/4/796
usemtl clamp
v 0.972500 1.495000 1.500000
v 1.097500 1.495000 1.500000
v 1.097500 1.745000 1.500000
v 0.972500 1.745000 1.500000
vn 0.000000 0.000000 1.000000
f 3185/1/797 3186/2/797 3187/3/797 3188/4/797
v 1.097500 1.495000 1.250000
v 0.972500 1.495000 1.250000
v 0.972500 1.745000 1.250000
v 1.097500 1.745000 1.250000
vn 0.000000 0.000000 -1.000000
f 3189/1/798 3190/2/798 3191/3/798 3192/4/798
v 1.097500 1.495000 1.500000
v 1.097500 1.495000 1.250000
v 1.097500 1.745000 1.250000
v 1.097500 1.745000 1.500000
vn 1.000000 -0.000000 0.000000
f 3193/1/799 3194/2/799 3195/3/799 3196/4/799
v 0.972500 1.495000 1.250000
v 0.972500 1.495000 1.500000
v 0.972500 1.745000 1.500000
v 0.972500 1.745000 1.250000
vn -1.000000 0.000000 0.000000
f 3197/1/800 3198/2/800 3199/3/800 3200/4/800
v 0.972500 1.745000 1.500000
v 1.097500 1.745000 1.500000
v 1.097500 1.745000 1.250000
v 0.972500 1.745000 1.250000
vn -0.000000 1.000000 0.000000
f 3201/1/801 3202/2/801 3203/3/801 3204/4/801
v 0.972500 1.495000 1.250000
v 1.097500 1.495000 1.250000
v 1.097500 1.495000 1.500000
v 0.972500 1.495000 1.500000
vn 0.000000 -1.000000 0.000000
f 3205/1/802 3206/2/802 3207/3/802 3208/4/802
usemtl metal
usemtl clamp
v 5.414920 1.157141 -3.975624
v 5.414920 1.282141 -3.975624
v 5.446170 1.282141 -3.944374
v 5.446170 1.157141 -3.944374
vn 0.707107 0.000000 -0.707107
f 3209/1/803 3210/2/803 3211/3/803 3212/4/803
v 5.446170 1.157141 -3.944374
v 5.446170 1.282141 -3.944374
v 5.414920 1.282141 -3.913124
v 5.414920 1.157141 -3.913124
vn 0.707107 -0.000000 0.707107
f 3213/1/804 3214/2/804 3215/3/804 3216/4/804
v 5.414920 1.157141 -3.913124
v 5.414920 1.282141 -3.913124
v 5.383670 1.282141 -3.944374
v 5.383670 1.157141 -3.944374
vn -0.707107 0.000000 0.707107
f 3217/1/805 3218/2/805 3219/3/805 3220/4/805
v 5.383670 1.157141 -3.944374
v 5.383670 1.282141 -3.944374
v 5.414920 1.282141 -3.975624
v 5.414920 1.157141 -3.975624
vn -0.707107 0.000000 -0.707107
f 3221/1/806 3222/2/806 3223/3/806 3224/4/806
v 5.414920 1.282141 -3.975624
v 5.383670 1.282141 -3.944374
v 5.414920 1.282141 -3.913124
v 5.446170 1.282141 -3.944374
vn 0.000000 1.000000 -0.000000
f 3225/1/807 3226/2/807 3227/3/807 3228/4/807
usemtl porcelain
v 5.321170 1.282141 -3.850624
v 5.508670 1.282141 -3.850624
v 5.508670 1.469641 -3.850624
v 5.321170 1.469641 -3.850624
vn 0.000000 0.000000 1.000000
f 3229/1/808 3230/2/808 3231/3/808 3232/4/808
v 5.508670 1.282141 -4.038124
v 5.321170 1.282141 -4.038124
v 5.321170 1.469641 -4.038124
v 5.508670 1.469641 -4.038124
vn 0.000000 0.000000 -1.000000
f 3233/1/809 3234/2/809 3235/3/809 3236/4/809
v 5.508670 1.282141 -3.850624
v 5.508670 1.282141 -4.038124
v 5.508670 1.469641 -4.038124
v 5.508670 1.469641 -3.850624
vn 1.000000 -0.000000 0.000000
f 3237/1/810 3238/2/810 3239/3/810 3240/4/810
v 5.321170 1.282141 -4.038124
v 5.321170 1.282141 -3.850624
v 5.321170 1.469641 -3.850624
v 5.321170 1.469641 -4.038124
vn -1.000000 0.000000 0.000000
f 3241/1/811 3242/2/811 3243/3/811 3244/4/811
v 5.321170 1.469641 -3.850624
v 5.508670 1.469641 -3.850624
v 5.508670 1.469641 -4.038124
v 5.321170 1.469641 -4.038124
vn -0.000000 1.000000 0.000000
f 3245/1/812 3246/2/812 3247/3/812 3248/4/812
v 5.321170 1.282141 -4.038124
v 5.508670 1.282141 -4.038124
v 5.508670 1.282141 -3.850624
v 5.321170 1.282141 -3.850624
vn 0.000000 -1.000000 0.000000
f 3249/1/813 3250/2/813 3251/3/813 3252/4/813
