# Generated by scripts/gen_pole_light_mounts.py
mtllib pole_light_mount.mtl
o pole_light_mount_5_left_left
vt 0 0
vt 1 0
vt 1 1
vt 0 1
usemtl clamp
v 0.312500 0.062500 1.000000
v 0.687500 0.062500 1.000000
v 0.687500 0.937500 1.000000
v 0.312500 0.937500 1.000000
vn 0.000000 0.000000 1.000000
f 1/1/1 2/2/1 3/3/1 4/4/1
v 0.687500 0.062500 0.900000
v 0.312500 0.062500 0.900000
v 0.312500 0.937500 0.900000
v 0.687500 0.937500 0.900000
vn 0.000000 0.000000 -1.000000
f 5/1/2 6/2/2 7/3/2 8/4/2
v 0.687500 0.062500 1.000000
v 0.687500 0.062500 0.900000
v 0.687500 0.937500 0.900000
v 0.687500 0.937500 1.000000
vn 1.000000 -0.000000 0.000000
f 9/1/3 10/2/3 11/3/3 12/4/3
v 0.312500 0.062500 0.900000
v 0.312500 0.062500 1.000000
v 0.312500 0.937500 1.000000
v 0.312500 0.937500 0.900000
vn -1.000000 0.000000 0.000000
f 13/1/4 14/2/4 15/3/4 16/4/4
v 0.312500 0.937500 1.000000
v 0.687500 0.937500 1.000000
v 0.687500 0.937500 0.900000
v 0.312500 0.937500 0.900000
vn -0.000000 1.000000 0.000000
f 17/1/5 18/2/5 19/3/5 20/4/5
v 0.312500 0.062500 0.900000
v 0.687500 0.062500 0.900000
v 0.687500 0.062500 1.000000
v 0.312500 0.062500 1.000000
vn 0.000000 -1.000000 0.000000
f 21/1/6 22/2/6 23/3/6 24/4/6
v 0.406250 0.010625 0.900000
v 0.593750 0.010625 0.900000
v 0.593750 0.229375 0.900000
v 0.406250 0.229375 0.900000
vn 0.000000 0.000000 1.000000
f 25/1/7 26/2/7 27/3/7 28/4/7
v 0.593750 0.010625 0.800000
v 0.406250 0.010625 0.800000
v 0.406250 0.229375 0.800000
v 0.593750 0.229375 0.800000
vn 0.000000 0.000000 -1.000000
f 29/1/8 30/2/8 31/3/8 32/4/8
v 0.593750 0.010625 0.900000
v 0.593750 0.010625 0.800000
v 0.593750 0.229375 0.800000
v 0.593750 0.229375 0.900000
vn 1.000000 -0.000000 0.000000
f 33/1/9 34/2/9 35/3/9 36/4/9
v 0.406250 0.010625 0.800000
v 0.406250 0.010625 0.900000
v 0.406250 0.229375 0.900000
v 0.406250 0.229375 0.800000
vn -1.000000 0.000000 0.000000
f 37/1/10 38/2/10 39/3/10 40/4/10
v 0.406250 0.229375 0.900000
v 0.593750 0.229375 0.900000
v 0.593750 0.229375 0.800000
v 0.406250 0.229375 0.800000
vn -0.000000 1.000000 0.000000
f 41/1/11 42/2/11 43/3/11 44/4/11
v 0.406250 0.010625 0.800000
v 0.593750 0.010625 0.800000
v 0.593750 0.010625 0.900000
v 0.406250 0.010625 0.900000
vn 0.000000 -1.000000 0.000000
f 45/1/12 46/2/12 47/3/12 48/4/12
v 0.468750 0.125000 0.900000
v 0.531250 0.125000 0.900000
v 0.531250 0.187500 0.900000
v 0.468750 0.187500 0.900000
vn 0.000000 0.000000 1.000000
f 49/1/13 50/2/13 51/3/13 52/4/13
v 0.531250 0.125000 0.880000
v 0.468750 0.125000 0.880000
v 0.468750 0.187500 0.880000
v 0.531250 0.187500 0.880000
vn 0.000000 0.000000 -1.000000
f 53/1/14 54/2/14 55/3/14 56/4/14
v 0.531250 0.125000 0.900000
v 0.531250 0.125000 0.880000
v 0.531250 0.187500 0.880000
v 0.531250 0.187500 0.900000
vn 1.000000 -0.000000 0.000000
f 57/1/15 58/2/15 59/3/15 60/4/15
v 0.468750 0.125000 0.880000
v 0.468750 0.125000 0.900000
v 0.468750 0.187500 0.900000
v 0.468750 0.187500 0.880000
vn -1.000000 0.000000 0.000000
f 61/1/16 62/2/16 63/3/16 64/4/16
v 0.468750 0.187500 0.900000
v 0.531250 0.187500 0.900000
v 0.531250 0.187500 0.880000
v 0.468750 0.187500 0.880000
vn -0.000000 1.000000 0.000000
f 65/1/17 66/2/17 67/3/17 68/4/17
v 0.468750 0.125000 0.880000
v 0.531250 0.125000 0.880000
v 0.531250 0.125000 0.900000
v 0.468750 0.125000 0.900000
vn 0.000000 -1.000000 0.000000
f 69/1/18 70/2/18 71/3/18 72/4/18
v 0.468750 0.812500 0.900000
v 0.531250 0.812500 0.900000
v 0.531250 0.875000 0.900000
v 0.468750 0.875000 0.900000
vn 0.000000 0.000000 1.000000
f 73/1/19 74/2/19 75/3/19 76/4/19
v 0.531250 0.812500 0.880000
v 0.468750 0.812500 0.880000
v 0.468750 0.875000 0.880000
v 0.531250 0.875000 0.880000
vn 0.000000 0.000000 -1.000000
f 77/1/20 78/2/20 79/3/20 80/4/20
v 0.531250 0.812500 0.900000
v 0.531250 0.812500 0.880000
v 0.531250 0.875000 0.880000
v 0.531250 0.875000 0.900000
vn 1.000000 -0.000000 0.000000
f 81/1/21 82/2/21 83/3/21 84/4/21
v 0.468750 0.812500 0.880000
v 0.468750 0.812500 0.900000
v 0.468750 0.875000 0.900000
v 0.468750 0.875000 0.880000
vn -1.000000 0.000000 0.000000
f 85/1/22 86/2/22 87/3/22 88/4/22
v 0.468750 0.875000 0.900000
v 0.531250 0.875000 0.900000
v 0.531250 0.875000 0.880000
v 0.468750 0.875000 0.880000
vn -0.000000 1.000000 0.000000
f 89/1/23 90/2/23 91/3/23 92/4/23
v 0.468750 0.812500 0.880000
v 0.531250 0.812500 0.880000
v 0.531250 0.812500 0.900000
v 0.468750 0.812500 0.900000
vn 0.000000 -1.000000 0.000000
f 93/1/24 94/2/24 95/3/24 96/4/24
usemtl metal
v 0.545000 0.120000 0.860000
v 0.540887 0.120000 0.781205
v 0.536895 0.142217 0.786956
v 0.538971 0.142500 0.860000
vn 0.964700 0.258491 -0.050355
f 97/1/25 98/2/25 99/3/25 100/4/25
v 0.538971 0.142500 0.860000
v 0.536895 0.142217 0.786956
v 0.523017 0.158481 0.796202
v 0.522500 0.158971 0.860000
vn 0.706922 0.706922 -0.022830
f 101/1/26 102/2/26 103/3/26 104/4/26
v 0.522500 0.158971 0.860000
v 0.523017 0.158481 0.796202
v 0.502972 0.164434 0.806466
v 0.500000 0.165000 0.860000
vn 0.258815 0.965912 -0.005325
f 105/1/27 106/2/27 107/3/27 108/4/27
v 0.500000 0.165000 0.860000
v 0.502972 0.164434 0.806466
v 0.482130 0.158481 0.814997
v 0.477500 0.158971 0.860000
vn -0.258741 0.965634 -0.024577
f 109/1/28 110/2/28 111/3/28 112/4/28
v 0.477500 0.158971 0.860000
v 0.482130 0.158481 0.814997
v 0.466077 0.142217 0.819510
v 0.461029 0.142500 0.860000
vn -0.704829 0.704829 -0.080199
f 113/1/29 114/2/29 115/3/29 116/4/29
v 0.461029 0.142500 0.860000
v 0.466077 0.142217 0.819510
v 0.459113 0.120000 0.818795
v 0.455000 0.120000 0.860000
vn -0.958790 0.256907 -0.121328
f 117/1/30 118/2/30 119/3/30 120/4/30
v 0.455000 0.120000 0.860000
v 0.459113 0.120000 0.818795
v 0.463105 0.097783 0.813044
v 0.461029 0.097500 0.860000
vn -0.961467 -0.257624 -0.095969
f 121/1/31 122/2/31 123/3/31 124/4/31
v 0.461029 0.097500 0.860000
v 0.463105 0.097783 0.813044
v 0.476983 0.081519 0.803798
v 0.477500 0.081029 0.860000
vn -0.706661 -0.706661 -0.035501
f 125/1/32 126/2/32 127/3/32 128/4/32
v 0.477500 0.081029 0.860000
v 0.476983 0.081519 0.803798
v 0.497028 0.075566 0.793534
v 0.500000 0.075000 0.860000
vn -0.258814 -0.965908 -0.006044
f 129/1/33 130/2/33 131/3/33 132/4/33
v 0.500000 0.075000 0.860000
v 0.497028 0.075566 0.793534
v 0.517870 0.081519 0.785003
v 0.522500 0.081029 0.860000
vn 0.258768 -0.965737 -0.019798
f 133/1/34 134/2/34 135/3/34 136/4/34
v 0.522500 0.081029 0.860000
v 0.517870 0.081519 0.785003
v 0.533923 0.097783 0.780490
v 0.538971 0.097500 0.860000
vn 0.706284 -0.706284 -0.048224
f 137/1/35 138/2/35 139/3/35 140/4/35
v 0.538971 0.097500 0.860000
v 0.533923 0.097783 0.780490
v 0.540887 0.120000 0.781205
v 0.545000 0.120000 0.860000
vn 0.964060 -0.258319 -0.062126
f 141/1/36 142/2/36 143/3/36 144/4/36
v 0.540887 0.120000 0.781205
v 0.490033 0.134795 0.733474
v 0.491176 0.156351 0.742229
v 0.536895 0.142217 0.786956
vn 0.698169 0.294371 -0.652615
f 145/1/37 146/2/37 147/3/37 148/4/37
v 0.536895 0.142217 0.786956
v 0.491176 0.156351 0.742229
v 0.484345 0.172131 0.757943
v 0.523017 0.158481 0.796202
vn 0.588692 0.715824 -0.375549
f 149/1/38 150/2/38 151/3/38 152/4/38
v 0.523017 0.158481 0.796202
v 0.484345 0.172131 0.757943
v 0.471369 0.177907 0.776406
v 0.502972 0.164434 0.806466
vn 0.301184 0.952904 0.035533
f 153/1/39 154/2/39 155/3/39 156/4/39
v 0.502972 0.164434 0.806466
v 0.471369 0.177907 0.776406
v 0.455726 0.172131 0.792670
v 0.482130 0.158481 0.814997
vn -0.063161 0.884251 0.462721
f 157/1/40 158/2/40 159/3/40 160/4/40
v 0.482130 0.158481 0.814997
v 0.455726 0.172131 0.792670
v 0.441607 0.156351 0.802378
v 0.466077 0.142217 0.819510
vn -0.350595 0.555313 0.754129
f 161/1/41 162/2/41 163/3/41 164/4/41
v 0.466077 0.142217 0.819510
v 0.441607 0.156351 0.802378
v 0.432796 0.134795 0.802929
v 0.459113 0.120000 0.818795
vn -0.515129 0.134233 0.846536
f 165/1/42 166/2/42 167/3/42 168/4/42
v 0.459113 0.120000 0.818795
v 0.432796 0.134795 0.802929
v 0.431652 0.113240 0.794174
v 0.463105 0.097783 0.813044
vn -0.610430 -0.299484 0.733270
f 169/1/43 170/2/43 171/3/43 172/4/43
v 0.463105 0.097783 0.813044
v 0.431652 0.113240 0.794174
v 0.438483 0.097460 0.778460
v 0.476983 0.081519 0.803798
vn -0.582634 -0.715890 0.384758
f 173/1/44 174/2/44 175/3/44 176/4/44
v 0.476983 0.081519 0.803798
v 0.438483 0.097460 0.778460
v 0.451459 0.091684 0.759998
v 0.497028 0.075566 0.793534
vn -0.327380 -0.940199 -0.094064
f 177/1/45 178/2/45 179/3/45 180/4/45
v 0.497028 0.075566 0.793534
v 0.451459 0.091684 0.759998
v 0.467102 0.097460 0.743733
v 0.517870 0.081519 0.785003
vn 0.049822 -0.872082 -0.486817
f 181/1/46 182/2/46 183/3/46 184/4/46
v 0.517870 0.081519 0.785003
v 0.467102 0.097460 0.743733
v 0.481221 0.113240 0.734025
v 0.533923 0.097783 0.780490
vn 0.393107 -0.584888 -0.709488
f 185/1/47 186/2/47 187/3/47 188/4/47
v 0.533923 0.097783 0.780490
v 0.481221 0.113240 0.734025
v 0.490033 0.134795 0.733474
v 0.540887 0.120000 0.781205
vn 0.622977 -0.170712 -0.763385
f 189/1/48 190/2/48 191/3/48 192/4/48
v 0.490033 0.134795 0.733474
v 0.451447 0.149923 0.701676
v 0.452631 0.171463 0.710465
v 0.491176 0.156351 0.742229
vn 0.672137 0.247730 -0.697754
f 193/1/49 194/2/49 195/3/49 196/4/49
v 0.491176 0.156351 0.742229
v 0.452631 0.171463 0.710465
v 0.445830 0.187231 0.726203
v 0.484345 0.172131 0.757943
vn 0.607724 0.676808 -0.415455
f 197/1/50 198/2/50 199/3/50 200/4/50
v 0.484345 0.172131 0.757943
v 0.445830 0.187231 0.726203
v 0.432866 0.193002 0.744675
v 0.471369 0.177907 0.776406
vn 0.380472 0.924535 -0.021836
f 201/1/51 202/2/51 203/3/51 204/4/51
v 0.471369 0.177907 0.776406
v 0.432866 0.193002 0.744675
v 0.417212 0.187231 0.760931
v 0.455726 0.172131 0.792670
vn 0.051274 0.924534 0.377633
f 205/1/52 206/2/52 207/3/52 208/4/52
v 0.455726 0.172131 0.792670
v 0.417212 0.187231 0.760931
v 0.403063 0.171463 0.770614
v 0.441607 0.156351 0.802378
vn -0.291664 0.676808 0.675917
f 209/1/53 210/2/53 211/3/53 212/4/53
v 0.441607 0.156351 0.802378
v 0.403063 0.171463 0.770614
v 0.394210 0.149923 0.771131
v 0.432796 0.134795 0.802929
vn -0.556452 0.247729 0.793090
f 213/1/54 214/2/54 215/3/54 216/4/54
v 0.432796 0.134795 0.802929
v 0.394210 0.149923 0.771131
v 0.393025 0.128384 0.762342
v 0.431652 0.113240 0.794174
vn -0.672137 -0.247730 0.697754
f 217/1/55 218/2/55 219/3/55 220/4/55
v 0.431652 0.113240 0.794174
v 0.393025 0.128384 0.762342
v 0.399826 0.112615 0.746604
v 0.438483 0.097460 0.778460
vn -0.607722 -0.676809 0.415457
f 221/1/56 222/2/56 223/3/56 224/4/56
v 0.438483 0.097460 0.778460
v 0.399826 0.112615 0.746604
v 0.412791 0.106844 0.728132
v 0.451459 0.091684 0.759998
vn -0.380467 -0.924536 0.021840
f 225/1/57 226/2/57 227/3/57 228/4/57
v 0.451459 0.091684 0.759998
v 0.412791 0.106844 0.728132
v 0.428445 0.112615 0.711876
v 0.467102 0.097460 0.743733
vn -0.051269 -0.924537 -0.377629
f 229/1/58 230/2/58 231/3/58 232/4/58
v 0.467102 0.097460 0.743733
v 0.428445 0.112615 0.711876
v 0.442594 0.128384 0.702193
v 0.481221 0.113240 0.734025
vn 0.291667 -0.676809 -0.675914
f 233/1/59 234/2/59 235/3/59 236/4/59
v 0.481221 0.113240 0.734025
v 0.442594 0.128384 0.702193
v 0.451447 0.149923 0.701676
v 0.490033 0.134795 0.733474
vn 0.556453 -0.247730 -0.793089
f 237/1/60 238/2/60 239/3/60 240/4/60
v 0.451447 0.149923 0.701676
v 0.412861 0.164988 0.669878
v 0.413965 0.186558 0.678600
v 0.452631 0.171463 0.710465
vn 0.671914 0.247816 -0.697939
f 241/1/61 242/2/61 243/3/61 244/4/61
v 0.452631 0.171463 0.710465
v 0.413965 0.186558 0.678600
v 0.407106 0.202349 0.694291
v 0.445830 0.187231 0.726203
vn 0.607112 0.677046 -0.415961
f 245/1/62 246/2/62 247/3/62 248/4/62
v 0.445830 0.187231 0.726203
v 0.407106 0.202349 0.694291
v 0.394120 0.208129 0.712745
v 0.432866 0.193002 0.744675
vn 0.379633 0.924863 -0.022528
f 249/1/63 250/2/63 251/3/63 252/4/63
v 0.432866 0.193002 0.744675
v 0.394120 0.208129 0.712745
v 0.378487 0.202349 0.729018
v 0.417212 0.187231 0.760931
vn 0.050433 0.924863 0.376942
f 253/1/64 254/2/64 255/3/64 256/4/64
v 0.417212 0.187231 0.760931
v 0.378487 0.202349 0.729018
v 0.364397 0.186558 0.738750
v 0.403063 0.171463 0.770614
vn -0.292280 0.677047 0.675411
f 257/1/65 258/2/65 259/3/65 260/4/65
v 0.403063 0.171463 0.770614
v 0.364397 0.186558 0.738750
v 0.355624 0.164988 0.739333
v 0.394210 0.149923 0.771131
vn -0.556676 0.247816 0.792905
f 261/1/66 262/2/66 263/3/66 264/4/66
v 0.394210 0.149923 0.771131
v 0.355624 0.164988 0.739333
v 0.354519 0.143417 0.730610
v 0.393025 0.128384 0.762342
vn -0.671914 -0.247816 0.697939
f 265/1/67 266/2/67 267/3/67 268/4/67
v 0.393025 0.128384 0.762342
v 0.354519 0.143417 0.730610
v 0.361379 0.127626 0.714920
v 0.399826 0.112615 0.746604
vn -0.607116 -0.677044 0.415958
f 269/1/68 270/2/68 271/3/68 272/4/68
v 0.399826 0.112615 0.746604
v 0.361379 0.127626 0.714920
v 0.374365 0.121846 0.696465
v 0.412791 0.106844 0.728132
vn -0.379643 -0.924859 0.022520
f 273/1/69 274/2/69 275/3/69 276/4/69
v 0.412791 0.106844 0.728132
v 0.374365 0.121846 0.696465
v 0.389997 0.127626 0.680192
v 0.428445 0.112615 0.711876
vn -0.050444 -0.924859 -0.376951
f 277/1/70 278/2/70 279/3/70 280/4/70
v 0.428445 0.112615 0.711876
v 0.389997 0.127626 0.680192
v 0.404088 0.143417 0.670461
v 0.442594 0.128384 0.702193
vn 0.292273 -0.677044 -0.675417
f 281/1/71 282/2/71 283/3/71 284/4/71
v 0.442594 0.128384 0.702193
v 0.404088 0.143417 0.670461
v 0.412861 0.164988 0.669878
v 0.451447 0.149923 0.701676
vn 0.556675 -0.247815 -0.792906
f 285/1/72 286/2/72 287/3/72 288/4/72
v 0.412861 0.164988 0.669878
v 0.374275 0.179592 0.638080
v 0.375177 0.201239 0.646635
v 0.413965 0.186558 0.678600
vn 0.670295 0.248440 -0.699272
f 289/1/73 290/2/73 291/3/73 292/4/73
v 0.413965 0.186558 0.678600
v 0.375177 0.201239 0.646635
v 0.368169 0.217085 0.662203
v 0.407106 0.202349 0.694291
vn 0.602684 0.678751 -0.419606
f 293/1/74 294/2/74 295/3/74 296/4/74
v 0.407106 0.202349 0.694291
v 0.368169 0.217085 0.662203
v 0.355128 0.222886 0.680613
v 0.394120 0.208129 0.712745
vn 0.373582 0.927189 -0.027513
f 297/1/75 298/2/75 299/3/75 300/4/75
v 0.394120 0.208129 0.712745
v 0.355128 0.222886 0.680613
v 0.339550 0.217085 0.696931
v 0.378487 0.202349 0.729018
vn 0.044383 0.927190 0.371953
f 301/1/76 302/2/76 303/3/76 304/4/76
v 0.378487 0.202349 0.729018
v 0.339550 0.217085 0.696931
v 0.325608 0.201239 0.706785
v 0.364397 0.186558 0.738750
vn -0.296706 0.678752 0.671759
f 305/1/77 306/2/77 307/3/77 308/4/77
v 0.364397 0.186558 0.738750
v 0.325608 0.201239 0.706785
v 0.317038 0.179592 0.707534
v 0.355624 0.164988 0.739333
vn -0.558296 0.248441 0.791570
f 309/1/78 310/2/78 311/3/78 312/4/78
v 0.355624 0.164988 0.739333
v 0.317038 0.179592 0.707534
v 0.316136 0.157945 0.698979
v 0.354519 0.143417 0.730610
vn -0.670295 -0.248440 0.699272
f 313/1/79 314/2/79 315/3/79 316/4/79
v 0.354519 0.143417 0.730610
v 0.316136 0.157945 0.698979
v 0.323144 0.142098 0.683411
v 0.361379 0.127626 0.714920
vn -0.602694 -0.678747 0.419598
f 317/1/80 318/2/80 319/3/80 320/4/80
v 0.361379 0.127626 0.714920
v 0.323144 0.142098 0.683411
v 0.336184 0.136298 0.665001
v 0.374365 0.121846 0.696465
vn -0.373606 -0.927180 0.027493
f 321/1/81 322/2/81 323/3/81 324/4/81
v 0.374365 0.121846 0.696465
v 0.336184 0.136298 0.665001
v 0.351763 0.142098 0.648683
v 0.389997 0.127626 0.680192
vn -0.044411 -0.927179 -0.371976
f 325/1/82 326/2/82 327/3/82 328/4/82
v 0.389997 0.127626 0.680192
v 0.351763 0.142098 0.648683
v 0.365705 0.157945 0.638829
v 0.404088 0.143417 0.670461
vn 0.296689 -0.678746 -0.671774
f 329/1/83 330/2/83 331/3/83 332/4/83
v 0.404088 0.143417 0.670461
v 0.365705 0.157945 0.638829
v 0.374275 0.179592 0.638080
v 0.412861 0.164988 0.669878
vn 0.558292 -0.248440 -0.791573
f 333/1/84 334/2/84 335/3/84 336/4/84
v 0.374275 0.179592 0.638080
v 0.335731 0.193340 0.606316
v 0.336321 0.215094 0.614624
v 0.375177 0.201239 0.646635
vn 0.667302 0.249545 -0.701737
f 337/1/85 338/2/85 339/3/85 340/4/85
v 0.375177 0.201239 0.646635
v 0.336321 0.215094 0.614624
v 0.329074 0.231019 0.630001
v 0.368169 0.217085 0.662203
vn 0.594413 0.681796 -0.426412
f 341/1/86 342/2/86 343/3/86 344/4/86
v 0.368169 0.217085 0.662203
v 0.329074 0.231019 0.630001
v 0.315930 0.236848 0.648328
v 0.355128 0.222886 0.680613
vn 0.362264 0.931347 -0.036832
f 345/1/87 346/2/87 347/3/87 348/4/87
v 0.355128 0.222886 0.680613
v 0.315930 0.236848 0.648328
v 0.300413 0.231019 0.664694
v 0.339550 0.217085 0.696931
vn 0.033069 0.931349 0.362622
f 349/1/88 350/2/88 351/3/88 352/4/88
v 0.339550 0.217085 0.696931
v 0.300413 0.231019 0.664694
v 0.286680 0.215094 0.674713
v 0.325608 0.201239 0.706785
vn -0.304974 0.681800 0.664936
f 353/1/89 354/2/89 355/3/89 356/4/89
v 0.325608 0.201239 0.706785
v 0.286680 0.215094 0.674713
v 0.278410 0.193340 0.675701
v 0.317038 0.179592 0.707534
vn -0.561292 0.249547 0.789099
f 357/1/90 358/2/90 359/3/90 360/4/90
v 0.317038 0.179592 0.707534
v 0.278410 0.193340 0.675701
v 0.277820 0.171586 0.667394
v 0.316136 0.157945 0.698979
vn -0.667196 -0.249584 0.701824
f 361/1/91 362/2/91 363/3/91 364/4/91
v 0.316136 0.157945 0.698979
v 0.277820 0.171586 0.667394
v 0.285068 0.155661 0.652016
v 0.323144 0.142098 0.683411
vn -0.594310 -0.681833 0.426497
f 365/1/92 366/2/92 367/3/92 368/4/92
v 0.323144 0.142098 0.683411
v 0.285068 0.155661 0.652016
v 0.298211 0.149832 0.633689
v 0.336184 0.136298 0.665001
vn -0.362175 -0.931379 0.036906
f 369/1/93 370/2/93 371/3/93 372/4/93
v 0.336184 0.136298 0.665001
v 0.298211 0.149832 0.633689
v 0.313728 0.155661 0.617324
v 0.351763 0.142098 0.648683
vn -0.032990 -0.931377 -0.362557
f 373/1/94 374/2/94 375/3/94 376/4/94
v 0.351763 0.142098 0.648683
v 0.313728 0.155661 0.617324
v 0.327461 0.171586 0.607304
v 0.365705 0.157945 0.638829
vn 0.305056 -0.681829 -0.664868
f 377/1/95 378/2/95 379/3/95 380/4/95
v 0.365705 0.157945 0.638829
v 0.327461 0.171586 0.607304
v 0.335731 0.193340 0.606316
v 0.374275 0.179592 0.638080
vn 0.561387 -0.249582 -0.789020
f 381/1/96 382/2/96 383/3/96 384/4/96
v 0.335731 0.193340 0.606316
v 0.297269 0.206008 0.574464
v 0.297646 0.227830 0.582605
v 0.336321 0.215094 0.614624
vn 0.665102 0.250596 -0.703449
f 385/1/97 386/2/97 387/3/97 388/4/97
v 0.336321 0.215094 0.614624
v 0.297646 0.227830 0.582605
v 0.290230 0.243804 0.597850
v 0.329074 0.231019 0.630001
vn 0.584923 0.685236 -0.433955
f 389/1/98 390/2/98 391/3/98 392/4/98
v 0.329074 0.231019 0.630001
v 0.290230 0.243804 0.597850
v 0.277007 0.249651 0.616114
v 0.315930 0.236848 0.648328
vn 0.348044 0.936240 -0.048174
f 393/1/99 394/2/99 395/3/99 396/4/99
v 0.315930 0.236848 0.648328
v 0.277007 0.249651 0.616114
v 0.261522 0.243804 0.632504
v 0.300413 0.231019 0.664694
vn 0.017933 0.936386 0.350514
f 397/1/100 398/2/100 399/3/100 400/4/100
v 0.300413 0.231019 0.664694
v 0.261522 0.243804 0.632504
v 0.247923 0.227830 0.642627
v 0.286680 0.215094 0.674713
vn -0.316978 0.685644 0.655300
f 401/1/101 402/2/101 403/3/101 404/4/101
v 0.286680 0.215094 0.674713
v 0.247923 0.227830 0.642627
v 0.239854 0.206008 0.643771
v 0.278410 0.193340 0.675701
vn -0.566956 0.251168 0.784523
f 405/1/102 406/2/102 407/3/102 408/4/102
v 0.278410 0.193340 0.675701
v 0.239854 0.206008 0.643771
v 0.239477 0.184187 0.635630
v 0.277820 0.171586 0.667394
vn -0.664989 -0.250635 0.703543
f 409/1/103 410/2/103 411/3/103 412/4/103
v 0.277820 0.171586 0.667394
v 0.239477 0.184187 0.635630
v 0.246893 0.168212 0.620385
v 0.285068 0.155661 0.652016
vn -0.584792 -0.685280 0.434062
f 413/1/104 414/2/104 415/3/104 416/4/104
v 0.285068 0.155661 0.652016
v 0.246893 0.168212 0.620385
v 0.260116 0.162365 0.602121
v 0.298211 0.149832 0.633689
vn -0.347880 -0.936294 0.048308
f 417/1/105 418/2/105 419/3/105 420/4/105
v 0.298211 0.149832 0.633689
v 0.260116 0.162365 0.602121
v 0.275601 0.168212 0.585731
v 0.313728 0.155661 0.617324
vn -0.017755 -0.936445 -0.350366
f 421/1/106 422/2/106 423/3/106 424/4/106
v 0.313728 0.155661 0.617324
v 0.275601 0.168212 0.585731
v 0.289200 0.184187 0.575608
v 0.327461 0.171586 0.607304
vn 0.317139 -0.685698 -0.655165
f 425/1/107 426/2/107 427/3/107 428/4/107
v 0.327461 0.171586 0.607304
v 0.289200 0.184187 0.575608
v 0.297269 0.206008 0.574464
v 0.335731 0.193340 0.606316
vn 0.567084 -0.251212 -0.784416
f 429/1/108 430/2/108 431/3/108 432/4/108
v 0.297269 0.206008 0.574464
v 0.258776 0.218470 0.542565
v 0.259115 0.240303 0.550676
v 0.297646 0.227830 0.582605
vn 0.664531 0.251098 -0.703810
f 433/1/109 434/2/109 435/3/109 436/4/109
v 0.297646 0.227830 0.582605
v 0.259115 0.240303 0.550676
v 0.251669 0.256286 0.565897
v 0.290230 0.243804 0.597850
vn 0.582872 0.686090 -0.435363
f 437/1/110 438/2/110 439/3/110 440/4/110
v 0.290230 0.243804 0.597850
v 0.251669 0.256286 0.565897
v 0.238434 0.262137 0.584151
v 0.277007 0.249651 0.616114
vn 0.345035 0.937243 -0.050259
f 441/1/111 442/2/111 443/3/111 444/4/111
v 0.277007 0.249651 0.616114
v 0.238434 0.262137 0.584151
v 0.222956 0.256286 0.600546
v 0.261522 0.243804 0.632504
vn 0.014749 0.937263 0.348312
f 445/1/112 446/2/112 447/3/112 448/4/112
v 0.261522 0.243804 0.632504
v 0.222956 0.256286 0.600546
v 0.209382 0.240303 0.610689
v 0.247923 0.227830 0.642627
vn -0.319488 0.686144 0.653555
f 449/1/113 450/2/113 451/3/113 452/4/113
v 0.247923 0.227830 0.642627
v 0.209382 0.240303 0.610689
v 0.201349 0.218470 0.611863
v 0.239854 0.206008 0.643771
vn -0.568118 0.251172 0.783680
f 453/1/114 454/2/114 455/3/114 456/4/114
v 0.239854 0.206008 0.643771
v 0.201349 0.218470 0.611863
v 0.201010 0.196637 0.603752
v 0.239477 0.184187 0.635630
vn -0.664518 -0.251102 0.703821
f 457/1/115 458/2/115 459/3/115 460/4/115
v 0.239477 0.184187 0.635630
v 0.201010 0.196637 0.603752
v 0.208456 0.180653 0.588530
v 0.246893 0.168212 0.620385
vn -0.582858 -0.686094 0.435374
f 461/1/116 462/2/116 463/3/116 464/4/116
v 0.246893 0.168212 0.620385
v 0.208456 0.180653 0.588530
v 0.221691 0.174803 0.570276
v 0.260116 0.162365 0.602121
vn -0.345020 -0.937248 0.050272
f 465/1/117 466/2/117 467/3/117 468/4/117
v 0.260116 0.162365 0.602121
v 0.221691 0.174803 0.570276
v 0.237169 0.180653 0.553881
v 0.275601 0.168212 0.585731
vn -0.014733 -0.937268 -0.348299
f 469/1/118 470/2/118 471/3/118 472/4/118
v 0.275601 0.168212 0.585731
v 0.237169 0.180653 0.553881
v 0.250743 0.196637 0.543738
v 0.289200 0.184187 0.575608
vn 0.319503 -0.686149 -0.653543
f 473/1/119 474/2/119 475/3/119 476/4/119
v 0.289200 0.184187 0.575608
v 0.250743 0.196637 0.543738
v 0.258776 0.218470 0.542565
v 0.297269 0.206008 0.574464
vn 0.568131 -0.251176 -0.783669
f 477/1/120 478/2/120 479/3/120 480/4/120
v 0.258776 0.218470 0.542565
v 0.220277 0.230907 0.510661
v 0.220608 0.252743 0.518766
v 0.259115 0.240303 0.550676
vn 0.664437 0.251165 -0.703875
f 481/1/121 482/2/121 483/3/121 484/4/121
v 0.259115 0.240303 0.550676
v 0.220608 0.252743 0.518766
v 0.213157 0.268728 0.533983
v 0.251669 0.256286 0.565897
vn 0.582611 0.686197 -0.435544
f 485/1/122 486/2/122 487/3/122 488/4/122
v 0.251669 0.256286 0.565897
v 0.213157 0.268728 0.533983
v 0.199920 0.274579 0.552235
v 0.238434 0.262137 0.584151
vn 0.344676 0.937362 -0.050509
f 489/1/123 490/2/123 491/3/123 492/4/123
v 0.238434 0.262137 0.584151
v 0.199920 0.274579 0.552235
v 0.184444 0.268728 0.568631
v 0.222956 0.256286 0.600546
vn 0.014385 0.937362 0.348060
f 493/1/124 494/2/124 495/3/124 496/4/124
v 0.222956 0.256286 0.600546
v 0.184444 0.268728 0.568631
v 0.170875 0.252743 0.578779
v 0.209382 0.240303 0.610689
vn -0.319761 0.686197 0.653366
f 497/1/125 498/2/125 499/3/125 500/4/125
v 0.209382 0.240303 0.610689
v 0.170875 0.252743 0.578779
v 0.162851 0.230907 0.579959
v 0.201349 0.218470 0.611863
vn -0.568227 0.251165 0.783603
f 501/1/126 502/2/126 503/3/126 504/4/126
v 0.201349 0.218470 0.611863
v 0.162851 0.230907 0.579959
v 0.162520 0.209071 0.571855
v 0.201010 0.196637 0.603752
vn -0.664437 -0.251165 0.703875
f 505/1/127 506/2/127 507/3/127 508/4/127
v 0.201010 0.196637 0.603752
v 0.162520 0.209071 0.571855
v 0.169971 0.193086 0.556638
v 0.208456 0.180653 0.588530
vn -0.582611 -0.686197 0.435544
f 509/1/128 510/2/128 511/3/128 512/4/128
v 0.208456 0.180653 0.588530
v 0.169971 0.193086 0.556638
v 0.183208 0.187235 0.538386
v 0.221691 0.174803 0.570276
vn -0.344676 -0.937362 0.050509
f 513/1/129 514/2/129 515/3/129 516/4/129
v 0.221691 0.174803 0.570276
v 0.183208 0.187235 0.538386
v 0.198684 0.193086 0.521989
v 0.237169 0.180653 0.553881
vn -0.014385 -0.937362 -0.348060
f 517/1/130 518/2/130 519/3/130 520/4/130
v 0.237169 0.180653 0.553881
v 0.198684 0.193086 0.521989
v 0.212252 0.209071 0.511841
v 0.250743 0.196637 0.543738
vn 0.319761 -0.686197 -0.653366
f 521/1/131 522/2/131 523/3/131 524/4/131
v 0.250743 0.196637 0.543738
v 0.212252 0.209071 0.511841
v 0.220277 0.230907 0.510661
v 0.258776 0.218470 0.542565
vn 0.568227 -0.251165 -0.783603
f 525/1/132 526/2/132 527/3/132 528/4/132
v 0.220277 0.230907 0.510661
v 0.181778 0.243319 0.478758
v 0.182101 0.265158 0.486855
v 0.220608 0.252743 0.518766
vn 0.664345 0.251195 -0.703951
f 529/1/133 530/2/133 531/3/133 532/4/133
v 0.220608 0.252743 0.518766
v 0.182101 0.265158 0.486855
v 0.174644 0.281145 0.502067
v 0.213157 0.268728 0.533983
vn 0.582361 0.686277 -0.435751
f 533/1/134 534/2/134 535/3/134 536/4/134
v 0.213157 0.268728 0.533983
v 0.174644 0.281145 0.502067
v 0.161405 0.286996 0.520318
v 0.199920 0.274579 0.552235
vn 0.344334 0.937472 -0.050792
f 537/1/135 538/2/135 539/3/135 540/4/135
v 0.199920 0.274579 0.552235
v 0.161405 0.286996 0.520318
v 0.145931 0.281145 0.536716
v 0.184444 0.268728 0.568631
vn 0.014043 0.937472 0.347777
f 541/1/136 542/2/136 543/3/136 544/4/136
v 0.184444 0.268728 0.568631
v 0.145931 0.281145 0.536716
v 0.132369 0.265158 0.546869
v 0.170875 0.252743 0.578779
vn -0.320011 0.686277 0.653159
f 545/1/137 546/2/137 547/3/137 548/4/137
v 0.170875 0.252743 0.578779
v 0.132369 0.265158 0.546869
v 0.124352 0.243319 0.548055
v 0.162851 0.230907 0.579959
vn -0.568318 0.251195 0.783528
f 549/1/138 550/2/138 551/3/138 552/4/138
v 0.162851 0.230907 0.579959
v 0.124352 0.243319 0.548055
v 0.124029 0.221481 0.539958
v 0.162520 0.209071 0.571855
vn -0.664345 -0.251195 0.703951
f 553/1/139 554/2/139 555/3/139 556/4/139
v 0.162520 0.209071 0.571855
v 0.124029 0.221481 0.539958
v 0.131486 0.205494 0.524746
v 0.169971 0.193086 0.556638
vn -0.582361 -0.686277 0.435751
f 557/1/140 558/2/140 559/3/140 560/4/140
v 0.169971 0.193086 0.556638
v 0.131486 0.205494 0.524746
v 0.144725 0.199642 0.506495
v 0.183208 0.187235 0.538386
vn -0.344334 -0.937472 0.050792
f 561/1/141 562/2/141 563/3/141 564/4/141
v 0.183208 0.187235 0.538386
v 0.144725 0.199642 0.506495
v 0.160199 0.205494 0.490097
v 0.198684 0.193086 0.521989
vn -0.014043 -0.937472 -0.347777
f 565/1/142 566/2/142 567/3/142 568/4/142
v 0.198684 0.193086 0.521989
v 0.160199 0.205494 0.490097
v 0.173762 0.221481 0.479944
v 0.212252 0.209071 0.511841
vn 0.320011 -0.686277 -0.653159
f 569/1/143 570/2/143 571/3/143 572/4/143
v 0.212252 0.209071 0.511841
v 0.173762 0.221481 0.479944
v 0.181778 0.243319 0.478758
v 0.220277 0.230907 0.510661
vn 0.568318 -0.251195 -0.783528
f 573/1/144 574/2/144 575/3/144 576/4/144
v 0.181778 0.243319 0.478758
v 0.143323 0.255705 0.446890
v 0.143628 0.277547 0.454981
v 0.182101 0.265158 0.486855
vn 0.664301 0.251209 -0.703987
f 577/1/145 578/2/145 579/3/145 580/4/145
v 0.182101 0.265158 0.486855
v 0.143628 0.277547 0.454981
v 0.136145 0.293535 0.470179
v 0.174644 0.281145 0.502067
vn 0.582153 0.686344 -0.435923
f 581/1/146 582/2/146 583/3/146 584/4/146
v 0.174644 0.281145 0.502067
v 0.136145 0.293535 0.470179
v 0.122881 0.299388 0.488411
v 0.161405 0.286996 0.520318
vn 0.344032 0.937570 -0.051043
f 585/1/147 586/2/147 587/3/147 588/4/147
v 0.161405 0.286996 0.520318
v 0.122881 0.299388 0.488411
v 0.107388 0.293535 0.504791
v 0.145931 0.281145 0.536716
vn 0.013740 0.937570 0.347526
f 589/1/148 590/2/148 591/3/148 592/4/148
v 0.145931 0.281145 0.536716
v 0.107388 0.293535 0.504791
v 0.093819 0.277547 0.514932
v 0.132369 0.265158 0.546869
vn -0.320219 0.686344 0.652986
f 593/1/149 594/2/149 595/3/149 596/4/149
v 0.132369 0.265158 0.546869
v 0.093819 0.277547 0.514932
v 0.085809 0.255705 0.516115
v 0.124352 0.243319 0.548055
vn -0.568362 0.251209 0.783491
f 597/1/150 598/2/150 599/3/150 600/4/150
v 0.124352 0.243319 0.548055
v 0.085809 0.255705 0.516115
v 0.085505 0.233864 0.508024
v 0.124029 0.221481 0.539958
vn -0.664199 -0.251242 0.704071
f 601/1/151 602/2/151 603/3/151 604/4/151
v 0.124029 0.221481 0.539958
v 0.085505 0.233864 0.508024
v 0.092987 0.217875 0.492827
v 0.131486 0.205494 0.524746
vn -0.582051 -0.686377 0.436008
f 605/1/152 606/2/152 607/3/152 608/4/152
v 0.131486 0.205494 0.524746
v 0.092987 0.217875 0.492827
v 0.106252 0.212023 0.474595
v 0.144725 0.199642 0.506495
vn -0.343929 -0.937603 0.051128
f 609/1/153 610/2/153 611/3/153 612/4/153
v 0.144725 0.199642 0.506495
v 0.106252 0.212023 0.474595
v 0.121745 0.217875 0.458214
v 0.160199 0.205494 0.490097
vn -0.013638 -0.937603 -0.347441
f 613/1/154 614/2/154 615/3/154 616/4/154
v 0.160199 0.205494 0.490097
v 0.121745 0.217875 0.458214
v 0.135314 0.233864 0.448074
v 0.173762 0.221481 0.479944
vn 0.320321 -0.686377 -0.652902
f 617/1/155 618/2/155 619/3/155 620/4/155
v 0.173762 0.221481 0.479944
v 0.135314 0.233864 0.448074
v 0.143323 0.255705 0.446890
v 0.181778 0.243319 0.478758
vn 0.568464 -0.251242 -0.783407
f 621/1/156 622/2/156 623/3/156 624/4/156
v 0.143323 0.255705 0.446890
v 0.104955 0.268065 0.414931
v 0.105239 0.289909 0.423015
v 0.143628 0.277547 0.454981
vn 0.665985 0.250953 -0.702486
f 625/1/157 626/2/157 627/3/157 628/4/157
v 0.143628 0.277547 0.454981
v 0.105239 0.289909 0.423015
v 0.097728 0.305899 0.438196
v 0.136145 0.293535 0.470179
vn 0.583092 0.686219 -0.434865
f 629/1/158 630/2/158 631/3/158 632/4/158
v 0.136145 0.293535 0.470179
v 0.097728 0.305899 0.438196
v 0.084435 0.311753 0.456407
v 0.122881 0.299388 0.488411
vn 0.343975 0.937609 -0.050708
f 633/1/159 634/2/159 635/3/159 636/4/159
v 0.122881 0.299388 0.488411
v 0.084435 0.311753 0.456407
v 0.068922 0.305899 0.472768
v 0.107388 0.293535 0.504791
vn 0.012706 0.937761 0.347049
f 637/1/160 638/2/160 639/3/160 640/4/160
v 0.107388 0.293535 0.504791
v 0.068922 0.305899 0.472768
v 0.055345 0.289909 0.482894
v 0.093819 0.277547 0.514932
vn -0.321951 0.686636 0.651827
f 641/1/161 642/2/161 643/3/161 644/4/161
v 0.093819 0.277547 0.514932
v 0.055345 0.289909 0.482894
v 0.047342 0.268065 0.484073
v 0.085809 0.255705 0.516115
vn -0.570326 0.251523 0.781962
f 645/1/162 646/2/162 647/3/162 648/4/162
v 0.085809 0.255705 0.516115
v 0.047342 0.268065 0.484073
v 0.047058 0.246220 0.475989
v 0.085505 0.233864 0.508024
vn -0.665868 -0.250991 0.702584
f 649/1/163 650/2/163 651/3/163 652/4/163
v 0.085505 0.233864 0.508024
v 0.047058 0.246220 0.475989
v 0.054568 0.230230 0.460808
v 0.092987 0.217875 0.492827
vn -0.582975 -0.686257 0.434962
f 653/1/164 654/2/164 655/3/164 656/4/164
v 0.092987 0.217875 0.492827
v 0.054568 0.230230 0.460808
v 0.067861 0.224376 0.442597
v 0.106252 0.212023 0.474595
vn -0.343859 -0.937646 0.050805
f 657/1/165 658/2/165 659/3/165 660/4/165
v 0.106252 0.212023 0.474595
v 0.067861 0.224376 0.442597
v 0.083375 0.230230 0.426236
v 0.121745 0.217875 0.458214
vn -0.012590 -0.937798 -0.346952
f 661/1/166 662/2/166 663/3/166 664/4/166
v 0.121745 0.217875 0.458214
v 0.083375 0.230230 0.426236
v 0.096952 0.246220 0.416110
v 0.135314 0.233864 0.448074
vn 0.322068 -0.686673 -0.651730
f 665/1/167 666/2/167 667/3/167 668/4/167
v 0.135314 0.233864 0.448074
v 0.096952 0.246220 0.416110
v 0.104955 0.268065 0.414931
v 0.143323 0.255705 0.446890
vn 0.570443 -0.251560 -0.781864
f 669/1/168 670/2/168 671/3/168 672/4/168
v 0.104955 0.268065 0.414931
v 0.066569 0.280396 0.382935
v 0.066832 0.302245 0.391005
v 0.105239 0.289909 0.423015
vn 0.666092 0.251243 -0.702280
f 673/1/169 674/2/169 675/3/169 676/4/169
v 0.105239 0.289909 0.423015
v 0.066832 0.302245 0.391005
v 0.059299 0.318240 0.406172
v 0.097728 0.305899 0.438196
vn 0.582846 0.686499 -0.434752
f 677/1/170 678/2/170 679/3/170 680/4/170
v 0.097728 0.305899 0.438196
v 0.059299 0.318240 0.406172
v 0.045991 0.324095 0.424371
v 0.084435 0.311753 0.456407
vn 0.343433 0.937806 -0.050727
f 681/1/171 682/2/171 683/3/171 684/4/171
v 0.084435 0.311753 0.456407
v 0.045991 0.324095 0.424371
v 0.030471 0.318240 0.440725
v 0.068922 0.305899 0.472768
vn 0.012004 0.937827 0.346896
f 685/1/172 686/2/172 687/3/172 688/4/172
v 0.068922 0.305899 0.472768
v 0.030471 0.318240 0.440725
v 0.016900 0.302245 0.450853
v 0.055345 0.289909 0.482894
vn -0.322635 0.686555 0.651574
f 689/1/173 690/2/173 691/3/173 692/4/173
v 0.055345 0.289909 0.482894
v 0.016900 0.302245 0.450853
v 0.008913 0.280396 0.452042
v 0.047342 0.268065 0.484073
vn -0.570817 0.251320 0.781669
f 693/1/174 694/2/174 695/3/174 696/4/174
v 0.047342 0.268065 0.484073
v 0.008913 0.280396 0.452042
v 0.008651 0.258547 0.443971
v 0.047058 0.246220 0.475989
vn -0.666042 -0.251259 0.702322
f 697/1/175 698/2/175 699/3/175 700/4/175
v 0.047058 0.246220 0.475989
v 0.008651 0.258547 0.443971
v 0.016183 0.242552 0.428804
v 0.054568 0.230230 0.460808
vn -0.582796 -0.686515 0.434794
f 701/1/176 702/2/176 703/3/176 704/4/176
v 0.054568 0.230230 0.460808
v 0.016183 0.242552 0.428804
v 0.029492 0.236697 0.410606
v 0.067861 0.224376 0.442597
vn -0.343383 -0.937822 0.050769
f 705/1/177 706/2/177 707/3/177 708/4/177
v 0.067861 0.224376 0.442597
v 0.029492 0.236697 0.410606
v 0.045011 0.242552 0.394251
v 0.083375 0.230230 0.426236
vn -0.011954 -0.937843 -0.346854
f 709/1/178 710/2/178 711/3/178 712/4/178
v 0.083375 0.230230 0.426236
v 0.045011 0.242552 0.394251
v 0.058582 0.258547 0.384123
v 0.096952 0.246220 0.416110
vn 0.322684 -0.686571 -0.651533
f 713/1/179 714/2/179 715/3/179 716/4/179
v 0.096952 0.246220 0.416110
v 0.058582 0.258547 0.384123
v 0.066569 0.280396 0.382935
v 0.104955 0.268065 0.414931
vn 0.570867 -0.251336 -0.781628
f 717/1/180 718/2/180 719/3/180 720/4/180
v 0.066569 0.280396 0.382935
v -0.097512 0.332804 0.245916
v -0.097298 0.354665 0.253959
v 0.066832 0.302245 0.391005
vn 0.666431 0.251274 -0.701948
f 721/1/181 722/2/181 723/3/181 724/4/181
v 0.066832 0.302245 0.391005
v -0.097298 0.354665 0.253959
v -0.104882 0.370668 0.269091
v 0.059299 0.318240 0.406172
vn 0.582475 0.686704 -0.434925
f 725/1/182 726/2/182 727/3/182 728/4/182
v 0.059299 0.318240 0.406172
v -0.104882 0.370668 0.269091
v -0.118233 0.376525 0.287258
v 0.045991 0.324095 0.424371
vn 0.342451 0.938131 -0.051360
f 729/1/183 730/2/183 731/3/183 732/4/183
v 0.045991 0.324095 0.424371
v -0.118233 0.376525 0.287258
v -0.133772 0.370668 0.303592
v 0.030471 0.318240 0.440725
vn 0.010671 0.938185 0.345970
f 733/1/184 734/2/184 735/3/184 736/4/184
v 0.030471 0.318240 0.440725
v -0.133772 0.370668 0.303592
v -0.147337 0.354665 0.313717
v 0.016900 0.302245 0.450853
vn -0.323964 0.686851 0.650602
f 737/1/185 738/2/185 739/3/185 740/4/185
v 0.016900 0.302245 0.450853
v -0.147337 0.354665 0.313717
v -0.155292 0.332804 0.314920
v 0.008913 0.280396 0.452042
vn -0.571788 0.251475 0.780909
f 741/1/186 742/2/186 743/3/186 744/4/186
v 0.008913 0.280396 0.452042
v -0.155292 0.332804 0.314920
v -0.155506 0.310944 0.306877
v 0.008651 0.258547 0.443971
vn -0.666397 -0.251285 0.701976
f 745/1/187 746/2/187 747/3/187 748/4/187
v 0.008651 0.258547 0.443971
v -0.155506 0.310944 0.306877
v -0.147921 0.294941 0.291745
v 0.016183 0.242552 0.428804
vn -0.582442 -0.686715 0.434953
f 749/1/188 750/2/188 751/3/188 752/4/188
v 0.016183 0.242552 0.428804
v -0.147921 0.294941 0.291745
v -0.134571 0.289084 0.273578
v 0.029492 0.236697 0.410606
vn -0.342417 -0.938142 0.051388
f 753/1/189 754/2/189 755/3/189 756/4/189
v 0.029492 0.236697 0.410606
v -0.134571 0.289084 0.273578
v -0.119031 0.294941 0.257243
v 0.045011 0.242552 0.394251
vn -0.010637 -0.938195 -0.345942
f 757/1/190 758/2/190 759/3/190 760/4/190
v 0.045011 0.242552 0.394251
v -0.119031 0.294941 0.257243
v -0.105467 0.310944 0.247119
v 0.058582 0.258547 0.384123
vn 0.323997 -0.686862 -0.650574
f 761/1/191 762/2/191 763/3/191 764/4/191
v 0.058582 0.258547 0.384123
v -0.105467 0.310944 0.247119
v -0.097512 0.332804 0.245916
v 0.066569 0.280396 0.382935
vn 0.571821 -0.251486 -0.780881
f 765/1/192 766/2/192 767/3/192 768/4/192
v -0.097512 0.332804 0.245916
v -0.261188 0.384623 0.108485
v -0.261043 0.406498 0.116489
v -0.097298 0.354665 0.253959
vn 0.667827 0.251232 -0.700635
f 769/1/193 770/2/193 771/3/193 772/4/193
v -0.097298 0.354665 0.253959
v -0.261043 0.406498 0.116489
v -0.268703 0.422511 0.131572
v -0.104882 0.370668 0.269091
vn 0.582354 0.686992 -0.434633
f 773/1/194 774/2/194 775/3/194 776/4/194
v -0.104882 0.370668 0.269091
v -0.268703 0.422511 0.131572
v -0.282117 0.428373 0.149691
v -0.118233 0.376525 0.287258
vn 0.340846 0.938671 -0.052165
f 777/1/195 778/2/195 779/3/195 780/4/195
v -0.118233 0.376525 0.287258
v -0.282117 0.428373 0.149691
v -0.297690 0.422511 0.165992
v -0.133772 0.370668 0.303592
vn 0.008016 0.938830 0.344286
f 781/1/196 782/2/196 783/3/196 784/4/196
v -0.133772 0.370668 0.303592
v -0.297690 0.422511 0.165992
v -0.311249 0.406498 0.176108
v -0.147337 0.354665 0.313717
vn -0.326954 0.687430 0.648492
f 785/1/197 786/2/197 787/3/197 788/4/197
v -0.147337 0.354665 0.313717
v -0.311249 0.406498 0.176108
v -0.319161 0.384623 0.177326
v -0.155292 0.332804 0.314920
vn -0.574311 0.251831 0.778940
f 789/1/198 790/2/198 791/3/198 792/4/198
v -0.155292 0.332804 0.314920
v -0.319161 0.384623 0.177326
v -0.319307 0.362748 0.169322
v -0.155506 0.310944 0.306877
vn -0.667775 -0.251249 0.700679
f 793/1/199 794/2/199 795/3/199 796/4/199
v -0.155506 0.310944 0.306877
v -0.319307 0.362748 0.169322
v -0.311646 0.346735 0.154240
v -0.147921 0.294941 0.291745
vn -0.582302 -0.687009 0.434676
f 797/1/200 798/2/200 799/3/200 800/4/200
v -0.147921 0.294941 0.291745
v -0.311646 0.346735 0.154240
v -0.298232 0.340873 0.136120
v -0.134571 0.289084 0.273578
vn -0.340794 -0.938687 0.052208
f 801/1/201 802/2/201 803/3/201 804/4/201
v -0.134571 0.289084 0.273578
v -0.298232 0.340873 0.136120
v -0.282659 0.346735 0.119819
v -0.119031 0.294941 0.257243
vn -0.007964 -0.938847 -0.344243
f 805/1/202 806/2/202 807/3/202 808/4/202
v -0.119031 0.294941 0.257243
v -0.282659 0.346735 0.119819
v -0.269100 0.362748 0.109704
v -0.105467 0.310944 0.247119
vn 0.327006 -0.687446 -0.648448
f 809/1/203 810/2/203 811/3/203 812/4/203
v -0.105467 0.310944 0.247119
v -0.269100 0.362748 0.109704
v -0.261188 0.384623 0.108485
v -0.097512 0.332804 0.245916
vn 0.574363 -0.251847 -0.778897
f 813/1/204 814/2/204 815/3/204 816/4/204
v -0.261188 0.384623 0.108485
v -0.424457 0.435784 -0.029415
v -0.424387 0.457675 -0.021453
v -0.261043 0.406498 0.116489
vn 0.669305 0.251388 -0.699168
f 817/1/205 818/2/205 819/3/205 820/4/205
v -0.261043 0.406498 0.116489
v -0.424387 0.457675 -0.021453
v -0.432130 0.473700 -0.006426
v -0.268703 0.422511 0.131572
vn 0.582098 0.687458 -0.434238
f 821/1/206 822/2/206 823/3/206 824/4/206
v -0.268703 0.422511 0.131572
v -0.432130 0.473700 -0.006426
v -0.445612 0.479566 0.011641
v -0.282117 0.428373 0.149691
vn 0.338926 0.939322 -0.052948
f 825/1/207 826/2/207 827/3/207 828/4/207
v -0.282117 0.428373 0.149691
v -0.445612 0.479566 0.011641
v -0.461221 0.473700 0.027907
v -0.297690 0.422511 0.165992
vn 0.004947 0.939492 0.342535
f 829/1/208 830/2/208 831/3/208 832/4/208
v -0.297690 0.422511 0.165992
v -0.461221 0.473700 0.027907
v -0.474773 0.457675 0.038013
v -0.311249 0.406498 0.176108
vn -0.330350 0.687925 0.646242
f 833/1/209 834/2/209 835/3/209 836/4/209
v -0.311249 0.406498 0.176108
v -0.474773 0.457675 0.038013
v -0.482638 0.435784 0.039251
v -0.319161 0.384623 0.177326
vn -0.577123 0.252026 0.776796
f 837/1/210 838/2/210 839/3/210 840/4/210
v -0.319161 0.384623 0.177326
v -0.482638 0.435784 0.039251
v -0.482708 0.413893 0.031290
v -0.319307 0.362748 0.169322
vn -0.669249 -0.251405 0.699214
f 841/1/211 842/2/211 843/3/211 844/4/211
v -0.319307 0.362748 0.169322
v -0.482708 0.413893 0.031290
v -0.474964 0.397868 0.016262
v -0.311646 0.346735 0.154240
vn -0.582043 -0.687475 0.434285
f 845/1/212 846/2/212 847/3/212 848/4/212
v -0.311646 0.346735 0.154240
v -0.474964 0.397868 0.016262
v -0.461482 0.392002 -0.001805
v -0.298232 0.340873 0.136120
vn -0.338871 -0.939339 0.052995
f 849/1/213 850/2/213 851/3/213 852/4/213
v -0.298232 0.340873 0.136120
v -0.461482 0.392002 -0.001805
v -0.445874 0.397868 -0.018071
v -0.282659 0.346735 0.119819
vn -0.004892 -0.939509 -0.342488
f 853/1/214 854/2/214 855/3/214 856/4/214
v -0.282659 0.346735 0.119819
v -0.445874 0.397868 -0.018071
v -0.432321 0.413893 -0.028176
v -0.269100 0.362748 0.109704
vn 0.330405 -0.687942 -0.646195
f 857/1/215 858/2/215 859/3/215 860/4/215
v -0.269100 0.362748 0.109704
v -0.432321 0.413893 -0.028176
v -0.424457 0.435784 -0.029415
v -0.261188 0.384623 0.108485
vn 0.577178 -0.252044 -0.776749
f 861/1/216 862/2/216 863/3/216 864/4/216
v -0.424457 0.435784 -0.029415
v -0.587283 0.486221 -0.167819
v -0.587295 0.508129 -0.159905
v -0.424387 0.457675 -0.021453
vn 0.670884 0.251557 -0.697591
f 865/1/217 866/2/217 867/3/217 868/4/217
v -0.424387 0.457675 -0.021453
v -0.587295 0.508129 -0.159905
v -0.595129 0.524167 -0.144938
v -0.432130 0.473700 -0.006426
vn 0.581788 0.687966 -0.433849
f 869/1/218 870/2/218 871/3/218 872/4/218
v -0.432130 0.473700 -0.006426
v -0.595129 0.524167 -0.144938
v -0.608685 0.530037 -0.126928
v -0.445612 0.479566 0.011641
vn 0.336810 0.940032 -0.053851
f 873/1/219 874/2/219 875/3/219 876/4/219
v -0.445612 0.479566 0.011641
v -0.608685 0.530037 -0.126928
v -0.624331 0.524167 -0.110701
v -0.461221 0.473700 0.027907
vn 0.001591 0.940213 0.340583
f 877/1/220 878/2/220 879/3/220 880/4/220
v -0.461221 0.473700 0.027907
v -0.624331 0.524167 -0.110701
v -0.637876 0.508129 -0.100605
v -0.474773 0.457675 0.038013
vn -0.334045 0.688464 0.643764
f 881/1/221 882/2/221 883/3/221 884/4/221
v -0.474773 0.457675 0.038013
v -0.637876 0.508129 -0.100605
v -0.645688 0.486221 -0.099344
v -0.482638 0.435784 0.039251
vn -0.580166 0.252239 0.774456
f 885/1/222 886/2/222 887/3/222 888/4/222
v -0.482638 0.435784 0.039251
v -0.645688 0.486221 -0.099344
v -0.645676 0.464313 -0.107258
v -0.482708 0.413893 0.031290
vn -0.670825 -0.251576 0.697641
f 889/1/223 890/2/223 891/3/223 892/4/223
v -0.482708 0.413893 0.031290
v -0.645676 0.464313 -0.107258
v -0.637843 0.448275 -0.122225
v -0.474964 0.397868 0.016262
vn -0.581729 -0.687984 0.433899
f 893/1/224 894/2/224 895/3/224 896/4/224
v -0.474964 0.397868 0.016262
v -0.637843 0.448275 -0.122225
v -0.624287 0.442405 -0.140236
v -0.461482 0.392002 -0.001805
vn -0.336751 -0.940050 0.053901
f 897/1/225 898/2/225 899/3/225 900/4/225
v -0.461482 0.392002 -0.001805
v -0.624287 0.442405 -0.140236
v -0.608640 0.448275 -0.156463
v -0.445874 0.397868 -0.018071
vn -0.001533 -0.940231 -0.340533
f 901/1/226 902/2/226 903/3/226 904/4/226
v -0.445874 0.397868 -0.018071
v -0.608640 0.448275 -0.156463
v -0.595096 0.464313 -0.166559
v -0.432321 0.413893 -0.028176
vn 0.334103 -0.688482 -0.643714
f 905/1/227 906/2/227 907/3/227 908/4/227
v -0.432321 0.413893 -0.028176
v -0.595096 0.464313 -0.166559
v -0.587283 0.486221 -0.167819
v -0.424457 0.435784 -0.029415
vn 0.580225 -0.252258 -0.774406
f 909/1/228 910/2/228 911/3/228 912/4/228
v -0.587283 0.486221 -0.167819
v -0.749628 0.535866 -0.306769
v -0.749729 0.557793 -0.298907
v -0.587295 0.508129 -0.159905
vn 0.672583 0.251741 -0.695887
f 913/1/229 914/2/229 915/3/229 916/4/229
v -0.587295 0.508129 -0.159905
v -0.749729 0.557793 -0.298907
v -0.757661 0.573844 -0.284006
v -0.595129 0.524167 -0.144938
vn 0.581435 0.688514 -0.433453
f 917/1/230 918/2/230 919/3/230 920/4/230
v -0.595129 0.524167 -0.144938
v -0.757661 0.573844 -0.284006
v -0.771297 0.579720 -0.266058
v -0.608685 0.530037 -0.126928
vn 0.334499 0.940797 -0.054869
f 921/1/231 922/2/231 923/3/231 924/4/231
v -0.608685 0.530037 -0.126928
v -0.771297 0.579720 -0.266058
v -0.786984 0.573844 -0.249873
v -0.624331 0.524167 -0.110701
vn -0.002057 0.940991 0.338424
f 925/1/232 926/2/232 927/3/232 928/4/232
v -0.624331 0.524167 -0.110701
v -0.786984 0.573844 -0.249873
v -0.800520 0.557793 -0.239786
v -0.637876 0.508129 -0.100605
vn -0.338052 0.689046 0.641044
f 929/1/233 930/2/233 931/3/233 932/4/233
v -0.637876 0.508129 -0.100605
v -0.800520 0.557793 -0.239786
v -0.808276 0.535866 -0.238501
v -0.645688 0.486221 -0.099344
vn -0.583459 0.252469 0.771904
f 933/1/234 934/2/234 935/3/234 936/4/234
v -0.645688 0.486221 -0.099344
v -0.808276 0.535866 -0.238501
v -0.808175 0.513939 -0.246363
v -0.645676 0.464313 -0.107258
vn -0.672520 -0.251760 0.695941
f 937/1/235 938/2/235 939/3/235 940/4/235
v -0.645676 0.464313 -0.107258
v -0.808175 0.513939 -0.246363
v -0.800244 0.497888 -0.261264
v -0.637843 0.448275 -0.122225
vn -0.581372 -0.688534 0.433507
f 941/1/236 942/2/236 943/3/236 944/4/236
v -0.637843 0.448275 -0.122225
v -0.800244 0.497888 -0.261264
v -0.786608 0.492012 -0.279212
v -0.624287 0.442405 -0.140236
vn -0.334436 -0.940817 0.054922
f 945/1/237 946/2/237 947/3/237 948/4/237
v -0.624287 0.442405 -0.140236
v -0.786608 0.492012 -0.279212
v -0.770920 0.497888 -0.295398
v -0.608640 0.448275 -0.156463
vn 0.002119 -0.941010 -0.338371
f 949/1/238 950/2/238 951/3/238 952/4/238
v -0.608640 0.448275 -0.156463
v -0.770920 0.497888 -0.295398
v -0.757385 0.513939 -0.305484
v -0.595096 0.464313 -0.166559
vn 0.338115 -0.689065 -0.640990
f 953/1/239 954/2/239 955/3/239 956/4/239
v -0.595096 0.464313 -0.166559
v -0.757385 0.513939 -0.305484
v -0.749628 0.535866 -0.306769
v -0.587283 0.486221 -0.167819
vn 0.583521 -0.252488 -0.771850
f 957/1/240 958/2/240 959/3/240 960/4/240
v -0.749628 0.535866 -0.306769
v -0.911450 0.584652 -0.446307
v -0.911647 0.606599 -0.438503
v -0.749729 0.557793 -0.298907
vn 0.674420 0.251937 -0.694036
f 961/1/241 962/2/241 963/3/241 964/4/241
v -0.749729 0.557793 -0.298907
v -0.911647 0.606599 -0.438503
v -0.919684 0.622665 -0.423674
v -0.757661 0.573844 -0.284006
vn 0.581051 0.689101 -0.433037
f 965/1/242 966/2/242 967/3/242 968/4/242
v -0.757661 0.573844 -0.284006
v -0.919684 0.622665 -0.423674
v -0.933407 0.628545 -0.405794
v -0.771297 0.579720 -0.266058
vn 0.331997 0.941617 -0.055997
f 969/1/243 970/2/243 971/3/243 972/4/243
v -0.771297 0.579720 -0.266058
v -0.933407 0.628545 -0.405794
v -0.949139 0.622665 -0.389654
v -0.786984 0.573844 -0.249873
vn -0.006005 0.941824 0.336053
f 973/1/244 974/2/244 975/3/244 976/4/244
v -0.786984 0.573844 -0.249873
v -0.949139 0.622665 -0.389654
v -0.962665 0.606599 -0.379578
v -0.800520 0.557793 -0.239786
vn -0.342388 0.689668 0.638066
f 977/1/245 978/2/245 979/3/245 980/4/245
v -0.800520 0.557793 -0.239786
v -0.962665 0.606599 -0.379578
v -0.970360 0.584652 -0.378266
v -0.808276 0.535866 -0.238501
vn -0.587020 0.252715 0.769118
f 981/1/246 982/2/246 983/3/246 984/4/246
v -0.808276 0.535866 -0.238501
v -0.970360 0.584652 -0.378266
v -0.970163 0.562705 -0.386070
v -0.808175 0.513939 -0.246363
vn -0.674353 -0.251957 0.694094
f 985/1/247 986/2/247 987/3/247 988/4/247
v -0.808175 0.513939 -0.246363
v -0.970163 0.562705 -0.386070
v -0.962126 0.546639 -0.400899
v -0.800244 0.497888 -0.261264
vn -0.580984 -0.689121 0.433094
f 989/1/248 990/2/248 991/3/248 992/4/248
v -0.800244 0.497888 -0.261264
v -0.962126 0.546639 -0.400899
v -0.948404 0.540759 -0.418779
v -0.786608 0.492012 -0.279212
vn -0.331930 -0.941637 0.056055
f 993/1/249 994/2/249 995/3/249 996/4/249
v -0.786608 0.492012 -0.279212
v -0.948404 0.540759 -0.418779
v -0.932671 0.546639 -0.434919
v -0.770920 0.497888 -0.295398
vn 0.006072 -0.941844 -0.335996
f 997/1/250 998/2/250 999/3/250 1000/4/250
v -0.770920 0.497888 -0.295398
v -0.932671 0.546639 -0.434919
v -0.919145 0.562705 -0.444995
v -0.757385 0.513939 -0.305484
vn 0.342455 -0.689688 -0.638008
f 1001/1/251 1002/2/251 1003/3/251 1004/4/251
v -0.757385 0.513939 -0.305484
v -0.919145 0.562705 -0.444995
v -0.911450 0.584652 -0.446307
v -0.749628 0.535866 -0.306769
vn 0.587087 -0.252735 -0.769060
f 1005/1/252 1006/2/252 1007/3/252 1008/4/252
v -0.911450 0.584652 -0.446307
v -1.072699 0.632512 -0.586483
v -1.072999 0.654480 -0.578742
v -0.911647 0.606599 -0.438503
vn 0.676416 0.252144 -0.692015
f 1009/1/253 1010/2/253 1011/3/253 1012/4/253
v -0.911647 0.606599 -0.438503
v -1.072999 0.654480 -0.578742
v -1.081150 0.670561 -0.563992
v -0.919684 0.622665 -0.423674
vn 0.580651 0.689723 -0.432583
f 1013/1/254 1014/2/254 1015/3/254 1016/4/254
v -0.919684 0.622665 -0.423674
v -1.081150 0.670561 -0.563992
v -1.094967 0.676447 -0.546186
v -0.933407 0.628545 -0.405794
vn 0.329309 0.942486 -0.057231
f 1017/1/255 1018/2/255 1019/3/255 1020/4/255
v -0.933407 0.628545 -0.405794
v -1.094967 0.676447 -0.546186
v -1.110747 0.670561 -0.530095
v -0.949139 0.622665 -0.389654
vn -0.010261 0.942708 0.333462
f 1021/1/256 1022/2/256 1023/3/256 1024/4/256
v -0.949139 0.622665 -0.389654
v -1.110747 0.670561 -0.530095
v -1.124264 0.654480 -0.520031
v -0.962665 0.606599 -0.379578
vn -0.347071 0.690330 0.634812
f 1025/1/257 1026/2/257 1027/3/257 1028/4/257
v -0.962665 0.606599 -0.379578
v -1.124264 0.654480 -0.520031
v -1.131894 0.632512 -0.518689
v -0.970360 0.584652 -0.378266
vn -0.590874 0.252976 0.766075
f 1029/1/258 1030/2/258 1031/3/258 1032/4/258
v -0.970360 0.584652 -0.378266
v -1.131894 0.632512 -0.518689
v -1.131593 0.610544 -0.526431
v -0.970163 0.562705 -0.386070
vn -0.676345 -0.252166 0.692077
f 1033/1/259 1034/2/259 1035/3/259 1036/4/259
v -0.970163 0.562705 -0.386070
v -1.131593 0.610544 -0.526431
v -1.123443 0.594463 -0.541181
v -0.962126 0.546639 -0.400899
vn -0.580579 -0.689744 0.432645
f 1037/1/260 1038/2/260 1039/3/260 1040/4/260
v -0.962126 0.546639 -0.400899
v -1.123443 0.594463 -0.541181
v -1.109626 0.588577 -0.558986
v -0.948404 0.540759 -0.418779
vn -0.329237 -0.942508 0.057293
f 1041/1/261 1042/2/261 1043/3/261 1044/4/261
v -0.948404 0.540759 -0.418779
v -1.109626 0.588577 -0.558986
v -1.093846 0.594463 -0.575077
v -0.932671 0.546639 -0.434919
vn 0.010333 -0.942729 -0.333400
f 1045/1/262 1046/2/262 1047/3/262 1048/4/262
v -0.932671 0.546639 -0.434919
v -1.093846 0.594463 -0.575077
v -1.080329 0.610544 -0.585142
v -0.919145 0.562705 -0.444995
vn 0.347142 -0.690351 -0.634750
f 1049/1/263 1050/2/263 1051/3/263 1052/4/263
v -0.919145 0.562705 -0.444995
v -1.080329 0.610544 -0.585142
v -1.072699 0.632512 -0.586483
v -0.911450 0.584652 -0.446307
vn 0.590946 -0.252998 -0.766013
f 1053/1/264 1054/2/264 1055/3/264 1056/4/264
v -1.072699 0.632512 -0.586483
v -1.233321 0.679379 -0.727351
v -1.233732 0.701368 -0.719678
v -1.072999 0.654480 -0.578742
vn 0.678597 0.252362 -0.689797
f 1057/1/265 1058/2/265 1059/3/265 1060/4/265
v -1.072999 0.654480 -0.578742
v -1.233732 0.701368 -0.719678
v -1.242005 0.717466 -0.705014
v -1.081150 0.670561 -0.563992
vn 0.580251 0.690378 -0.432073
f 1061/1/266 1062/2/266 1063/3/266 1064/4/266
v -1.081150 0.670561 -0.563992
v -1.242005 0.717466 -0.705014
v -1.255924 0.723358 -0.687290
v -1.094967 0.676447 -0.546186
vn 0.326437 0.943403 -0.058565
f 1065/1/267 1066/2/267 1067/3/267 1068/4/267
v -1.094967 0.676447 -0.546186
v -1.255924 0.723358 -0.687290
v -1.271758 0.717466 -0.671253
v -1.110747 0.670561 -0.530095
vn -0.014836 0.943640 0.330642
f 1069/1/268 1070/2/268 1071/3/268 1072/4/268
v -1.110747 0.670561 -0.530095
v -1.271758 0.717466 -0.671253
v -1.285264 0.701368 -0.661202
v -1.124264 0.654480 -0.520031
vn -0.352121 0.691027 0.631262
f 1073/1/269 1074/2/269 1075/3/269 1076/4/269
v -1.124264 0.654480 -0.520031
v -1.285264 0.701368 -0.661202
v -1.292825 0.679379 -0.659829
v -1.131894 0.632512 -0.518689
vn -0.595047 0.253253 0.762747
f 1077/1/270 1078/2/270 1079/3/270 1080/4/270
v -1.131894 0.632512 -0.518689
v -1.292825 0.679379 -0.659829
v -1.292414 0.657389 -0.667502
v -1.131593 0.610544 -0.526431
vn -0.678521 -0.252385 0.689863
f 1081/1/271 1082/2/271 1083/3/271 1084/4/271
v -1.131593 0.610544 -0.526431
v -1.292414 0.657389 -0.667502
v -1.284141 0.641291 -0.682166
v -1.123443 0.594463 -0.541181
vn -0.580175 -0.690400 0.432139
f 1085/1/272 1086/2/272 1087/3/272 1088/4/272
v -1.123443 0.594463 -0.541181
v -1.284141 0.641291 -0.682166
v -1.270222 0.635399 -0.699890
v -1.109626 0.588577 -0.558986
vn -0.326360 -0.943425 0.058632
f 1089/1/273 1090/2/273 1091/3/273 1092/4/273
v -1.109626 0.588577 -0.558986
v -1.270222 0.635399 -0.699890
v -1.254389 0.641291 -0.715927
v -1.093846 0.594463 -0.575077
vn 0.014912 -0.943662 -0.330575
f 1093/1/274 1094/2/274 1095/3/274 1096/4/274
v -1.093846 0.594463 -0.575077
v -1.254389 0.641291 -0.715927
v -1.240882 0.657389 -0.725978
v -1.080329 0.610544 -0.585142
vn 0.352197 -0.691049 -0.631196
f 1097/1/275 1098/2/275 1099/3/275 1100/4/275
v -1.080329 0.610544 -0.585142
v -1.240882 0.657389 -0.725978
v -1.233321 0.679379 -0.727351
v -1.072699 0.632512 -0.586483
vn 0.595123 -0.253275 -0.762680
f 1101/1/276 1102/2/276 1103/3/276 1104/4/276
v -1.233321 0.679379 -0.727351
v -1.393254 0.725185 -0.868971
v -1.393784 0.747197 -0.861372
v -1.233732 0.701368 -0.719678
vn 0.680991 0.252590 -0.687350
f 1105/1/277 1106/2/277 1107/3/277 1108/4/277
v -1.233732 0.701368 -0.719678
v -1.393784 0.747197 -0.861372
v -1.402189 0.763312 -0.846802
v -1.242005 0.717466 -0.705014
vn 0.579872 0.691064 -0.431485
f 1109/1/278 1110/2/278 1111/3/278 1112/4/278
v -1.242005 0.717466 -0.705014
v -1.402189 0.763312 -0.846802
v -1.416218 0.769210 -0.829167
v -1.255924 0.723358 -0.687290
vn 0.323387 0.944363 -0.059992
f 1113/1/279 1114/2/279 1115/3/279 1116/4/279
v -1.255924 0.723358 -0.687290
v -1.416218 0.769210 -0.829167
v -1.432110 0.763312 -0.813190
v -1.271758 0.717466 -0.671253
vn -0.019738 0.944616 0.327583
f 1117/1/280 1118/2/280 1119/3/280 1120/4/280
v -1.271758 0.717466 -0.671253
v -1.432110 0.763312 -0.813190
v -1.445608 0.747197 -0.803154
v -1.285264 0.701368 -0.661202
vn -0.357562 0.691759 0.627391
f 1121/1/281 1122/2/281 1123/3/281 1124/4/281
v -1.285264 0.701368 -0.661202
v -1.445608 0.747197 -0.803154
v -1.453095 0.725185 -0.801748
v -1.292825 0.679379 -0.659829
vn -0.599567 0.253544 0.759101
f 1125/1/282 1126/2/282 1127/3/282 1128/4/282
v -1.292825 0.679379 -0.659829
v -1.453095 0.725185 -0.801748
v -1.452565 0.703172 -0.809347
v -1.292414 0.657389 -0.667502
vn -0.680909 -0.252613 0.687422
f 1129/1/283 1130/2/283 1131/3/283 1132/4/283
v -1.292414 0.657389 -0.667502
v -1.452565 0.703172 -0.809347
v -1.444160 0.687057 -0.823917
v -1.284141 0.641291 -0.682166
vn -0.579791 -0.691087 0.431556
f 1133/1/284 1134/2/284 1135/3/284 1136/4/284
v -1.284141 0.641291 -0.682166
v -1.444160 0.687057 -0.823917
v -1.430131 0.681159 -0.841552
v -1.270222 0.635399 -0.699890
vn -0.323305 -0.944387 0.060064
f 1137/1/285 1138/2/285 1139/3/285 1140/4/285
v -1.270222 0.635399 -0.699890
v -1.430131 0.681159 -0.841552
v -1.414239 0.687057 -0.857529
v -1.254389 0.641291 -0.715927
vn 0.019819 -0.944640 -0.327511
f 1141/1/286 1142/2/286 1143/3/286 1144/4/286
v -1.254389 0.641291 -0.715927
v -1.414239 0.687057 -0.857529
v -1.400741 0.703172 -0.867565
v -1.240882 0.657389 -0.725978
vn 0.357643 -0.691782 -0.627319
f 1145/1/287 1146/2/287 1147/3/287 1148/4/287
v -1.240882 0.657389 -0.725978
v -1.400741 0.703172 -0.867565
v -1.393254 0.725185 -0.868971
v -1.233321 0.679379 -0.727351
vn 0.599648 -0.253567 -0.759029
f 1149/1/288 1150/2/288 1151/3/288 1152/4/288
v -1.393254 0.725185 -0.868971
v -1.552428 0.769863 -1.011412
v -1.553085 0.791900 -1.003892
v -1.393784 0.747197 -0.861372
vn 0.683629 0.252825 -0.684639
f 1153/1/289 1154/2/289 1155/3/289 1156/4/289
v -1.393784 0.747197 -0.861372
v -1.553085 0.791900 -1.003892
v -1.561632 0.808032 -0.989425
v -1.402189 0.763312 -0.846802
vn 0.579536 0.691777 -0.430793
f 1157/1/290 1158/2/290 1159/3/290 1160/4/290
v -1.402189 0.763312 -0.846802
v -1.561632 0.808032 -0.989425
v -1.575780 0.813936 -0.971887
v -1.416218 0.769210 -0.829167
vn 0.320166 0.945363 -0.061505
f 1161/1/291 1162/2/291 1163/3/291 1164/4/291
v -1.416218 0.769210 -0.829167
v -1.575780 0.813936 -0.971887
v -1.591737 0.808032 -0.955977
v -1.432110 0.763312 -0.813190
vn -0.024979 0.945634 0.324272
f 1165/1/292 1166/2/292 1167/3/292 1168/4/292
v -1.432110 0.763312 -0.813190
v -1.591737 0.808032 -0.955977
v -1.605227 0.791900 -0.945959
v -1.445608 0.747197 -0.803154
vn -0.363418 0.692522 0.623170
f 1169/1/293 1170/2/293 1171/3/293 1172/4/293
v -1.445608 0.747197 -0.803154
v -1.605227 0.791900 -0.945959
v -1.612637 0.769863 -0.944517
v -1.453095 0.725185 -0.801748
vn -0.604469 0.253848 0.755102
f 1173/1/294 1174/2/294 1175/3/294 1176/4/294
v -1.453095 0.725185 -0.801748
v -1.612637 0.769863 -0.944517
v -1.611980 0.747826 -0.952037
v -1.452565 0.703172 -0.809347
vn -0.683542 -0.252850 0.684716
f 1177/1/295 1178/2/295 1179/3/295 1180/4/295
v -1.452565 0.703172 -0.809347
v -1.611980 0.747826 -0.952037
v -1.603432 0.731694 -0.966504
v -1.444160 0.687057 -0.823917
vn -0.579449 -0.691802 0.430871
f 1181/1/296 1182/2/296 1183/3/296 1184/4/296
v -1.444160 0.687057 -0.823917
v -1.603432 0.731694 -0.966504
v -1.589285 0.725789 -0.984042
v -1.430131 0.681159 -0.841552
vn -0.320079 -0.945387 0.061582
f 1185/1/297 1186/2/297 1187/3/297 1188/4/297
v -1.430131 0.681159 -0.841552
v -1.589285 0.725789 -0.984042
v -1.573328 0.731694 -0.999951
v -1.414239 0.687057 -0.857529
vn 0.025066 -0.945658 -0.324195
f 1189/1/298 1190/2/298 1191/3/298 1192/4/298
v -1.414239 0.687057 -0.857529
v -1.573328 0.731694 -0.999951
v -1.559837 0.747826 -1.009969
v -1.400741 0.703172 -0.867565
vn 0.363505 -0.692546 -0.623092
f 1193/1/299 1194/2/299 1195/3/299 1196/4/299
v -1.400741 0.703172 -0.867565
v -1.559837 0.747826 -1.009969
v -1.552428 0.769863 -1.011412
v -1.393254 0.725185 -0.868971
vn 0.604556 -0.253872 -0.755024
f 1197/1/300 1198/2/300 1199/3/300 1200/4/300
v -1.552428 0.769863 -1.011412
v -1.710762 0.813346 -1.154747
v -1.711554 0.835407 -1.147313
v -1.553085 0.791900 -1.003892
vn 0.686550 0.253068 -0.681620
f 1201/1/301 1202/2/301 1203/3/301 1204/4/301
v -1.553085 0.791900 -1.003892
v -1.711554 0.835407 -1.147313
v -1.720255 0.851557 -1.132958
v -1.561632 0.808032 -0.989425
vn 0.579268 0.692515 -0.429967
f 1205/1/302 1206/2/302 1207/3/302 1208/4/302
v -1.561632 0.808032 -0.989425
v -1.720255 0.851557 -1.132958
v -1.734532 0.857469 -1.115528
v -1.575780 0.813936 -0.971887
vn 0.316781 0.946398 -0.063093
f 1209/1/303 1210/2/303 1211/3/303 1212/4/303
v -1.575780 0.813936 -0.971887
v -1.734532 0.857469 -1.115528
v -1.750561 0.851557 -1.099693
v -1.591737 0.808032 -0.955977
vn -0.030573 0.946688 0.320697
f 1213/1/304 1214/2/304 1215/3/304 1216/4/304
v -1.591737 0.808032 -0.955977
v -1.750561 0.851557 -1.099693
v -1.764046 0.835407 -1.089697
v -1.605227 0.791900 -0.945959
vn -0.369721 0.693313 0.618565
f 1217/1/305 1218/2/305 1219/3/305 1220/4/305
v -1.605227 0.791900 -0.945959
v -1.764046 0.835407 -1.089697
v -1.771374 0.813346 -1.088217
v -1.612637 0.769863 -0.944517
vn -0.609791 0.254164 0.750703
f 1221/1/306 1222/2/306 1223/3/306 1224/4/306
v -1.612637 0.769863 -0.944517
v -1.771374 0.813346 -1.088217
v -1.770581 0.791284 -1.095651
v -1.611980 0.747826 -0.952037
vn -0.686458 -0.253094 0.681704
f 1225/1/307 1226/2/307 1227/3/307 1228/4/307
v -1.611980 0.747826 -0.952037
v -1.770581 0.791284 -1.095651
v -1.761881 0.775134 -1.110006
v -1.603432 0.731694 -0.966504
vn -0.579175 -0.692541 0.430051
f 1229/1/308 1230/2/308 1231/3/308 1232/4/308
v -1.603432 0.731694 -0.966504
v -1.761881 0.775134 -1.110006
v -1.747604 0.769223 -1.127437
v -1.589285 0.725789 -0.984042
vn -0.316688 -0.946423 0.063177
f 1233/1/309 1234/2/309 1235/3/309 1236/4/309
v -1.589285 0.725789 -0.984042
v -1.747604 0.769223 -1.127437
v -1.731575 0.775134 -1.143271
v -1.573328 0.731694 -0.999951
vn 0.030666 -0.946714 -0.320613
f 1237/1/310 1238/2/310 1239/3/310 1240/4/310
v -1.573328 0.731694 -0.999951
v -1.731575 0.775134 -1.143271
v -1.718090 0.791284 -1.153268
v -1.559837 0.747826 -1.009969
vn 0.369814 -0.693339 -0.618482
f 1241/1/311 1242/2/311 1243/3/311 1244/4/311
v -1.559837 0.747826 -1.009969
v -1.718090 0.791284 -1.153268
v -1.710762 0.813346 -1.154747
v -1.552428 0.769863 -1.011412
vn 0.609884 -0.254190 -0.750619
f 1245/1/312 1246/2/312 1247/3/312 1248/4/312
v -1.710762 0.813346 -1.154747
v -1.868165 0.855566 -1.299063
v -1.869101 0.877653 -1.291722
v -1.711554 0.835407 -1.147313
vn 0.689796 0.253315 -0.678242
f 1249/1/313 1250/2/313 1251/3/313 1252/4/313
v -1.711554 0.835407 -1.147313
v -1.869101 0.877653 -1.291722
v -1.877966 0.893822 -1.277489
v -1.720255 0.851557 -1.132958
vn 0.579098 0.693274 -0.428972
f 1253/1/314 1254/2/314 1255/3/314 1256/4/314
v -1.720255 0.851557 -1.132958
v -1.877966 0.893822 -1.277489
v -1.892385 0.899740 -1.260177
v -1.734532 0.857469 -1.115528
vn 0.313242 0.947464 -0.064746
f 1257/1/315 1258/2/315 1259/3/315 1260/4/315
v -1.734532 0.857469 -1.115528
v -1.892385 0.899740 -1.260177
v -1.908493 0.893822 -1.244426
v -1.750561 0.851557 -1.099693
vn -0.036533 0.947775 0.316840
f 1261/1/316 1262/2/316 1263/3/316 1264/4/316
v -1.750561 0.851557 -1.099693
v -1.908493 0.893822 -1.244426
v -1.921975 0.877653 -1.234456
v -1.764046 0.835407 -1.089697
vn -0.376503 0.694130 0.613538
f 1265/1/317 1266/2/317 1267/3/317 1268/4/317
v -1.764046 0.835407 -1.089697
v -1.921975 0.877653 -1.234456
v -1.929219 0.855566 -1.232938
v -1.771374 0.813346 -1.088217
vn -0.615578 0.254492 0.745854
f 1269/1/318 1270/2/318 1271/3/318 1272/4/318
v -1.771374 0.813346 -1.088217
v -1.929219 0.855566 -1.232938
v -1.928282 0.833480 -1.240279
v -1.770581 0.791284 -1.095651
vn -0.689697 -0.253342 0.678333
f 1273/1/319 1274/2/319 1275/3/319 1276/4/319
v -1.770581 0.791284 -1.095651
v -1.928282 0.833480 -1.240279
v -1.919417 0.817311 -1.254512
v -1.761881 0.775134 -1.110006
vn -0.578999 -0.693301 0.429063
f 1277/1/320 1278/2/320 1279/3/320 1280/4/320
v -1.761881 0.775134 -1.110006
v -1.919417 0.817311 -1.254512
v -1.904999 0.811393 -1.271824
v -1.747604 0.769223 -1.127437
vn -0.313142 -0.947491 0.064836
f 1281/1/321 1282/2/321 1283/3/321 1284/4/321
v -1.747604 0.769223 -1.127437
v -1.904999 0.811393 -1.271824
v -1.888890 0.817311 -1.287575
v -1.731575 0.775134 -1.143271
vn 0.036632 -0.947802 -0.316749
f 1285/1/322 1286/2/322 1287/3/322 1288/4/322
v -1.731575 0.775134 -1.143271
v -1.888890 0.817311 -1.287575
v -1.875408 0.833480 -1.297545
v -1.718090 0.791284 -1.153268
vn 0.376602 -0.694156 -0.613447
f 1289/1/323 1290/2/323 1291/3/323 1292/4/323
v -1.718090 0.791284 -1.153268
v -1.875408 0.833480 -1.297545
v -1.868165 0.855566 -1.299063
v -1.710762 0.813346 -1.154747
vn 0.615676 -0.254519 -0.745763
f 1293/1/324 1294/2/324 1295/3/324 1296/4/324
v -1.868165 0.855566 -1.299063
v -2.024507 0.896458 -1.444431
v -2.025602 0.918570 -1.437191
v -1.869101 0.877653 -1.291722
vn 0.693422 0.253566 -0.674441
f 1297/1/325 1298/2/325 1299/3/325 1300/4/325
v -1.869101 0.877653 -1.291722
v -2.025602 0.918570 -1.437191
v -2.034655 0.934758 -1.423098
v -1.877966 0.893822 -1.277489
vn 0.579067 0.694048 -0.427760
f 1301/1/326 1302/2/326 1303/3/326 1304/4/326
v -1.877966 0.893822 -1.277489
v -2.034655 0.934758 -1.423098
v -2.049240 0.940683 -1.405930
v -1.892385 0.899740 -1.260177
vn 0.309564 0.948554 -0.066445
f 1305/1/327 1306/2/327 1307/3/327 1308/4/327
v -1.892385 0.899740 -1.260177
v -2.049240 0.940683 -1.405930
v -2.065449 0.934758 -1.390285
v -1.908493 0.893822 -1.244426
vn -0.042870 0.948889 0.312686
f 1309/1/328 1310/2/328 1311/3/328 1312/4/328
v -1.908493 0.893822 -1.244426
v -2.065449 0.934758 -1.390285
v -2.078939 0.918570 -1.380357
v -1.921975 0.877653 -1.234456
vn -0.383799 0.694967 0.608045
f 1313/1/329 1314/2/329 1315/3/329 1316/4/329
v -1.921975 0.877653 -1.234456
v -2.078939 0.918570 -1.380357
v -2.086095 0.896458 -1.378805
v -1.929219 0.855566 -1.232938
vn -0.621875 0.254830 0.740496
f 1317/1/330 1318/2/330 1319/3/330 1320/4/330
v -1.929219 0.855566 -1.232938
v -2.086095 0.896458 -1.378805
v -2.085000 0.874345 -1.386045
v -1.928282 0.833480 -1.240279
vn -0.693306 -0.253596 0.674548
f 1321/1/331 1322/2/331 1323/3/331 1324/4/331
v -1.928282 0.833480 -1.240279
v -2.085000 0.874345 -1.386045
v -2.075947 0.858157 -1.400137
v -1.919417 0.817311 -1.254512
vn -0.578950 -0.694079 0.427868
f 1325/1/332 1326/2/332 1327/3/332 1328/4/332
v -1.919417 0.817311 -1.254512
v -2.075947 0.858157 -1.400137
v -2.061362 0.852232 -1.417306
v -1.904999 0.811393 -1.271824
vn -0.309447 -0.948585 0.066553
f 1329/1/333 1330/2/333 1331/3/333 1332/4/333
v -1.904999 0.811393 -1.271824
v -2.061362 0.852232 -1.417306
v -2.045153 0.858157 -1.432951
v -1.888890 0.817311 -1.287575
vn 0.042987 -0.948919 -0.312578
f 1333/1/334 1334/2/334 1335/3/334 1336/4/334
v -1.888890 0.817311 -1.287575
v -2.045153 0.858157 -1.432951
v -2.031663 0.874345 -1.442879
v -1.875408 0.833480 -1.297545
vn 0.383914 -0.694998 -0.607937
f 1337/1/335 1338/2/335 1339/3/335 1340/4/335
v -1.875408 0.833480 -1.297545
v -2.031663 0.874345 -1.442879
v -2.024507 0.896458 -1.444431
v -1.868165 0.855566 -1.299063
vn 0.621990 -0.254860 -0.740388
f 1341/1/336 1342/2/336 1343/3/336 1344/4/336
v -2.024507 0.896458 -1.444431
v -2.179460 0.935952 -1.591203
v -2.180726 0.958091 -1.584072
v -2.025602 0.918570 -1.437191
vn 0.698481 0.253687 -0.669154
f 1345/1/337 1346/2/337 1347/3/337 1348/4/337
v -2.025602 0.918570 -1.437191
v -2.180726 0.958091 -1.584072
v -2.189985 0.974298 -1.570136
v -2.034655 0.934758 -1.423098
vn 0.579895 0.694741 -0.425508
f 1349/1/338 1350/2/338 1351/3/338 1352/4/338
v -2.034655 0.934758 -1.423098
v -2.189985 0.974298 -1.570136
v -2.204756 0.980230 -1.553130
v -2.049240 0.940683 -1.405930
vn 0.305940 0.949632 -0.067827
f 1353/1/339 1354/2/339 1355/3/339 1356/4/339
v -2.049240 0.940683 -1.405930
v -2.204756 0.980230 -1.553130
v -2.221082 0.974298 -1.537610
v -2.065449 0.934758 -1.390285
vn -0.049974 0.950059 0.308042
f 1357/1/340 1358/2/340 1359/3/340 1360/4/340
v -2.065449 0.934758 -1.390285
v -2.221082 0.974298 -1.537610
v -2.234588 0.958091 -1.527735
v -2.078939 0.918570 -1.380357
vn -0.392475 0.695918 0.601383
f 1361/1/341 1362/2/341 1363/3/341 1364/4/341
v -2.078939 0.918570 -1.380357
v -2.234588 0.958091 -1.527735
v -2.241655 0.935952 -1.526150
v -2.086095 0.896458 -1.378805
vn -0.629797 0.255307 0.733603
f 1365/1/342 1366/2/342 1367/3/342 1368/4/342
v -2.086095 0.896458 -1.378805
v -2.241655 0.935952 -1.526150
v -2.240389 0.913813 -1.533281
v -2.085000 0.874345 -1.386045
vn -0.698353 -0.253721 0.669275
f 1369/1/343 1370/2/343 1371/3/343 1372/4/343
v -2.085000 0.874345 -1.386045
v -2.240389 0.913813 -1.533281
v -2.231130 0.897606 -1.547216
v -2.075947 0.858157 -1.400137
vn -0.579766 -0.694774 0.425629
f 1373/1/344 1374/2/344 1375/3/344 1376/4/344
v -2.075947 0.858157 -1.400137
v -2.231130 0.897606 -1.547216
v -2.216359 0.891673 -1.564223
v -2.061362 0.852232 -1.417306
vn -0.305811 -0.949665 0.067948
f 1377/1/345 1378/2/345 1379/3/345 1380/4/345
v -2.061362 0.852232 -1.417306
v -2.216359 0.891673 -1.564223
v -2.200033 0.897606 -1.579743
v -2.045153 0.858157 -1.432951
vn 0.050103 -0.950092 -0.307921
f 1381/1/346 1382/2/346 1383/3/346 1384/4/346
v -2.045153 0.858157 -1.432951
v -2.200033 0.897606 -1.579743
v -2.186527 0.913813 -1.589618
v -2.031663 0.874345 -1.442879
vn 0.392604 -0.695950 -0.601262
f 1385/1/347 1386/2/347 1387/3/347 1388/4/347
v -2.031663 0.874345 -1.442879
v -2.186527 0.913813 -1.589618
v -2.179460 0.935952 -1.591203
v -2.024507 0.896458 -1.444431
vn 0.629925 -0.255340 -0.733482
f 1389/1/348 1390/2/348 1391/3/348 1392/4/348
v -2.179460 0.935952 -1.591203
v -2.333012 0.973982 -1.739378
v -2.334458 0.996148 -1.732365
v -2.180726 0.958091 -1.584072
vn 0.703461 0.254016 -0.663792
f 1393/1/349 1394/2/349 1395/3/349 1396/4/349
v -2.180726 0.958091 -1.584072
v -2.334458 0.996148 -1.732365
v -2.343938 1.012375 -1.718602
v -2.189985 0.974298 -1.570136
vn 0.580503 0.695593 -0.423281
f 1397/1/350 1398/2/350 1399/3/350 1400/4/350
v -2.189985 0.974298 -1.570136
v -2.343938 1.012375 -1.718602
v -2.358911 1.018314 -1.701776
v -2.204756 0.980230 -1.553130
vn 0.302013 0.950779 -0.069332
f 1401/1/351 1402/2/351 1403/3/351 1404/4/351
v -2.204756 0.980230 -1.553130
v -2.358911 1.018314 -1.701776
v -2.375366 1.012375 -1.686395
v -2.221082 0.974298 -1.537610
vn -0.057382 0.951195 0.303210
f 1405/1/352 1406/2/352 1407/3/352 1408/4/352
v -2.221082 0.974298 -1.537610
v -2.375366 1.012375 -1.686395
v -2.388894 0.996148 -1.676582
v -2.234588 0.958091 -1.527735
vn -0.401379 0.696736 0.594519
f 1409/1/353 1410/2/353 1411/3/353 1412/4/353
v -2.234588 0.958091 -1.527735
v -2.388894 0.996148 -1.676582
v -2.395869 0.973982 -1.674965
v -2.241655 0.935952 -1.526150
vn -0.637810 0.255590 0.726548
f 1413/1/354 1414/2/354 1415/3/354 1416/4/354
v -2.241655 0.935952 -1.526150
v -2.395869 0.973982 -1.674965
v -2.394423 0.951816 -1.681977
v -2.240389 0.913813 -1.533281
vn -0.703326 -0.254050 0.663921
f 1417/1/355 1418/2/355 1419/3/355 1420/4/355
v -2.240389 0.913813 -1.533281
v -2.394423 0.951816 -1.681977
v -2.384943 0.935589 -1.695740
v -2.231130 0.897606 -1.547216
vn -0.580367 -0.695627 0.423411
f 1421/1/356 1422/2/356 1423/3/356 1424/4/356
v -2.231130 0.897606 -1.547216
v -2.384943 0.935589 -1.695740
v -2.369969 0.929650 -1.712567
v -2.216359 0.891673 -1.564223
vn -0.301876 -0.950813 0.069462
f 1425/1/357 1426/2/357 1427/3/357 1428/4/357
v -2.216359 0.891673 -1.564223
v -2.369969 0.929650 -1.712567
v -2.353514 0.935589 -1.727947
v -2.200033 0.897606 -1.579743
vn 0.057518 -0.951228 -0.303079
f 1429/1/358 1430/2/358 1431/3/358 1432/4/358
v -2.200033 0.897606 -1.579743
v -2.353514 0.935589 -1.727947
v -2.339987 0.951816 -1.737760
v -2.186527 0.913813 -1.589618
vn 0.401514 -0.696770 -0.594390
f 1433/1/359 1434/2/359 1435/3/359 1436/4/359
v -2.186527 0.913813 -1.589618
v -2.339987 0.951816 -1.737760
v -2.333012 0.973982 -1.739378
v -2.179460 0.935952 -1.591203
vn 0.637944 -0.255623 -0.726419
f 1437/1/360 1438/2/360 1439/3/360 1440/4/360
v -2.333012 0.973982 -1.739378
v -2.484822 1.010481 -1.889184
v -2.486468 1.032674 -1.882302
v -2.334458 0.996148 -1.732365
vn 0.709598 0.254196 -0.657157
f 1441/1/361 1442/2/361 1443/3/361 1444/4/361
v -2.334458 0.996148 -1.732365
v -2.486468 1.032674 -1.882302
v -2.496202 1.048920 -1.868741
v -2.343938 1.012375 -1.718602
vn 0.581820 0.696343 -0.420229
f 1445/1/362 1446/2/362 1447/3/362 1448/4/362
v -2.343938 1.012375 -1.718602
v -2.496202 1.048920 -1.868741
v -2.511416 1.054867 -1.852134
v -2.358911 1.018314 -1.701776
vn 0.298158 0.951896 -0.070675
f 1449/1/363 1450/2/363 1451/3/363 1452/4/363
v -2.358911 1.018314 -1.701776
v -2.511416 1.054867 -1.852134
v -2.528033 1.048920 -1.836932
v -2.375366 1.012375 -1.686395
vn -0.065374 0.952377 0.297833
f 1453/1/364 1454/2/364 1455/3/364 1456/4/364
v -2.375366 1.012375 -1.686395
v -2.528033 1.048920 -1.836932
v -2.541601 1.032674 -1.827208
v -2.388894 0.996148 -1.676582
vn -0.411361 0.697667 0.586552
f 1457/1/365 1458/2/365 1459/3/365 1460/4/365
v -2.388894 0.996148 -1.676582
v -2.541601 1.032674 -1.827208
v -2.548484 1.010481 -1.825567
v -2.395869 0.973982 -1.674965
vn -0.647105 0.256020 0.718129
f 1461/1/366 1462/2/366 1463/3/366 1464/4/366
v -2.395869 0.973982 -1.674965
v -2.548484 1.010481 -1.825567
v -2.546839 0.988288 -1.832449
v -2.394423 0.951816 -1.681977
vn -0.709441 -0.254235 0.657311
f 1465/1/367 1466/2/367 1467/3/367 1468/4/367
v -2.394423 0.951816 -1.681977
v -2.546839 0.988288 -1.832449
v -2.537105 0.972042 -1.846011
v -2.384943 0.935589 -1.695740
vn -0.581661 -0.696381 0.420384
f 1469/1/368 1470/2/368 1471/3/368 1472/4/368
v -2.384943 0.935589 -1.695740
v -2.537105 0.972042 -1.846011
v -2.521891 0.966095 -1.862617
v -2.369969 0.929650 -1.712567
vn -0.297998 -0.951935 0.070831
f 1473/1/369 1474/2/369 1475/3/369 1476/4/369
v -2.369969 0.929650 -1.712567
v -2.521891 0.966095 -1.862617
v -2.505274 0.972042 -1.877819
v -2.353514 0.935589 -1.727947
vn 0.065533 -0.952415 -0.297678
f 1477/1/370 1478/2/370 1479/3/370 1480/4/370
v -2.353514 0.935589 -1.727947
v -2.505274 0.972042 -1.877819
v -2.491706 0.988288 -1.887543
v -2.339987 0.951816 -1.737760
vn 0.411518 -0.697704 -0.586398
f 1481/1/371 1482/2/371 1483/3/371 1484/4/371
v -2.339987 0.951816 -1.737760
v -2.491706 0.988288 -1.887543
v -2.484822 1.010481 -1.889184
v -2.333012 0.973982 -1.739378
vn 0.647260 -0.256058 -0.717975
f 1485/1/372 1486/2/372 1487/3/372 1488/4/372
v -2.484822 1.010481 -1.889184
v -2.634433 1.045381 -2.041009
v -2.636300 1.067601 -2.034272
v -2.486468 1.032674 -1.882302
vn 0.717450 0.254318 -0.648528
f 1489/1/373 1490/2/373 1491/3/373 1492/4/373
v -2.486468 1.032674 -1.882302
v -2.636300 1.067601 -2.034272
v -2.646325 1.083867 -2.020949
v -2.496202 1.048920 -1.868741
vn 0.584179 0.697051 -0.415758
f 1493/1/374 1494/2/374 1495/3/374 1496/4/374
v -2.496202 1.048920 -1.868741
v -2.646325 1.083867 -2.020949
v -2.661824 1.089821 -2.004610
v -2.511416 1.054867 -1.852134
vn 0.294393 0.953002 -0.071552
f 1497/1/375 1498/2/375 1499/3/375 1500/4/375
v -2.511416 1.054867 -1.852134
v -2.661824 1.089821 -2.004610
v -2.678642 1.083867 -1.989634
v -2.528033 1.048920 -1.836932
vn -0.074251 0.953579 0.291847
f 1501/1/376 1502/2/376 1503/3/376 1504/4/376
v -2.528033 1.048920 -1.836932
v -2.678642 1.083867 -1.989634
v -2.692275 1.067601 -1.980033
v -2.541601 1.032674 -1.827208
vn -0.422967 0.698641 0.577061
f 1505/1/377 1506/2/377 1507/3/377 1508/4/377
v -2.541601 1.032674 -1.827208
v -2.692275 1.067601 -1.980033
v -2.699068 1.045381 -1.978380
v -2.548484 1.010481 -1.825567
vn -0.658325 0.256510 0.707680
f 1509/1/378 1510/2/378 1511/3/378 1512/4/378
v -2.548484 1.010481 -1.825567
v -2.699068 1.045381 -1.978380
v -2.697201 1.023162 -1.985118
v -2.546839 0.988288 -1.832449
vn -0.717269 -0.254361 0.648711
f 1513/1/379 1514/2/379 1515/3/379 1516/4/379
v -2.546839 0.988288 -1.832449
v -2.697201 1.023162 -1.985118
v -2.687176 1.006896 -1.998440
v -2.537105 0.972042 -1.846011
vn -0.583996 -0.697095 0.415942
f 1517/1/380 1518/2/380 1519/3/380 1520/4/380
v -2.537105 0.972042 -1.846011
v -2.687176 1.006896 -1.998440
v -2.671677 1.000942 -2.014779
v -2.521891 0.966095 -1.862617
vn -0.294208 -0.953045 0.071737
f 1521/1/381 1522/2/381 1523/3/381 1524/4/381
v -2.521891 0.966095 -1.862617
v -2.671677 1.000942 -2.014779
v -2.654858 1.006896 -2.029755
v -2.505274 0.972042 -1.877819
vn 0.074436 -0.953621 -0.291662
f 1525/1/382 1526/2/382 1527/3/382 1528/4/382
v -2.505274 0.972042 -1.877819
v -2.654858 1.006896 -2.029755
v -2.641226 1.023162 -2.039356
v -2.491706 0.988288 -1.887543
vn 0.423149 -0.698683 -0.576877
f 1529/1/383 1530/2/383 1531/3/383 1532/4/383
v -2.491706 0.988288 -1.887543
v -2.641226 1.023162 -2.039356
v -2.634433 1.045381 -2.041009
v -2.484822 1.010481 -1.889184
vn 0.658505 -0.256552 -0.707497
f 1533/1/384 1534/2/384 1535/3/384 1536/4/384
v -2.634433 1.045381 -2.041009
v -2.781363 1.078616 -2.195212
v -2.783545 1.100878 -2.188714
v -2.636300 1.067601 -2.034272
vn 0.726942 0.254459 -0.637813
f 1537/1/385 1538/2/385 1539/3/385 1540/4/385
v -2.636300 1.067601 -2.034272
v -2.783545 1.100878 -2.188714
v -2.793959 1.117175 -2.175731
v -2.646325 1.083867 -2.020949
vn 0.587520 0.697772 -0.409798
f 1541/1/386 1542/2/386 1543/3/386 1544/4/386
v -2.646325 1.083867 -2.020949
v -2.793959 1.117175 -2.175731
v -2.809813 1.123140 -2.159741
v -2.661824 1.089821 -2.004610
vn 0.290684 0.954111 -0.071940
f 1545/1/387 1546/2/387 1547/3/387 1548/4/387
v -2.661824 1.089821 -2.004610
v -2.809813 1.123140 -2.159741
v -2.826860 1.117175 -2.145030
v -2.678642 1.083867 -1.989634
vn -0.084017 0.954773 0.285218
f 1549/1/388 1550/2/388 1551/3/388 1552/4/388
v -2.678642 1.083867 -1.989634
v -2.826860 1.117175 -2.145030
v -2.840532 1.100878 -2.135540
v -2.692275 1.067601 -1.980033
vn -0.436164 0.699599 0.565970
f 1553/1/389 1554/2/389 1555/3/389 1556/4/389
v -2.692275 1.067601 -1.980033
v -2.840532 1.100878 -2.135540
v -2.847166 1.078616 -2.133812
v -2.699068 1.045381 -1.978380
vn -0.671410 0.256979 0.695105
f 1557/1/390 1558/2/390 1559/3/390 1560/4/390
v -2.699068 1.045381 -1.978380
v -2.847166 1.078616 -2.133812
v -2.844984 1.056354 -2.140311
v -2.697201 1.023162 -1.985118
vn -0.726736 -0.254507 0.638029
f 1561/1/391 1562/2/391 1563/3/391 1564/4/391
v -2.697201 1.023162 -1.985118
v -2.844984 1.056354 -2.140311
v -2.834571 1.040057 -2.153294
v -2.687176 1.006896 -1.998440
vn -0.587309 -0.697821 0.410018
f 1565/1/392 1566/2/392 1567/3/392 1568/4/392
v -2.687176 1.006896 -1.998440
v -2.834571 1.040057 -2.153294
v -2.818716 1.034092 -2.169283
v -2.671677 1.000942 -2.014779
vn -0.290475 -0.954158 0.072156
f 1569/1/393 1570/2/393 1571/3/393 1572/4/393
v -2.671677 1.000942 -2.014779
v -2.818716 1.034092 -2.169283
v -2.801669 1.040057 -2.183994
v -2.654858 1.006896 -2.029755
vn 0.084217 -0.954817 -0.285011
f 1573/1/394 1574/2/394 1575/3/394 1576/4/394
v -2.654858 1.006896 -2.029755
v -2.801669 1.040057 -2.183994
v -2.787997 1.056354 -2.193485
v -2.641226 1.023162 -2.039356
vn 0.436359 -0.699642 -0.565766
f 1577/1/395 1578/2/395 1579/3/395 1580/4/395
v -2.641226 1.023162 -2.039356
v -2.787997 1.056354 -2.193485
v -2.781363 1.078616 -2.195212
v -2.634433 1.045381 -2.041009
vn 0.671608 -0.257024 -0.694897
f 1581/1/396 1582/2/396 1583/3/396 1584/4/396
v -2.781363 1.078616 -2.195212
v -2.924869 1.108062 -2.352255
v -2.927654 1.130412 -2.346312
v -2.783545 1.100878 -2.188714
vn 0.737143 0.254930 -0.625804
f 1585/1/397 1586/2/397 1587/3/397 1588/4/397
v -2.783545 1.100878 -2.188714
v -2.927654 1.130412 -2.346312
v -2.938709 1.146773 -2.333954
v -2.793959 1.117175 -2.175731
vn 0.587855 0.699438 -0.406465
f 1589/1/398 1590/2/398 1591/3/398 1592/4/398
v -2.793959 1.117175 -2.175731
v -2.938709 1.146773 -2.333954
v -2.955070 1.152762 -2.318493
v -2.809813 1.123140 -2.159741
vn 0.281040 0.956507 -0.078178
f 1593/1/399 1594/2/399 1595/3/399 1596/4/399
v -2.809813 1.123140 -2.159741
v -2.955070 1.152762 -2.318493
v -2.972355 1.146773 -2.304072
v -2.826860 1.117175 -2.145030
vn -0.101042 0.957243 0.271066
f 1597/1/400 1598/2/400 1599/3/400 1600/4/400
v -2.826860 1.117175 -2.145030
v -2.972355 1.146773 -2.304072
v -2.985931 1.130412 -2.294554
v -2.840532 1.100878 -2.135540
vn -0.455987 0.701501 0.547698
f 1601/1/401 1602/2/401 1603/3/401 1604/4/401
v -2.840532 1.100878 -2.135540
v -2.985931 1.130412 -2.294554
v -2.992161 1.108062 -2.292489
v -2.847166 1.078616 -2.133812
vn -0.688724 0.257815 0.677636
f 1605/1/402 1606/2/402 1607/3/402 1608/4/402
v -2.847166 1.078616 -2.133812
v -2.992161 1.108062 -2.292489
v -2.989375 1.085712 -2.298432
v -2.844984 1.056354 -2.140311
vn -0.736915 -0.254980 0.626052
f 1609/1/403 1610/2/403 1611/3/403 1612/4/403
v -2.844984 1.056354 -2.140311
v -2.989375 1.085712 -2.298432
v -2.978321 1.069351 -2.310790
v -2.834571 1.040057 -2.153294
vn -0.587618 -0.699489 0.406719
f 1613/1/404 1614/2/404 1615/3/404 1616/4/404
v -2.834571 1.040057 -2.153294
v -2.978321 1.069351 -2.310790
v -2.961960 1.063362 -2.326251
v -2.818716 1.034092 -2.169283
vn -0.280829 -0.956550 0.078403
f 1617/1/405 1618/2/405 1619/3/405 1620/4/405
v -2.818716 1.034092 -2.169283
v -2.961960 1.063362 -2.326251
v -2.944675 1.069351 -2.340672
v -2.801669 1.040057 -2.183994
vn 0.101218 -0.957278 -0.270876
f 1621/1/406 1622/2/406 1623/3/406 1624/4/406
v -2.801669 1.040057 -2.183994
v -2.944675 1.069351 -2.340672
v -2.931099 1.085712 -2.350190
v -2.787997 1.056354 -2.193485
vn 0.456154 -0.701535 -0.547515
f 1625/1/407 1626/2/407 1627/3/407 1628/4/407
v -2.787997 1.056354 -2.193485
v -2.931099 1.085712 -2.350190
v -2.924869 1.108062 -2.352255
v -2.781363 1.078616 -2.195212
vn 0.688918 -0.257856 -0.677423
f 1629/1/408 1630/2/408 1631/3/408 1632/4/408
v -2.924869 1.108062 -2.352255
v -3.063612 1.128266 -2.512965
v -3.067100 1.150694 -2.507727
v -2.927654 1.130412 -2.346312
vn 0.747388 0.256142 -0.613027
f 1633/1/409 1634/2/409 1635/3/409 1636/4/409
v -2.927654 1.130412 -2.346312
v -3.067100 1.150694 -2.507727
v -3.078935 1.167112 -2.496194
v -2.938709 1.146773 -2.333954
vn 0.579518 0.702960 -0.412318
f 1637/1/410 1638/2/410 1639/3/410 1640/4/410
v -2.938709 1.146773 -2.333954
v -3.078935 1.167112 -2.496194
v -3.095944 1.173121 -2.481458
v -2.955070 1.152762 -2.318493
vn 0.256354 0.961285 -0.101063
f 1641/1/411 1642/2/411 1643/3/411 1644/4/411
v -2.955070 1.152762 -2.318493
v -3.095944 1.173121 -2.481458
v -3.113571 1.167112 -2.467466
v -2.972355 1.146773 -2.304072
vn -0.135382 0.961979 0.237211
f 1645/1/412 1646/2/412 1647/3/412 1648/4/412
v -2.972355 1.146773 -2.304072
v -3.113571 1.167112 -2.467466
v -3.127092 1.150694 -2.457967
v -2.985931 1.130412 -2.294554
vn -0.490776 0.705036 0.511921
f 1649/1/413 1650/2/413 1651/3/413 1652/4/413
v -2.985931 1.130412 -2.294554
v -3.127092 1.150694 -2.457967
v -3.132885 1.128266 -2.455508
v -2.992161 1.108062 -2.292489
vn -0.714734 0.259226 0.649582
f 1653/1/414 1654/2/414 1655/3/414 1656/4/414
v -2.992161 1.108062 -2.292489
v -3.132885 1.128266 -2.455508
v -3.129397 1.105839 -2.460746
v -2.989375 1.085712 -2.298432
vn -0.747189 -0.256178 0.613255
f 1657/1/415 1658/2/415 1659/3/415 1660/4/415
v -2.989375 1.085712 -2.298432
v -3.129397 1.105839 -2.460746
v -3.117563 1.089421 -2.472279
v -2.978321 1.069351 -2.310790
vn -0.579297 -0.702997 0.412565
f 1661/1/416 1662/2/416 1663/3/416 1664/4/416
v -2.978321 1.069351 -2.310790
v -3.117563 1.089421 -2.472279
v -3.100553 1.083411 -2.487015
v -2.961960 1.063362 -2.326251
vn -0.256101 -0.961323 0.101345
f 1665/1/417 1666/2/417 1667/3/417 1668/4/417
v -2.961960 1.063362 -2.326251
v -3.100553 1.083411 -2.487015
v -3.082926 1.089421 -2.501007
v -2.944675 1.069351 -2.340672
vn 0.135644 -0.962015 -0.236912
f 1669/1/418 1670/2/418 1671/3/418 1672/4/418
v -2.944675 1.069351 -2.340672
v -3.082926 1.089421 -2.501007
v -3.069405 1.105839 -2.510505
v -2.931099 1.085712 -2.350190
vn 0.491015 -0.705072 -0.511643
f 1673/1/419 1674/2/419 1675/3/419 1676/4/419
v -2.931099 1.085712 -2.350190
v -3.069405 1.105839 -2.510505
v -3.063612 1.128266 -2.512965
v -2.924869 1.108062 -2.352255
vn 0.714942 -0.259262 -0.649339
f 1677/1/420 1678/2/420 1679/3/420 1680/4/420
v -3.063612 1.128266 -2.512965
v -3.195455 1.142482 -2.678420
v -3.199521 1.164946 -2.673792
v -3.067100 1.150694 -2.507727
vn 0.766492 0.256711 -0.588719
f 1681/1/421 1682/2/421 1683/3/421 1684/4/421
v -3.067100 1.150694 -2.507727
v -3.199521 1.164946 -2.673792
v -3.212154 1.181391 -2.663182
v -3.078935 1.167112 -2.496194
vn 0.583139 0.704485 -0.404537
f 1685/1/422 1686/2/422 1687/3/422 1688/4/422
v -3.078935 1.167112 -2.496194
v -3.212154 1.181391 -2.663182
v -3.229968 1.187410 -2.649433
v -3.095944 1.173121 -2.481458
vn 0.243473 0.963436 -0.111857
f 1689/1/423 1690/2/423 1691/3/423 1692/4/423
v -3.095944 1.173121 -2.481458
v -3.229968 1.187410 -2.649433
v -3.248190 1.181391 -2.636230
v -3.113571 1.167112 -2.467466
vn -0.161381 0.964121 0.210775
f 1693/1/424 1694/2/424 1695/3/424 1696/4/424
v -3.113571 1.167112 -2.467466
v -3.248190 1.181391 -2.636230
v -3.261938 1.164946 -2.627110
v -3.127092 1.150694 -2.457967
vn -0.522891 0.706522 0.476877
f 1697/1/425 1698/2/425 1699/3/425 1700/4/425
v -3.127092 1.150694 -2.457967
v -3.261938 1.164946 -2.627110
v -3.267527 1.142482 -2.624517
v -3.132885 1.128266 -2.455508
vn -0.744306 0.259720 0.615268
f 1701/1/426 1702/2/426 1703/3/426 1704/4/426
v -3.132885 1.128266 -2.455508
v -3.267527 1.142482 -2.624517
v -3.263461 1.120018 -2.629146
v -3.129397 1.105839 -2.460746
vn -0.766336 -0.256732 0.588912
f 1705/1/427 1706/2/427 1707/3/427 1708/4/427
v -3.129397 1.105839 -2.460746
v -3.263461 1.120018 -2.629146
v -3.250828 1.103573 -2.639756
v -3.117563 1.089421 -2.472279
vn -0.582948 -0.704510 0.404769
f 1709/1/428 1710/2/428 1711/3/428 1712/4/428
v -3.117563 1.089421 -2.472279
v -3.250828 1.103573 -2.639756
v -3.233014 1.097554 -2.653505
v -3.100553 1.083411 -2.487015
vn -0.243240 -0.963462 0.112136
f 1713/1/429 1714/2/429 1715/3/429 1716/4/429
v -3.100553 1.083411 -2.487015
v -3.233014 1.097554 -2.653505
v -3.214792 1.103573 -2.666708
v -3.082926 1.089421 -2.501007
vn 0.161620 -0.964145 -0.210484
f 1717/1/430 1718/2/430 1719/3/430 1720/4/430
v -3.082926 1.089421 -2.501007
v -3.214792 1.103573 -2.666708
v -3.201044 1.120018 -2.675828
v -3.069405 1.105839 -2.510505
vn 0.523094 -0.706543 -0.476624
f 1721/1/431 1722/2/431 1723/3/431 1724/4/431
v -3.069405 1.105839 -2.510505
v -3.201044 1.120018 -2.675828
v -3.195455 1.142482 -2.678420
v -3.063612 1.128266 -2.512965
vn 0.744468 -0.259739 -0.615064
f 1725/1/432 1726/2/432 1727/3/432 1728/4/432
v -3.195455 1.142482 -2.678420
v -3.316003 1.152454 -2.850229
v -3.320743 1.174943 -2.846433
v -3.199521 1.164946 -2.673792
vn 0.798094 0.256791 -0.545073
f 1729/1/433 1730/2/433 1731/3/433 1732/4/433
v -3.199521 1.164946 -2.673792
v -3.320743 1.174943 -2.846433
v -3.334458 1.191405 -2.837296
v -3.212154 1.181391 -2.663182
vn 0.598915 0.705070 -0.379707
f 1733/1/434 1734/2/434 1735/3/434 1736/4/434
v -3.212154 1.181391 -2.663182
v -3.334458 1.191405 -2.837296
v -3.353472 1.197431 -2.825265
v -3.229968 1.187410 -2.649433
vn 0.239084 0.964464 -0.112467
f 1737/1/435 1738/2/435 1739/3/435 1740/4/435
v -3.229968 1.187410 -2.649433
v -3.353472 1.197431 -2.825265
v -3.372691 1.191405 -2.813564
v -3.248190 1.181391 -2.636230
vn -0.184884 0.965215 0.184872
f 1741/1/436 1742/2/436 1743/3/436 1744/4/436
v -3.248190 1.181391 -2.636230
v -3.372691 1.191405 -2.813564
v -3.386966 1.174943 -2.805329
v -3.261938 1.164946 -2.627110
vn -0.559159 0.707301 0.432511
f 1745/1/437 1746/2/437 1747/3/437 1748/4/437
v -3.261938 1.164946 -2.627110
v -3.386966 1.174943 -2.805329
v -3.392471 1.152454 -2.802766
v -3.267527 1.142482 -2.624517
vn -0.783547 0.260085 0.564279
f 1749/1/438 1750/2/438 1751/3/438 1752/4/438
v -3.267527 1.142482 -2.624517
v -3.392471 1.152454 -2.802766
v -3.387731 1.129966 -2.806562
v -3.263461 1.120018 -2.629146
vn -0.798101 -0.256790 0.545063
f 1753/1/439 1754/2/439 1755/3/439 1756/4/439
v -3.263461 1.120018 -2.629146
v -3.387731 1.129966 -2.806562
v -3.374016 1.113503 -2.815699
v -3.250828 1.103573 -2.639756
vn -0.598787 -0.705084 0.379882
f 1757/1/440 1758/2/440 1759/3/440 1760/4/440
v -3.250828 1.103573 -2.639756
v -3.374016 1.113503 -2.815699
v -3.355002 1.107478 -2.827730
v -3.233014 1.097554 -2.653505
vn -0.238842 -0.964486 0.112790
f 1761/1/441 1762/2/441 1763/3/441 1764/4/441
v -3.233014 1.097554 -2.653505
v -3.355002 1.107478 -2.827730
v -3.335783 1.113503 -2.839431
v -3.214792 1.103573 -2.666708
vn 0.185098 -0.965229 -0.184582
f 1765/1/442 1766/2/442 1767/3/442 1768/4/442
v -3.214792 1.103573 -2.666708
v -3.335783 1.113503 -2.839431
v -3.321508 1.129966 -2.847666
v -3.201044 1.120018 -2.675828
vn 0.559234 -0.707306 -0.432406
f 1769/1/443 1770/2/443 1771/3/443 1772/4/443
v -3.201044 1.120018 -2.675828
v -3.321508 1.129966 -2.847666
v -3.316003 1.152454 -2.850229
v -3.195455 1.142482 -2.678420
vn 0.783514 -0.260082 -0.564326
f 1773/1/444 1774/2/444 1775/3/444 1776/4/444
v -3.316003 1.152454 -2.850229
v -3.417037 1.156250 -3.035558
v -3.422138 1.178746 -3.032320
v -3.320743 1.174943 -2.846433
vn 0.850780 0.256715 -0.458554
f 1777/1/445 1778/2/445 1779/3/445 1780/4/445
v -3.320743 1.174943 -2.846433
v -3.422138 1.178746 -3.032320
v -3.436457 1.195215 -3.024174
v -3.334458 1.191405 -2.837296
vn 0.628162 0.705473 -0.328207
f 1781/1/446 1782/2/446 1783/3/446 1784/4/446
v -3.334458 1.191405 -2.837296
v -3.436457 1.195215 -3.024174
v -3.456158 1.201243 -3.013304
v -3.353472 1.197431 -2.825265
vn 0.236662 0.965403 -0.109491
f 1785/1/447 1786/2/447 1787/3/447 1788/4/447
v -3.353472 1.197431 -2.825265
v -3.456158 1.201243 -3.013304
v -3.475960 1.195215 -3.002622
v -3.372691 1.191405 -2.813564
vn -0.218339 0.965950 0.138814
f 1789/1/448 1790/2/448 1791/3/448 1792/4/448
v -3.372691 1.191405 -2.813564
v -3.475960 1.195215 -3.002622
v -3.490560 1.178746 -2.994990
v -3.386966 1.174943 -2.805329
vn -0.614151 0.707469 0.349725
f 1793/1/449 1794/2/449 1795/3/449 1796/4/449
v -3.386966 1.174943 -2.805329
v -3.490560 1.178746 -2.994990
v -3.496043 1.156250 -2.992453
v -3.392471 1.152454 -2.802766
vn -0.845206 0.260109 0.466873
f 1797/1/450 1798/2/450 1799/3/450 1800/4/450
v -3.392471 1.152454 -2.802766
v -3.496043 1.156250 -2.992453
v -3.490943 1.133754 -2.995691
v -3.387731 1.129966 -2.806562
vn -0.850417 -0.256748 0.459206
f 1801/1/451 1802/2/451 1803/3/451 1804/4/451
v -3.387731 1.129966 -2.806562
v -3.490943 1.133754 -2.995691
v -3.476624 1.117285 -3.003837
v -3.374016 1.113503 -2.815699
vn -0.627954 -0.705495 0.328558
f 1805/1/452 1806/2/452 1807/3/452 1808/4/452
v -3.374016 1.113503 -2.815699
v -3.476624 1.117285 -3.003837
v -3.456923 1.111257 -3.014707
v -3.355002 1.107478 -2.827730
vn -0.236581 -0.965408 0.109622
f 1809/1/453 1810/2/453 1811/3/453 1812/4/453
v -3.355002 1.107478 -2.827730
v -3.456923 1.111257 -3.014707
v -3.437121 1.117285 -3.025390
v -3.335783 1.113503 -2.839431
vn 0.218464 -0.965951 -0.138609
f 1813/1/454 1814/2/454 1815/3/454 1816/4/454
v -3.335783 1.113503 -2.839431
v -3.437121 1.117285 -3.025390
v -3.422521 1.133754 -3.033022
v -3.321508 1.129966 -2.847666
vn 0.614438 -0.707467 -0.349223
f 1817/1/455 1818/2/455 1819/3/455 1820/4/455
v -3.321508 1.129966 -2.847666
v -3.422521 1.133754 -3.033022
v -3.417037 1.156250 -3.035558
v -3.316003 1.152454 -2.850229
vn 0.845604 -0.260123 -0.466143
f 1821/1/456 1822/2/456 1823/3/456 1824/4/456
v -3.417037 1.156250 -3.035558
v -3.456158 1.201243 -3.013304
v -3.436457 1.195215 -3.024174
v -3.422138 1.178746 -3.032320
vn -0.478871 0.017767 -0.877705
f 1825/1/457 1826/2/457 1827/3/457 1828/4/457
v -3.417037 1.156250 -3.035558
v -3.490560 1.178746 -2.994990
v -3.475960 1.195215 -3.002622
v -3.456158 1.201243 -3.013304
vn -0.478871 0.017767 -0.877705
f 1829/1/458 1830/2/458 1831/3/458 1832/4/458
v -3.417037 1.156250 -3.035558
v -3.490943 1.133754 -2.995691
v -3.496043 1.156250 -2.992453
v -3.490560 1.178746 -2.994990
vn -0.478871 0.017767 -0.877705
f 1833/1/459 1834/2/459 1835/3/459 1836/4/459
v -3.417037 1.156250 -3.035558
v -3.456923 1.111257 -3.014707
v -3.476624 1.117285 -3.003837
v -3.490943 1.133754 -2.995691
vn -0.478871 0.017767 -0.877705
f 1837/1/460 1838/2/460 1839/3/460 1840/4/460
v -3.417037 1.156250 -3.035558
v -3.422521 1.133754 -3.033022
v -3.437121 1.117285 -3.025390
v -3.456923 1.111257 -3.014707
vn -0.478871 0.017767 -0.877705
f 1841/1/461 1842/2/461 1843/3/461 1844/4/461
v -3.420833 1.156010 -3.017514
v -3.443655 1.156250 -3.074496
v -3.447964 1.173250 -3.073017
v -3.425039 1.173010 -3.015764
vn 0.897053 0.258820 -0.358200
f 1845/1/462 1846/2/462 1847/3/462 1848/4/462
v -3.425039 1.173010 -3.015764
v -3.447964 1.173250 -3.073017
v -3.459756 1.185695 -3.069039
v -3.436578 1.185455 -3.011103
vn 0.657460 0.707103 -0.260292
f 1849/1/463 1850/2/463 1851/3/463 1852/4/463
v -3.436578 1.185455 -3.011103
v -3.459756 1.185695 -3.069039
v -3.475871 1.190250 -3.063627
v -3.452358 1.190010 -3.004781
vn 0.241682 0.965919 -0.092683
f 1853/1/464 1854/2/464 1855/3/464 1856/4/464
v -3.452358 1.190010 -3.004781
v -3.475871 1.190250 -3.063627
v -3.491992 1.185695 -3.058232
v -3.468152 1.185455 -2.998490
vn -0.238986 0.965919 0.099431
f 1857/1/465 1858/2/465 1859/3/465 1860/4/465
v -3.468152 1.185455 -2.998490
v -3.491992 1.185695 -3.058232
v -3.503799 1.173250 -3.054299
v -3.479726 1.173010 -2.993917
vn -0.655766 0.707103 0.264532
f 1861/1/466 1862/2/466 1863/3/466 1864/4/466
v -3.479726 1.173010 -2.993917
v -3.503799 1.173250 -3.054299
v -3.508128 1.156250 -3.052881
v -3.483980 1.156010 -2.992287
vn -0.896891 0.258820 0.358606
f 1865/1/467 1866/2/467 1867/3/467 1868/4/467
v -3.483980 1.156010 -2.992287
v -3.508128 1.156250 -3.052881
v -3.503820 1.139250 -3.054360
v -3.479774 1.139010 -2.994036
vn -0.897648 -0.258814 0.356711
f 1869/1/468 1870/2/468 1871/3/468 1872/4/468
v -3.479774 1.139010 -2.994036
v -3.503820 1.139250 -3.054360
v -3.492028 1.126805 -3.058338
v -3.468234 1.126565 -2.998697
vn -0.657814 -0.707100 0.259405
f 1873/1/469 1874/2/469 1875/3/469 1876/4/469
v -3.468234 1.126565 -2.998697
v -3.492028 1.126805 -3.058338
v -3.475912 1.122250 -3.063750
v -3.452454 1.122010 -3.005020
vn -0.241733 -0.965919 0.092554
f 1877/1/470 1878/2/470 1879/3/470 1880/4/470
v -3.452454 1.122010 -3.005020
v -3.475912 1.122250 -3.063750
v -3.459791 1.126805 -3.069145
v -3.436661 1.126565 -3.011311
vn 0.238996 -0.965919 -0.099405
f 1881/1/471 1882/2/471 1883/3/471 1884/4/471
v -3.436661 1.126565 -3.011311
v -3.459791 1.126805 -3.069145
v -3.447984 1.139250 -3.073078
v -3.425086 1.139010 -3.015884
vn 0.655535 -0.707100 -0.265108
f 1885/1/472 1886/2/472 1887/3/472 1888/4/472
v -3.425086 1.139010 -3.015884
v -3.447984 1.139250 -3.073078
v -3.443655 1.156250 -3.074496
v -3.420833 1.156010 -3.017514
vn 0.896358 -0.258814 -0.359940
f 1889/1/473 1890/2/473 1891/3/473 1892/4/473
v -3.443655 1.156250 -3.074496
v -3.459201 1.156250 -3.131209
v -3.463672 1.173250 -3.130338
v -3.447964 1.173250 -3.073017
vn 0.931683 0.258346 -0.255391
f 1893/1/474 1894/2/474 1895/3/474 1896/4/474
v -3.447964 1.173250 -3.073017
v -3.463672 1.173250 -3.130338
v -3.475888 1.185695 -3.127960
v -3.459756 1.185695 -3.069039
vn 0.682532 0.706515 -0.187045
f 1897/1/475 1898/2/475 1899/3/475 1900/4/475
v -3.459756 1.185695 -3.069039
v -3.475888 1.185695 -3.127960
v -3.492575 1.190250 -3.124711
v -3.475871 1.190250 -3.063627
vn 0.250007 0.965822 -0.068450
f 1901/1/476 1902/2/476 1903/3/476 1904/4/476
v -3.475871 1.190250 -3.063627
v -3.492575 1.190250 -3.124711
v -3.509261 1.185695 -3.121463
v -3.491992 1.185695 -3.058232
vn -0.250019 0.965824 0.068368
f 1905/1/477 1906/2/477 1907/3/477 1908/4/477
v -3.491992 1.185695 -3.058232
v -3.509261 1.185695 -3.121463
v -3.521477 1.173250 -3.119084
v -3.503799 1.173250 -3.054299
vn -0.682639 0.706574 0.186436
f 1909/1/478 1910/2/478 1911/3/478 1912/4/478
v -3.503799 1.173250 -3.054299
v -3.521477 1.173250 -3.119084
v -3.525948 1.156250 -3.118214
v -3.508128 1.156250 -3.052881
vn -0.931935 0.258524 0.254288
f 1913/1/479 1914/2/479 1915/3/479 1916/4/479
v -3.508128 1.156250 -3.052881
v -3.525948 1.156250 -3.118214
v -3.521477 1.139250 -3.119084
v -3.503820 1.139250 -3.054360
vn -0.932012 -0.258327 0.254207
f 1917/1/480 1918/2/480 1919/3/480 1920/4/480
v -3.503820 1.139250 -3.054360
v -3.521477 1.139250 -3.119084
v -3.509261 1.126805 -3.121463
v -3.492028 1.126805 -3.058338
vn -0.682771 -0.706491 0.186261
f 1921/1/481 1922/2/481 1923/3/481 1924/4/481
v -3.492028 1.126805 -3.058338
v -3.509261 1.126805 -3.121463
v -3.492575 1.122250 -3.124711
v -3.475912 1.122250 -3.063750
vn -0.250066 -0.965819 0.068270
f 1925/1/482 1926/2/482 1927/3/482 1928/4/482
v -3.475912 1.122250 -3.063750
v -3.492575 1.122250 -3.124711
v -3.475888 1.126805 -3.127960
v -3.459791 1.126805 -3.069145
vn 0.250029 -0.965824 -0.068338
f 1929/1/483 1930/2/483 1931/3/483 1932/4/483
v -3.459791 1.126805 -3.069145
v -3.475888 1.126805 -3.127960
v -3.463672 1.139250 -3.130338
v -3.447984 1.139250 -3.073078
vn 0.682529 -0.706584 -0.186796
f 1933/1/484 1934/2/484 1935/3/484 1936/4/484
v -3.447984 1.139250 -3.073078
v -3.463672 1.139250 -3.130338
v -3.459201 1.156250 -3.131209
v -3.443655 1.156250 -3.074496
vn 0.931666 -0.258536 -0.255259
f 1937/1/485 1938/2/485 1939/3/485 1940/4/485
v -3.459201 1.156250 -3.131209
v -3.466235 1.156250 -3.191493
v -3.470759 1.173250 -3.190958
v -3.463672 1.173250 -3.130338
vn 0.959603 0.258119 -0.111968
f 1941/1/486 1942/2/486 1943/3/486 1944/4/486
v -3.463672 1.173250 -3.130338
v -3.470759 1.173250 -3.190958
v -3.483118 1.185695 -3.189497
v -3.475888 1.185695 -3.127960
vn 0.703336 0.706086 -0.082221
f 1945/1/487 1946/2/487 1947/3/487 1948/4/487
v -3.475888 1.185695 -3.127960
v -3.483118 1.185695 -3.189497
v -3.500000 1.190250 -3.187500
v -3.492575 1.190250 -3.124711
vn 0.257733 0.965742 -0.030280
f 1949/1/488 1950/2/488 1951/3/488 1952/4/488
v -3.492575 1.190250 -3.124711
v -3.500000 1.190250 -3.187500
v -3.516882 1.185695 -3.185503
v -3.509261 1.185695 -3.121463
vn -0.257696 0.965745 0.030475
f 1953/1/489 1954/2/489 1955/3/489 1956/4/489
v -3.509261 1.185695 -3.121463
v -3.516882 1.185695 -3.185503
v -3.529241 1.173250 -3.184042
v -3.521477 1.173250 -3.119084
vn -0.703110 0.706141 0.083673
f 1957/1/490 1958/2/490 1959/3/490 1960/4/490
v -3.521477 1.173250 -3.119084
v -3.529241 1.173250 -3.184042
v -3.533765 1.156250 -3.183507
v -3.525948 1.156250 -3.118214
vn -0.959271 0.258170 0.114661
f 1961/1/491 1962/2/491 1963/3/491 1964/4/491
v -3.525948 1.156250 -3.118214
v -3.533765 1.156250 -3.183507
v -3.529241 1.139250 -3.184042
v -3.521477 1.139250 -3.119084
vn -0.959249 -0.258173 0.114839
f 1965/1/492 1966/2/492 1967/3/492 1968/4/492
v -3.521477 1.139250 -3.119084
v -3.529241 1.139250 -3.184042
v -3.516882 1.126805 -3.185503
v -3.509261 1.126805 -3.121463
vn -0.703053 -0.706155 0.084035
f 1969/1/493 1970/2/493 1971/3/493 1972/4/493
v -3.509261 1.126805 -3.121463
v -3.516882 1.126805 -3.185503
v -3.500000 1.122250 -3.187500
v -3.492575 1.122250 -3.124711
vn -0.257661 -0.965749 0.030663
f 1973/1/494 1974/2/494 1975/3/494 1976/4/494
v -3.492575 1.122250 -3.124711
v -3.500000 1.122250 -3.187500
v -3.483118 1.126805 -3.189497
v -3.475888 1.126805 -3.127960
vn 0.257696 -0.965745 -0.030475
f 1977/1/495 1978/2/495 1979/3/495 1980/4/495
v -3.475888 1.126805 -3.127960
v -3.483118 1.126805 -3.189497
v -3.470759 1.139250 -3.190958
v -3.463672 1.139250 -3.130338
vn 0.703273 -0.706102 -0.082626
f 1981/1/496 1982/2/496 1983/3/496 1984/4/496
v -3.463672 1.139250 -3.130338
v -3.470759 1.139250 -3.190958
v -3.466235 1.156250 -3.191493
v -3.459201 1.156250 -3.131209
vn 0.959577 -0.258123 -0.112176
f 1985/1/497 1986/2/497 1987/3/497 1988/4/497
v -3.466235 1.156250 -3.191493
v -3.500000 1.190250 -3.187500
v -3.483118 1.185695 -3.189497
v -3.470759 1.173250 -3.190958
vn -0.117442 -0.000000 -0.993080
f 1989/1/498 1990/2/498 1991/3/498 1992/4/498
v -3.466235 1.156250 -3.191493
v -3.529241 1.173250 -3.184042
v -3.516882 1.185695 -3.185503
v -3.500000 1.190250 -3.187500
vn -0.117442 -0.000000 -0.993080
f 1993/1/499 1994/2/499 1995/3/499 1996/4/499
v -3.466235 1.156250 -3.191493
v -3.529241 1.139250 -3.184042
v -3.533765 1.156250 -3.183507
v -3.529241 1.173250 -3.184042
vn -0.117442 0.000000 -0.993080
f 1997/1/500 1998/2/500 1999/3/500 2000/4/500
v -3.466235 1.156250 -3.191493
v -3.500000 1.122250 -3.187500
v -3.516882 1.126805 -3.185503
v -3.529241 1.139250 -3.184042
vn -0.117442 0.000000 -0.993080
f 2001/1/501 2002/2/501 2003/3/501 2004/4/501
v -3.466235 1.156250 -3.191493
v -3.470759 1.139250 -3.190958
v -3.483118 1.126805 -3.189497
v -3.500000 1.122250 -3.187500
vn -0.117442 0.000000 -0.993080
f 2005/1/502 2006/2/502 2007/3/502 2008/4/502
usemtl clamp
v -3.408774 1.152766 -2.845355
v -3.495599 1.152766 -2.790410
v -3.478888 1.184016 -2.764004
v -3.392063 1.184016 -2.818949
vn -0.378123 0.707107 -0.597514
f 2009/1/503 2010/2/503 2011/3/503 2012/4/503
v -3.392063 1.184016 -2.818949
v -3.478888 1.184016 -2.764004
v -3.462177 1.152766 -2.737597
v -3.375352 1.152766 -2.792542
vn 0.378123 0.707107 0.597514
f 2013/1/504 2014/2/504 2015/3/504 2016/4/504
v -3.375352 1.152766 -2.792542
v -3.462177 1.152766 -2.737597
v -3.478888 1.121516 -2.764004
v -3.392063 1.121516 -2.818949
vn 0.378123 -0.707107 0.597514
f 2017/1/505 2018/2/505 2019/3/505 2020/4/505
v -3.392063 1.121516 -2.818949
v -3.478888 1.121516 -2.764004
v -3.495599 1.152766 -2.790410
v -3.408774 1.152766 -2.845355
vn -0.378123 -0.707107 -0.597514
f 2021/1/506 2022/2/506 2023/3/506 2024/4/506
v -3.495599 1.152766 -2.790410
v -3.478888 1.121516 -2.764004
v -3.462177 1.152766 -2.737597
v -3.478888 1.184016 -2.764004
vn -0.845012 0.000000 0.534747
f 2025/1/507 2026/2/507 2027/3/507 2028/4/507
usemtl porcelain_black
v -3.651858 1.059016 -2.620121
v -3.464358 1.059016 -2.620121
v -3.464358 1.246516 -2.620121
v -3.651858 1.246516 -2.620121
vn 0.000000 0.000000 1.000000
f 2029/1/508 2030/2/508 2031/3/508 2032/4/508
v -3.464358 1.059016 -2.807621
v -3.651858 1.059016 -2.807621
v -3.651858 1.246516 -2.807621
v -3.464358 1.246516 -2.807621
vn 0.000000 0.000000 -1.000000
f 2033/1/509 2034/2/509 2035/3/509 2036/4/509
v -3.464358 1.059016 -2.620121
v -3.464358 1.059016 -2.807621
v -3.464358 1.246516 -2.807621
v -3.464358 1.246516 -2.620121
vn 1.000000 -0.000000 0.000000
f 2037/1/510 2038/2/510 2039/3/510 2040/4/510
v -3.651858 1.059016 -2.807621
v -3.651858 1.059016 -2.620121
v -3.651858 1.246516 -2.620121
v -3.651858 1.246516 -2.807621
vn -1.000000 0.000000 0.000000
f 2041/1/511 2042/2/511 2043/3/511 2044/4/511
v -3.651858 1.246516 -2.620121
v -3.464358 1.246516 -2.620121
v -3.464358 1.246516 -2.807621
v -3.651858 1.246516 -2.807621
vn -0.000000 1.000000 0.000000
f 2045/1/512 2046/2/512 2047/3/512 2048/4/512
v -3.651858 1.059016 -2.807621
v -3.464358 1.059016 -2.807621
v -3.464358 1.059016 -2.620121
v -3.651858 1.059016 -2.620121
vn 0.000000 -1.000000 0.000000
f 2049/1/513 2050/2/513 2051/3/513 2052/4/513
