# Generated by scripts/gen_pole_light_mounts.py
mtllib pole_light_mount.mtl
o pole_light_mount_8_left_wired
vt 0 0
vt 1 0
vt 1 1
vt 0 1
usemtl clamp
v 0.312500 0.062500 1.000000
v 0.687500 0.062500 1.000000
v 0.687500 0.937500 1.000000
v 0.312500 0.937500 1.000000
vn 0.000000 0.000000 1.000000
f 1/1/1 2/2/1 3/3/1 4/4/1
v 0.687500 0.062500 0.900000
v 0.312500 0.062500 0.900000
v 0.312500 0.937500 0.900000
v 0.687500 0.937500 0.900000
vn 0.000000 0.000000 -1.000000
f 5/1/2 6/2/2 7/3/2 8/4/2
v 0.687500 0.062500 1.000000
v 0.687500 0.062500 0.900000
v 0.687500 0.937500 0.900000
v 0.687500 0.937500 1.000000
vn 1.000000 -0.000000 0.000000
f 9/1/3 10/2/3 11/3/3 12/4/3
v 0.312500 0.062500 0.900000
v 0.312500 0.062500 1.000000
v 0.312500 0.937500 1.000000
v 0.312500 0.937500 0.900000
vn -1.000000 0.000000 0.000000
f 13/1/4 14/2/4 15/3/4 16/4/4
v 0.312500 0.937500 1.000000
v 0.687500 0.937500 1.000000
v 0.687500 0.937500 0.900000
v 0.312500 0.937500 0.900000
vn -0.000000 1.000000 0.000000
f 17/1/5 18/2/5 19/3/5 20/4/5
v 0.312500 0.062500 0.900000
v 0.687500 0.062500 0.900000
v 0.687500 0.062500 1.000000
v 0.312500 0.062500 1.000000
vn 0.000000 -1.000000 0.000000
f 21/1/6 22/2/6 23/3/6 24/4/6
v 0.406250 0.110625 0.900000
v 0.593750 0.110625 0.900000
v 0.593750 0.329375 0.900000
v 0.406250 0.329375 0.900000
vn 0.000000 0.000000 1.000000
f 25/1/7 26/2/7 27/3/7 28/4/7
v 0.593750 0.110625 0.800000
v 0.406250 0.110625 0.800000
v 0.406250 0.329375 0.800000
v 0.593750 0.329375 0.800000
vn 0.000000 0.000000 -1.000000
f 29/1/8 30/2/8 31/3/8 32/4/8
v 0.593750 0.110625 0.900000
v 0.593750 0.110625 0.800000
v 0.593750 0.329375 0.800000
v 0.593750 0.329375 0.900000
vn 1.000000 -0.000000 0.000000
f 33/1/9 34/2/9 35/3/9 36/4/9
v 0.406250 0.110625 0.800000
v 0.406250 0.110625 0.900000
v 0.406250 0.329375 0.900000
v 0.406250 0.329375 0.800000
vn -1.000000 0.000000 0.000000
f 37/1/10 38/2/10 39/3/10 40/4/10
v 0.406250 0.329375 0.900000
v 0.593750 0.329375 0.900000
v 0.593750 0.329375 0.800000
v 0.406250 0.329375 0.800000
vn -0.000000 1.000000 0.000000
f 41/1/11 42/2/11 43/3/11 44/4/11
v 0.406250 0.110625 0.800000
v 0.593750 0.110625 0.800000
v 0.593750 0.110625 0.900000
v 0.406250 0.110625 0.900000
vn 0.000000 -1.000000 0.000000
f 45/1/12 46/2/12 47/3/12 48/4/12
v 0.468750 0.125000 0.900000
v 0.531250 0.125000 0.900000
v 0.531250 0.187500 0.900000
v 0.468750 0.187500 0.900000
vn 0.000000 0.000000 1.000000
f 49/1/13 50/2/13 51/3/13 52/4/13
v 0.531250 0.125000 0.880000
v 0.468750 0.125000 0.880000
v 0.468750 0.187500 0.880000
v 0.531250 0.187500 0.880000
vn 0.000000 0.000000 -1.000000
f 53/1/14 54/2/14 55/3/14 56/4/14
v 0.531250 0.125000 0.900000
v 0.531250 0.125000 0.880000
v 0.531250 0.187500 0.880000
v 0.531250 0.187500 0.900000
vn 1.000000 -0.000000 0.000000
f 57/1/15 58/2/15 59/3/15 60/4/15
v 0.468750 0.125000 0.880000
v 0.468750 0.125000 0.900000
v 0.468750 0.187500 0.900000
v 0.468750 0.187500 0.880000
vn -1.000000 0.000000 0.000000
f 61/1/16 62/2/16 63/3/16 64/4/16
v 0.468750 0.187500 0.900000
v 0.531250 0.187500 0.900000
v 0.531250 0.187500 0.880000
v 0.468750 0.187500 0.880000
vn -0.000000 1.000000 0.000000
f 65/1/17 66/2/17 67/3/17 68/4/17
v 0.468750 0.125000 0.880000
v 0.531250 0.125000 0.880000
v 0.531250 0.125000 0.900000
v 0.468750 0.125000 0.900000
vn 0.000000 -1.000000 0.000000
f 69/1/18 70/2/18 71/3/18 72/4/18
v 0.468750 0.812500 0.900000
v 0.531250 0.812500 0.900000
v 0.531250 0.875000 0.900000
v 0.468750 0.875000 0.900000
vn 0.000000 0.000000 1.000000
f 73/1/19 74/2/19 75/3/19 76/4/19
v 0.531250 0.812500 0.880000
v 0.468750 0.812500 0.880000
v 0.468750 0.875000 0.880000
v 0.531250 0.875000 0.880000
vn 0.000000 0.000000 -1.000000
f 77/1/20 78/2/20 79/3/20 80/4/20
v 0.531250 0.812500 0.900000
v 0.531250 0.812500 0.880000
v 0.531250 0.875000 0.880000
v 0.531250 0.875000 0.900000
vn 1.000000 -0.000000 0.000000
f 81/1/21 82/2/21 83/3/21 84/4/21
v 0.468750 0.812500 0.880000
v 0.468750 0.812500 0.900000
v 0.468750 0.875000 0.900000
v 0.468750 0.875000 0.880000
vn -1.000000 0.000000 0.000000
f 85/1/22 86/2/22 87/3/22 88/4/22
v 0.468750 0.875000 0.900000
v 0.531250 0.875000 0.900000
v 0.531250 0.875000 0.880000
v 0.468750 0.875000 0.880000
vn -0.000000 1.000000 0.000000
f 89/1/23 90/2/23 91/3/23 92/4/23
v 0.468750 0.812500 0.880000
v 0.531250 0.812500 0.880000
v 0.531250 0.812500 0.900000
v 0.468750 0.812500 0.900000
vn 0.000000 -1.000000 0.000000
f 93/1/24 94/2/24 95/3/24 96/4/24
usemtl metal
v 0.545000 0.220000 0.860000
v 0.541194 0.220000 0.781887
v 0.537102 0.242219 0.787560
v 0.538971 0.242500 0.860000
vn 0.964858 0.258533 -0.047015
f 97/1/25 98/2/25 99/3/25 100/4/25
v 0.538971 0.242500 0.860000
v 0.537102 0.242219 0.787560
v 0.523069 0.258484 0.796566
v 0.522500 0.258971 0.860000
vn 0.706951 0.706951 -0.020984
f 101/1/26 102/2/26 103/3/26 104/4/26
v 0.522500 0.258971 0.860000
v 0.523069 0.258484 0.796566
v 0.502855 0.264438 0.806492
v 0.500000 0.265000 0.860000
vn 0.258816 0.965913 -0.005095
f 105/1/27 106/2/27 107/3/27 108/4/27
v 0.500000 0.265000 0.860000
v 0.502855 0.264438 0.806492
v 0.481875 0.258484 0.814679
v 0.477500 0.258971 0.860000
vn -0.258745 0.965649 -0.023955
f 109/1/28 110/2/28 111/3/28 112/4/28
v 0.477500 0.258971 0.860000
v 0.481875 0.258484 0.814679
v 0.465753 0.242219 0.818932
v 0.461029 0.242500 0.860000
vn -0.705081 0.705081 -0.075648
f 113/1/29 114/2/29 115/3/29 116/4/29
v 0.461029 0.242500 0.860000
v 0.465753 0.242219 0.818932
v 0.458806 0.220000 0.818113
v 0.455000 0.220000 0.860000
vn -0.959831 0.257186 -0.112163
f 117/1/30 118/2/30 119/3/30 120/4/30
v 0.455000 0.220000 0.860000
v 0.458806 0.220000 0.818113
v 0.462898 0.197781 0.812440
v 0.461029 0.197500 0.860000
vn -0.962226 -0.257828 -0.087437
f 121/1/31 122/2/31 123/3/31 124/4/31
v 0.461029 0.197500 0.860000
v 0.462898 0.197781 0.812440
v 0.476931 0.181516 0.803434
v 0.477500 0.181029 0.860000
vn -0.706746 -0.706746 -0.031951
f 125/1/32 126/2/32 127/3/32 128/4/32
v 0.477500 0.181029 0.860000
v 0.476931 0.181516 0.803434
v 0.497145 0.175562 0.793508
v 0.500000 0.175000 0.860000
vn -0.258815 -0.965910 -0.005713
f 129/1/33 130/2/33 131/3/33 132/4/33
v 0.500000 0.175000 0.860000
v 0.497145 0.175562 0.793508
v 0.518125 0.181516 0.785321
v 0.522500 0.181029 0.860000
vn 0.258771 -0.965746 -0.019279
f 133/1/34 134/2/34 135/3/34 136/4/34
v 0.522500 0.181029 0.860000
v 0.518125 0.181516 0.785321
v 0.534247 0.197781 0.781068
v 0.538971 0.197500 0.860000
vn 0.706359 -0.706359 -0.045992
f 137/1/35 138/2/35 139/3/35 140/4/35
v 0.538971 0.197500 0.860000
v 0.534247 0.197781 0.781068
v 0.541194 0.220000 0.781887
v 0.545000 0.220000 0.860000
vn 0.964264 -0.258374 -0.058626
f 141/1/36 142/2/36 143/3/36 144/4/36
v 0.541194 0.220000 0.781887
v 0.492295 0.234864 0.733175
v 0.493213 0.256390 0.742026
v 0.537102 0.242219 0.787560
vn 0.717986 0.293376 -0.631211
f 145/1/37 146/2/37 147/3/37 148/4/37
v 0.537102 0.242219 0.787560
v 0.493213 0.256390 0.742026
v 0.485905 0.272149 0.757546
v 0.523069 0.258484 0.796566
vn 0.600759 0.715619 -0.356340
f 149/1/38 150/2/38 151/3/38 152/4/38
v 0.523069 0.258484 0.796566
v 0.485905 0.272149 0.757546
v 0.472330 0.277917 0.775575
v 0.502855 0.264438 0.806492
vn 0.302594 0.952047 0.045208
f 153/1/39 154/2/39 155/3/39 156/4/39
v 0.502855 0.264438 0.806492
v 0.472330 0.277917 0.775575
v 0.456125 0.272149 0.791282
v 0.481875 0.258484 0.814679
vn -0.072686 0.885962 0.458027
f 157/1/40 158/2/40 159/3/40 160/4/40
v 0.481875 0.258484 0.814679
v 0.456125 0.272149 0.791282
v 0.441632 0.256390 0.800460
v 0.465753 0.242219 0.818932
vn -0.372460 0.562270 0.738327
f 161/1/41 162/2/41 163/3/41 164/4/41
v 0.465753 0.242219 0.818932
v 0.441632 0.256390 0.800460
v 0.432735 0.234864 0.800647
v 0.458806 0.220000 0.818113
vn -0.548389 0.141040 0.824243
f 165/1/42 166/2/42 167/3/42 168/4/42
v 0.458806 0.220000 0.818113
v 0.432735 0.234864 0.800647
v 0.431817 0.213337 0.791796
v 0.462898 0.197781 0.812440
vn -0.642792 -0.298495 0.705492
f 169/1/43 170/2/43 171/3/43 172/4/43
v 0.462898 0.197781 0.812440
v 0.431817 0.213337 0.791796
v 0.439125 0.197578 0.776276
v 0.476931 0.181516 0.803434
vn -0.597926 -0.715703 0.360906
f 173/1/44 174/2/44 175/3/44 176/4/44
v 0.476931 0.181516 0.803434
v 0.439125 0.197578 0.776276
v 0.452700 0.191810 0.758247
v 0.497145 0.175562 0.793508
vn -0.326508 -0.939752 -0.101283
f 177/1/45 178/2/45 179/3/45 180/4/45
v 0.497145 0.175562 0.793508
v 0.452700 0.191810 0.758247
v 0.468905 0.197578 0.742540
v 0.518125 0.181516 0.785321
vn 0.060985 -0.875089 -0.480104
f 181/1/46 182/2/46 183/3/46 184/4/46
v 0.518125 0.181516 0.785321
v 0.468905 0.197578 0.742540
v 0.483398 0.213337 0.733362
v 0.534247 0.197781 0.781068
vn 0.411568 -0.589680 -0.694902
f 185/1/47 186/2/47 187/3/47 188/4/47
v 0.534247 0.197781 0.781068
v 0.483398 0.213337 0.733362
v 0.492295 0.234864 0.733175
v 0.541194 0.220000 0.781887
vn 0.644880 -0.174159 -0.744176
f 189/1/48 190/2/48 191/3/48 192/4/48
v 0.492295 0.234864 0.733175
v 0.454810 0.250410 0.700086
v 0.455872 0.271877 0.709065
v 0.493213 0.256390 0.742026
vn 0.696840 0.247153 -0.673297
f 193/1/49 194/2/49 195/3/49 196/4/49
v 0.493213 0.256390 0.742026
v 0.455872 0.271877 0.709065
v 0.448671 0.287592 0.724678
v 0.485905 0.272149 0.757546
vn 0.625343 0.675226 -0.391171
f 197/1/50 198/2/50 199/3/50 200/4/50
v 0.485905 0.272149 0.757546
v 0.448671 0.287592 0.724678
v 0.435134 0.293344 0.742741
v 0.472330 0.277917 0.775575
vn 0.386291 0.922367 -0.004235
f 201/1/51 202/2/51 203/3/51 204/4/51
v 0.472330 0.277917 0.775575
v 0.435134 0.293344 0.742741
v 0.418891 0.287592 0.758415
v 0.456125 0.272149 0.791282
vn 0.043737 0.922367 0.383832
f 205/1/52 206/2/52 207/3/52 208/4/52
v 0.456125 0.272149 0.791282
v 0.418891 0.287592 0.758415
v 0.404292 0.271877 0.767498
v 0.441632 0.256390 0.800460
vn -0.310542 0.675225 0.669055
f 209/1/53 210/2/53 211/3/53 212/4/53
v 0.441632 0.256390 0.800460
v 0.404292 0.271877 0.767498
v 0.395250 0.250410 0.767559
v 0.432735 0.234864 0.800647
vn -0.581616 0.247152 0.775009
f 213/1/54 214/2/54 215/3/54 216/4/54
v 0.432735 0.234864 0.800647
v 0.395250 0.250410 0.767559
v 0.394188 0.228943 0.758579
v 0.431817 0.213337 0.791796
vn -0.696840 -0.247153 0.673297
f 217/1/55 218/2/55 219/3/55 220/4/55
v 0.431817 0.213337 0.791796
v 0.394188 0.228943 0.758579
v 0.401390 0.213228 0.742966
v 0.439125 0.197578 0.776276
vn -0.625337 -0.675229 0.391177
f 221/1/56 222/2/56 223/3/56 224/4/56
v 0.439125 0.197578 0.776276
v 0.401390 0.213228 0.742966
v 0.414926 0.207476 0.724903
v 0.452700 0.191810 0.758247
vn -0.386275 -0.922374 0.004249
f 225/1/57 226/2/57 227/3/57 228/4/57
v 0.452700 0.191810 0.758247
v 0.414926 0.207476 0.724903
v 0.431170 0.213228 0.709230
v 0.468905 0.197578 0.742540
vn -0.043718 -0.922374 -0.383815
f 229/1/58 230/2/58 231/3/58 232/4/58
v 0.468905 0.197578 0.742540
v 0.431170 0.213228 0.709230
v 0.445768 0.228943 0.700146
v 0.483398 0.213337 0.733362
vn 0.310554 -0.675230 -0.669044
f 233/1/59 234/2/59 235/3/59 236/4/59
v 0.483398 0.213337 0.733362
v 0.445768 0.228943 0.700146
v 0.454810 0.250410 0.700086
v 0.492295 0.234864 0.733175
vn 0.581619 -0.247153 -0.775006
f 237/1/60 238/2/60 239/3/60 240/4/60
v 0.454810 0.250410 0.700086
v 0.417325 0.266255 0.666997
v 0.418419 0.287709 0.676004
v 0.455872 0.271877 0.709065
vn 0.697847 0.246727 -0.672410
f 241/1/61 242/2/61 243/3/61 244/4/61
v 0.455872 0.271877 0.709065
v 0.418419 0.287709 0.676004
v 0.411240 0.303414 0.691637
v 0.448671 0.287592 0.724678
vn 0.628096 0.674070 -0.388749
f 245/1/62 246/2/62 247/3/62 248/4/62
v 0.448671 0.287592 0.724678
v 0.411240 0.303414 0.691637
v 0.397712 0.309163 0.709708
v 0.435134 0.293344 0.742741
vn 0.390047 0.920795 -0.000925
f 249/1/63 250/2/63 251/3/63 252/4/63
v 0.435134 0.293344 0.742741
v 0.397712 0.309163 0.709708
v 0.381460 0.303414 0.725374
v 0.418891 0.287592 0.758415
vn 0.047486 0.920794 0.387147
f 253/1/64 254/2/64 255/3/64 256/4/64
v 0.418891 0.287592 0.758415
v 0.381460 0.303414 0.725374
v 0.366838 0.287709 0.734437
v 0.404292 0.271877 0.767498
vn -0.307799 0.674069 0.671483
f 257/1/65 258/2/65 259/3/65 260/4/65
v 0.404292 0.271877 0.767498
v 0.366838 0.287709 0.734437
v 0.357765 0.266255 0.734470
v 0.395250 0.250410 0.767559
vn -0.580611 0.246727 0.775897
f 261/1/66 262/2/66 263/3/66 264/4/66
v 0.395250 0.250410 0.767559
v 0.357765 0.266255 0.734470
v 0.356671 0.244801 0.725462
v 0.394188 0.228943 0.758579
vn -0.697847 -0.246727 0.672410
f 265/1/67 266/2/67 267/3/67 268/4/67
v 0.394188 0.228943 0.758579
v 0.356671 0.244801 0.725462
v 0.363850 0.229096 0.709829
v 0.401390 0.213228 0.742966
vn -0.628094 -0.674070 0.388751
f 269/1/68 270/2/68 271/3/68 272/4/68
v 0.401390 0.213228 0.742966
v 0.363850 0.229096 0.709829
v 0.377378 0.223347 0.691759
v 0.414926 0.207476 0.724903
vn -0.390043 -0.920796 0.000928
f 273/1/69 274/2/69 275/3/69 276/4/69
v 0.414926 0.207476 0.724903
v 0.377378 0.223347 0.691759
v 0.393630 0.229096 0.676093
v 0.431170 0.213228 0.709230
vn -0.047482 -0.920796 -0.387143
f 277/1/70 278/2/70 279/3/70 280/4/70
v 0.431170 0.213228 0.709230
v 0.393630 0.229096 0.676093
v 0.408252 0.244801 0.667029
v 0.445768 0.228943 0.700146
vn 0.307802 -0.674071 -0.671481
f 281/1/71 282/2/71 283/3/71 284/4/71
v 0.445768 0.228943 0.700146
v 0.408252 0.244801 0.667029
v 0.417325 0.266255 0.666997
v 0.454810 0.250410 0.700086
vn 0.580612 -0.246727 -0.775897
f 285/1/72 286/2/72 287/3/72 288/4/72
v 0.417325 0.266255 0.666997
v 0.379840 0.282015 0.633908
v 0.380853 0.303503 0.642843
v 0.418419 0.287709 0.676004
vn 0.697562 0.246847 -0.672662
f 289/1/73 290/2/73 291/3/73 292/4/73
v 0.418419 0.287709 0.676004
v 0.380853 0.303503 0.642843
v 0.373614 0.319234 0.658424
v 0.411240 0.303414 0.691637
vn 0.627313 0.674398 -0.389441
f 293/1/74 294/2/74 295/3/74 296/4/74
v 0.411240 0.303414 0.691637
v 0.373614 0.319234 0.658424
v 0.360065 0.324991 0.676475
v 0.397712 0.309163 0.709708
vn 0.388976 0.921246 -0.001871
f 297/1/75 298/2/75 299/3/75 300/4/75
v 0.397712 0.309163 0.709708
v 0.360065 0.324991 0.676475
v 0.343834 0.319234 0.692160
v 0.381460 0.303414 0.725374
vn 0.046413 0.921246 0.386201
f 301/1/76 302/2/76 303/3/76 304/4/76
v 0.381460 0.303414 0.725374
v 0.343834 0.319234 0.692160
v 0.329272 0.303503 0.701276
v 0.366838 0.287709 0.734437
vn -0.308585 0.674399 0.670791
f 305/1/77 306/2/77 307/3/77 308/4/77
v 0.366838 0.287709 0.734437
v 0.329272 0.303503 0.701276
v 0.320280 0.282015 0.701381
v 0.357765 0.266255 0.734470
vn -0.580898 0.246847 0.775644
f 309/1/78 310/2/78 311/3/78 312/4/78
v 0.357765 0.266255 0.734470
v 0.320280 0.282015 0.701381
v 0.319268 0.260527 0.692445
v 0.356671 0.244801 0.725462
vn -0.697562 -0.246847 0.672662
f 313/1/79 314/2/79 315/3/79 316/4/79
v 0.356671 0.244801 0.725462
v 0.319268 0.260527 0.692445
v 0.326506 0.244797 0.676864
v 0.363850 0.229096 0.709829
vn -0.627317 -0.674397 0.389438
f 317/1/80 318/2/80 319/3/80 320/4/80
v 0.363850 0.229096 0.709829
v 0.326506 0.244797 0.676864
v 0.340056 0.239040 0.658813
v 0.377378 0.223347 0.691759
vn -0.388985 -0.921242 0.001863
f 321/1/81 322/2/81 323/3/81 324/4/81
v 0.377378 0.223347 0.691759
v 0.340056 0.239040 0.658813
v 0.356286 0.244797 0.643128
v 0.393630 0.229096 0.676093
vn -0.046423 -0.921242 -0.386210
f 325/1/82 326/2/82 327/3/82 328/4/82
v 0.393630 0.229096 0.676093
v 0.356286 0.244797 0.643128
v 0.370848 0.260527 0.634012
v 0.408252 0.244801 0.667029
vn 0.308578 -0.674396 -0.670797
f 329/1/83 330/2/83 331/3/83 332/4/83
v 0.408252 0.244801 0.667029
v 0.370848 0.260527 0.634012
v 0.379840 0.282015 0.633908
v 0.417325 0.266255 0.666997
vn 0.580897 -0.246846 -0.775646
f 333/1/84 334/2/84 335/3/84 336/4/84
v 0.379840 0.282015 0.633908
v 0.342355 0.297307 0.600819
v 0.343172 0.318874 0.609582
v 0.380853 0.303503 0.642843
vn 0.695978 0.247505 -0.674059
f 337/1/85 338/2/85 339/3/85 340/4/85
v 0.380853 0.303503 0.642843
v 0.343172 0.318874 0.609582
v 0.335791 0.334662 0.625036
v 0.373614 0.319234 0.658424
vn 0.622981 0.676195 -0.393261
f 341/1/86 342/2/86 343/3/86 344/4/86
v 0.373614 0.319234 0.658424
v 0.335791 0.334662 0.625036
v 0.322189 0.340441 0.643041
v 0.360065 0.324991 0.676475
vn 0.383056 0.923698 -0.007094
f 345/1/87 346/2/87 347/3/87 348/4/87
v 0.360065 0.324991 0.676475
v 0.322189 0.340441 0.643041
v 0.306011 0.334662 0.658773
v 0.343834 0.319234 0.692160
vn 0.040495 0.923699 0.380974
f 349/1/88 350/2/88 351/3/88 352/4/88
v 0.343834 0.319234 0.692160
v 0.306011 0.334662 0.658773
v 0.291592 0.318874 0.668015
v 0.329272 0.303503 0.701276
vn -0.312915 0.676196 0.666965
f 353/1/89 354/2/89 355/3/89 356/4/89
v 0.329272 0.303503 0.701276
v 0.291592 0.318874 0.668015
v 0.282795 0.297307 0.668292
v 0.320280 0.282015 0.701381
vn -0.582482 0.247506 0.774245
f 357/1/90 358/2/90 359/3/90 360/4/90
v 0.320280 0.282015 0.701381
v 0.282795 0.297307 0.668292
v 0.281978 0.275740 0.659529
v 0.319268 0.260527 0.692445
vn -0.695978 -0.247505 0.674059
f 361/1/91 362/2/91 363/3/91 364/4/91
v 0.319268 0.260527 0.692445
v 0.281978 0.275740 0.659529
v 0.289360 0.259952 0.644074
v 0.326506 0.244797 0.676864
vn -0.622991 -0.676191 0.393253
f 365/1/92 366/2/92 367/3/92 368/4/92
v 0.326506 0.244797 0.676864
v 0.289360 0.259952 0.644074
v 0.302962 0.254173 0.626069
v 0.340056 0.239040 0.658813
vn -0.383078 -0.923689 0.007074
f 369/1/93 370/2/93 371/3/93 372/4/93
v 0.340056 0.239040 0.658813
v 0.302962 0.254173 0.626069
v 0.319140 0.259952 0.610338
v 0.356286 0.244797 0.643128
vn -0.040521 -0.923688 -0.380997
f 373/1/94 374/2/94 375/3/94 376/4/94
v 0.356286 0.244797 0.643128
v 0.319140 0.259952 0.610338
v 0.333559 0.275740 0.601095
v 0.370848 0.260527 0.634012
vn 0.312898 -0.676190 -0.666980
f 377/1/95 378/2/95 379/3/95 380/4/95
v 0.370848 0.260527 0.634012
v 0.333559 0.275740 0.601095
v 0.342355 0.297307 0.600819
v 0.379840 0.282015 0.633908
vn 0.582479 -0.247504 -0.774248
f 381/1/96 382/2/96 383/3/96 384/4/96
v 0.342355 0.297307 0.600819
v 0.304870 0.311746 0.567730
v 0.305374 0.333433 0.576216
v 0.343172 0.318874 0.609582
vn 0.693065 0.248665 -0.676629
f 385/1/97 386/2/97 387/3/97 388/4/97
v 0.343172 0.318874 0.609582
v 0.305374 0.333433 0.576216
v 0.297764 0.349309 0.591468
v 0.335791 0.334662 0.625036
vn 0.615016 0.679360 -0.400282
f 389/1/98 390/2/98 391/3/98 392/4/98
v 0.335791 0.334662 0.625036
v 0.297764 0.349309 0.591468
v 0.284078 0.355120 0.609400
v 0.322189 0.340441 0.643041
vn 0.372173 0.928013 -0.016693
f 393/1/99 394/2/99 395/3/99 396/4/99
v 0.322189 0.340441 0.643041
v 0.284078 0.355120 0.609400
v 0.267984 0.349309 0.625205
v 0.306011 0.334662 0.658773
vn 0.029618 0.928014 0.371366
f 397/1/100 398/2/100 399/3/100 400/4/100
v 0.306011 0.334662 0.658773
v 0.267984 0.349309 0.625205
v 0.253794 0.333433 0.634650
v 0.291592 0.318874 0.668015
vn -0.320872 0.679362 0.659931
f 401/1/101 402/2/101 403/3/101 404/4/101
v 0.291592 0.318874 0.668015
v 0.253794 0.333433 0.634650
v 0.245310 0.311746 0.635203
v 0.282795 0.297307 0.668292
vn -0.585395 0.248666 0.771672
f 405/1/102 406/2/102 407/3/102 408/4/102
v 0.282795 0.297307 0.668292
v 0.245310 0.311746 0.635203
v 0.244806 0.290059 0.626716
v 0.281978 0.275740 0.659529
vn -0.693065 -0.248665 0.676629
f 409/1/103 410/2/103 411/3/103 412/4/103
v 0.281978 0.275740 0.659529
v 0.244806 0.290059 0.626716
v 0.252417 0.274183 0.611464
v 0.289360 0.259952 0.644074
vn -0.615031 -0.679354 0.400269
f 413/1/104 414/2/104 415/3/104 416/4/104
v 0.289360 0.259952 0.644074
v 0.252417 0.274183 0.611464
v 0.266103 0.268373 0.593533
v 0.302962 0.254173 0.626069
vn -0.372210 -0.927999 0.016661
f 417/1/105 418/2/105 419/3/105 420/4/105
v 0.302962 0.254173 0.626069
v 0.266103 0.268373 0.593533
v 0.282197 0.274183 0.577728
v 0.319140 0.259952 0.610338
vn -0.029661 -0.927998 -0.371403
f 421/1/106 422/2/106 423/3/106 424/4/106
v 0.319140 0.259952 0.610338
v 0.282197 0.274183 0.577728
v 0.296387 0.290059 0.568283
v 0.333559 0.275740 0.601095
vn 0.320846 -0.679351 -0.659954
f 425/1/107 426/2/107 427/3/107 428/4/107
v 0.333559 0.275740 0.601095
v 0.296387 0.290059 0.568283
v 0.304870 0.311746 0.567730
v 0.342355 0.297307 0.600819
vn 0.585389 -0.248664 -0.771677
f 429/1/108 430/2/108 431/3/108 432/4/108
v 0.304870 0.311746 0.567730
v 0.267388 0.324949 0.534643
v 0.267455 0.346789 0.542745
v 0.305374 0.333433 0.576216
vn 0.688773 0.250256 -0.680415
f 433/1/109 434/2/109 435/3/109 436/4/109
v 0.305374 0.333433 0.576216
v 0.267455 0.346789 0.542745
v 0.259524 0.362777 0.557714
v 0.297764 0.349309 0.591468
vn 0.603275 0.683698 -0.410630
f 437/1/110 438/2/110 439/3/110 440/4/110
v 0.297764 0.349309 0.591468
v 0.259524 0.362777 0.557714
v 0.245719 0.368628 0.575541
v 0.284078 0.355120 0.609400
vn 0.356133 0.933926 -0.030841
f 441/1/111 442/2/111 443/3/111 444/4/111
v 0.284078 0.355120 0.609400
v 0.245719 0.368628 0.575541
v 0.229741 0.362777 0.591448
v 0.267984 0.349309 0.625205
vn 0.013588 0.933928 0.357204
f 445/1/112 446/2/112 447/3/112 448/4/112
v 0.267984 0.349309 0.625205
v 0.229741 0.362777 0.591448
v 0.215870 0.346789 0.601174
v 0.253794 0.333433 0.634650
vn -0.332600 0.683701 0.649562
f 449/1/113 450/2/113 451/3/113 452/4/113
v 0.253794 0.333433 0.634650
v 0.215870 0.346789 0.601174
v 0.207823 0.324949 0.602111
v 0.245310 0.311746 0.635203
vn -0.589685 0.250257 0.767882
f 453/1/114 454/2/114 455/3/114 456/4/114
v 0.245310 0.311746 0.635203
v 0.207823 0.324949 0.602111
v 0.207756 0.303110 0.594010
v 0.244806 0.290059 0.626716
vn -0.688766 -0.250258 0.680421
f 457/1/115 458/2/115 459/3/115 460/4/115
v 0.244806 0.290059 0.626716
v 0.207756 0.303110 0.594010
v 0.215687 0.287122 0.579040
v 0.252417 0.274183 0.611464
vn -0.603290 -0.683692 0.410617
f 461/1/116 462/2/116 463/3/116 464/4/116
v 0.252417 0.274183 0.611464
v 0.215687 0.287122 0.579040
v 0.229492 0.281271 0.561214
v 0.266103 0.268373 0.593533
vn -0.356179 -0.933910 0.030801
f 465/1/117 466/2/117 467/3/117 468/4/117
v 0.266103 0.268373 0.593533
v 0.229492 0.281271 0.561214
v 0.245470 0.287122 0.545306
v 0.282197 0.274183 0.577728
vn -0.013643 -0.933908 -0.357252
f 469/1/118 470/2/118 471/3/118 472/4/118
v 0.282197 0.274183 0.577728
v 0.245470 0.287122 0.545306
v 0.259341 0.303110 0.535581
v 0.296387 0.290059 0.568283
vn 0.332567 -0.683689 -0.649591
f 473/1/119 474/2/119 475/3/119 476/4/119
v 0.296387 0.290059 0.568283
v 0.259341 0.303110 0.535581
v 0.267388 0.324949 0.534643
v 0.304870 0.311746 0.567730
vn 0.589683 -0.250257 -0.767884
f 477/1/120 478/2/120 479/3/120 480/4/120
v 0.267388 0.324949 0.534643
v 0.229938 0.336533 0.501574
v 0.229506 0.358524 0.509240
v 0.267455 0.346789 0.542745
vn 0.683167 0.252140 -0.685352
f 481/1/121 482/2/121 483/3/121 484/4/121
v 0.267455 0.346789 0.542745
v 0.229506 0.358524 0.509240
v 0.221202 0.374623 0.523885
v 0.259524 0.362777 0.557714
vn 0.587682 0.688879 -0.424354
f 485/1/122 486/2/122 487/3/122 488/4/122
v 0.259524 0.362777 0.557714
v 0.221202 0.374623 0.523885
v 0.207250 0.380516 0.541583
v 0.245719 0.368628 0.575541
vn 0.334752 0.940996 -0.049675
f 489/1/123 490/2/123 491/3/123 492/4/123
v 0.245719 0.368628 0.575541
v 0.207250 0.380516 0.541583
v 0.191390 0.374623 0.557593
v 0.229741 0.362777 0.591448
vn -0.007839 0.941006 0.338298
f 493/1/124 494/2/124 495/3/124 496/4/124
v 0.229741 0.362777 0.591448
v 0.191390 0.374623 0.557593
v 0.177870 0.358524 0.567625
v 0.215870 0.346789 0.601174
vn -0.348338 0.688907 0.635663
f 497/1/125 498/2/125 499/3/125 500/4/125
v 0.215870 0.346789 0.601174
v 0.177870 0.358524 0.567625
v 0.170314 0.336533 0.568990
v 0.207823 0.324949 0.602111
vn -0.595520 0.252178 0.762733
f 501/1/126 502/2/126 503/3/126 504/4/126
v 0.207823 0.324949 0.602111
v 0.170314 0.336533 0.568990
v 0.170746 0.314541 0.561324
v 0.207756 0.303110 0.594010
vn -0.683103 -0.252161 0.685409
f 505/1/127 506/2/127 507/3/127 508/4/127
v 0.207756 0.303110 0.594010
v 0.170746 0.314541 0.561324
v 0.179050 0.298442 0.546680
v 0.215687 0.287122 0.579040
vn -0.587609 -0.688902 0.424417
f 509/1/128 510/2/128 511/3/128 512/4/128
v 0.215687 0.287122 0.579040
v 0.179050 0.298442 0.546680
v 0.193002 0.292549 0.528981
v 0.229492 0.281271 0.561214
vn -0.334675 -0.941020 0.049742
f 513/1/129 514/2/129 515/3/129 516/4/129
v 0.229492 0.281271 0.561214
v 0.193002 0.292549 0.528981
v 0.208862 0.298442 0.512971
v 0.245470 0.287122 0.545306
vn 0.007910 -0.941029 -0.338235
f 517/1/130 518/2/130 519/3/130 520/4/130
v 0.245470 0.287122 0.545306
v 0.208862 0.298442 0.512971
v 0.222382 0.314541 0.502940
v 0.259341 0.303110 0.535581
vn 0.348401 -0.688927 -0.635607
f 521/1/131 522/2/131 523/3/131 524/4/131
v 0.259341 0.303110 0.535581
v 0.222382 0.314541 0.502940
v 0.229938 0.336533 0.501574
v 0.267388 0.324949 0.534643
vn 0.595579 -0.252198 -0.762681
f 525/1/132 526/2/132 527/3/132 528/4/132
v 0.229938 0.336533 0.501574
v 0.192536 0.346578 0.468443
v 0.191822 0.368646 0.475865
v 0.229506 0.358524 0.509240
vn 0.678666 0.253613 -0.689270
f 529/1/133 530/2/133 531/3/133 532/4/133
v 0.229506 0.358524 0.509240
v 0.191822 0.368646 0.475865
v 0.183304 0.384801 0.490324
v 0.221202 0.374623 0.523885
vn 0.573202 0.693169 -0.436985
f 533/1/134 534/2/134 535/3/134 536/4/134
v 0.221202 0.374623 0.523885
v 0.183304 0.384801 0.490324
v 0.169265 0.390714 0.507945
v 0.207250 0.380516 0.541583
vn 0.314188 0.946950 -0.067615
f 537/1/135 538/2/135 539/3/135 540/4/135
v 0.207250 0.380516 0.541583
v 0.169265 0.390714 0.507945
v 0.153466 0.384801 0.524009
v 0.191390 0.374623 0.557593
vn -0.028985 0.947025 0.319850
f 541/1/136 542/2/136 543/3/136 544/4/136
v 0.191390 0.374623 0.557593
v 0.153466 0.384801 0.524009
v 0.140141 0.368646 0.534209
v 0.177870 0.358524 0.567625
vn -0.364413 0.693382 0.621630
f 545/1/137 546/2/137 547/3/137 548/4/137
v 0.177870 0.358524 0.567625
v 0.140141 0.368646 0.534209
v 0.132860 0.346578 0.535814
v 0.170314 0.336533 0.568990
vn -0.602218 0.253918 0.756874
f 549/1/138 550/2/138 551/3/138 552/4/138
v 0.170314 0.336533 0.568990
v 0.132860 0.346578 0.535814
v 0.133574 0.324509 0.528392
v 0.170746 0.314541 0.561324
vn -0.678614 -0.253627 0.689316
f 553/1/139 554/2/139 555/3/139 556/4/139
v 0.170746 0.314541 0.561324
v 0.133574 0.324509 0.528392
v 0.142092 0.308354 0.513934
v 0.179050 0.298442 0.546680
vn -0.573107 -0.693196 0.437068
f 557/1/140 558/2/140 559/3/140 560/4/140
v 0.179050 0.298442 0.546680
v 0.142092 0.308354 0.513934
v 0.156131 0.302441 0.496312
v 0.193002 0.292549 0.528981
vn -0.314024 -0.946994 0.067758
f 561/1/141 562/2/141 563/3/141 564/4/141
v 0.193002 0.292549 0.528981
v 0.156131 0.302441 0.496312
v 0.171930 0.308354 0.480249
v 0.208862 0.298442 0.512971
vn 0.029172 -0.947075 -0.319684
f 565/1/142 566/2/142 567/3/142 568/4/142
v 0.208862 0.298442 0.512971
v 0.171930 0.308354 0.480249
v 0.185255 0.324509 0.470048
v 0.222382 0.314541 0.502940
vn 0.364556 -0.693422 -0.621502
f 569/1/143 570/2/143 571/3/143 572/4/143
v 0.222382 0.314541 0.502940
v 0.185255 0.324509 0.470048
v 0.192536 0.346578 0.468443
v 0.229938 0.336533 0.501574
vn 0.602294 -0.253940 -0.756807
f 573/1/144 574/2/144 575/3/144 576/4/144
v 0.192536 0.346578 0.468443
v 0.155108 0.356409 0.435290
v 0.154344 0.378490 0.442667
v 0.191822 0.368646 0.475865
vn 0.677853 0.253957 -0.689942
f 577/1/145 578/2/145 579/3/145 580/4/145
v 0.191822 0.368646 0.475865
v 0.154344 0.378490 0.442667
v 0.145790 0.394655 0.457093
v 0.183304 0.384801 0.490324
vn 0.570978 0.693823 -0.438854
f 581/1/146 582/2/146 583/3/146 584/4/146
v 0.183304 0.384801 0.490324
v 0.145790 0.394655 0.457093
v 0.131737 0.400572 0.474703
v 0.169265 0.390714 0.507945
vn 0.311111 0.947779 -0.070176
f 585/1/147 586/2/147 587/3/147 588/4/147
v 0.169265 0.390714 0.507945
v 0.131737 0.400572 0.474703
v 0.115951 0.394655 0.490778
v 0.153466 0.384801 0.524009
vn -0.032118 0.947779 0.317306
f 589/1/148 590/2/148 591/3/148 592/4/148
v 0.153466 0.384801 0.524009
v 0.115951 0.394655 0.490778
v 0.102663 0.378490 0.501011
v 0.140141 0.368646 0.534209
vn -0.366742 0.693823 0.619766
f 593/1/149 594/2/149 595/3/149 596/4/149
v 0.140141 0.368646 0.534209
v 0.102663 0.378490 0.501011
v 0.095432 0.356409 0.502660
v 0.132860 0.346578 0.535814
vn -0.603098 0.253957 0.756161
f 597/1/150 598/2/150 599/3/150 600/4/150
v 0.132860 0.346578 0.535814
v 0.095432 0.356409 0.502660
v 0.096196 0.334327 0.495283
v 0.133574 0.324509 0.528392
vn -0.677853 -0.253957 0.689942
f 601/1/151 602/2/151 603/3/151 604/4/151
v 0.133574 0.324509 0.528392
v 0.096196 0.334327 0.495283
v 0.104751 0.318162 0.480857
v 0.142092 0.308354 0.513934
vn -0.570978 -0.693823 0.438855
f 605/1/152 606/2/152 607/3/152 608/4/152
v 0.142092 0.308354 0.513934
v 0.104751 0.318162 0.480857
v 0.118803 0.312246 0.463247
v 0.156131 0.302441 0.496312
vn -0.311109 -0.947780 0.070177
f 609/1/153 610/2/153 611/3/153 612/4/153
v 0.156131 0.302441 0.496312
v 0.118803 0.312246 0.463247
v 0.134589 0.318162 0.447172
v 0.171930 0.308354 0.480249
vn 0.032120 -0.947780 -0.317304
f 613/1/154 614/2/154 615/3/154 616/4/154
v 0.171930 0.308354 0.480249
v 0.134589 0.318162 0.447172
v 0.147877 0.334327 0.436939
v 0.185255 0.324509 0.470048
vn 0.366743 -0.693824 -0.619765
f 617/1/155 618/2/155 619/3/155 620/4/155
v 0.185255 0.324509 0.470048
v 0.147877 0.334327 0.436939
v 0.155108 0.356409 0.435290
v 0.192536 0.346578 0.468443
vn 0.603098 -0.253957 -0.756160
f 621/1/156 622/2/156 623/3/156 624/4/156
v 0.155108 0.356409 0.435290
v 0.117680 0.366139 0.402137
v 0.116884 0.388229 0.409485
v 0.154344 0.378490 0.442667
vn 0.677485 0.254053 -0.690269
f 625/1/157 626/2/157 627/3/157 628/4/157
v 0.154344 0.378490 0.442667
v 0.116884 0.388229 0.409485
v 0.108306 0.404400 0.423891
v 0.145790 0.394655 0.457093
vn 0.569972 0.694086 -0.439747
f 629/1/158 630/2/158 631/3/158 632/4/158
v 0.145790 0.394655 0.457093
v 0.108306 0.404400 0.423891
v 0.094245 0.410319 0.441493
v 0.131737 0.400572 0.474703
vn 0.309735 0.948139 -0.071395
f 633/1/159 634/2/159 635/3/159 636/4/159
v 0.131737 0.400572 0.474703
v 0.094245 0.410319 0.441493
v 0.078468 0.404400 0.457576
v 0.115951 0.394655 0.490778
vn -0.033494 0.948139 0.316087
f 637/1/160 638/2/160 639/3/160 640/4/160
v 0.115951 0.394655 0.490778
v 0.078468 0.404400 0.457576
v 0.065203 0.388229 0.467830
v 0.102663 0.378490 0.501011
vn -0.367749 0.694086 0.618874
f 641/1/161 642/2/161 643/3/161 644/4/161
v 0.102663 0.378490 0.501011
v 0.065203 0.388229 0.467830
v 0.058004 0.366139 0.469507
v 0.095432 0.356409 0.502660
vn -0.603466 0.254053 0.755834
f 645/1/162 646/2/162 647/3/162 648/4/162
v 0.095432 0.356409 0.502660
v 0.058004 0.366139 0.469507
v 0.058800 0.344049 0.462158
v 0.096196 0.334327 0.495283
vn -0.677485 -0.254053 0.690269
f 649/1/163 650/2/163 651/3/163 652/4/163
v 0.096196 0.334327 0.495283
v 0.058800 0.344049 0.462158
v 0.067378 0.327878 0.447752
v 0.104751 0.318162 0.480857
vn -0.569972 -0.694086 0.439747
f 653/1/164 654/2/164 655/3/164 656/4/164
v 0.104751 0.318162 0.480857
v 0.067378 0.327878 0.447752
v 0.081439 0.321959 0.430150
v 0.118803 0.312246 0.463247
vn -0.309735 -0.948139 0.071395
f 657/1/165 658/2/165 659/3/165 660/4/165
v 0.118803 0.312246 0.463247
v 0.081439 0.321959 0.430150
v 0.097216 0.327878 0.414067
v 0.134589 0.318162 0.447172
vn 0.033494 -0.948139 -0.316087
f 661/1/166 662/2/166 663/3/166 664/4/166
v 0.134589 0.318162 0.447172
v 0.097216 0.327878 0.414067
v 0.110481 0.344049 0.403814
v 0.147877 0.334327 0.436939
vn 0.367750 -0.694086 -0.618874
f 665/1/167 666/2/167 667/3/167 668/4/167
v 0.147877 0.334327 0.436939
v 0.110481 0.344049 0.403814
v 0.117680 0.366139 0.402137
v 0.155108 0.356409 0.435290
vn 0.603466 -0.254053 -0.755834
f 669/1/168 670/2/168 671/3/168 672/4/168
v 0.117680 0.366139 0.402137
v 0.080259 0.375770 0.368989
v 0.079402 0.397875 0.376285
v 0.116884 0.388229 0.409485
vn 0.677125 0.254146 -0.690588
f 673/1/169 674/2/169 675/3/169 676/4/169
v 0.116884 0.388229 0.409485
v 0.079402 0.397875 0.376285
v 0.070778 0.414057 0.390650
v 0.108306 0.404400 0.423891
vn 0.568978 0.694343 -0.440627
f 677/1/170 678/2/170 679/3/170 680/4/170
v 0.108306 0.404400 0.423891
v 0.070778 0.414057 0.390650
v 0.056698 0.419980 0.408236
v 0.094245 0.410319 0.441493
vn 0.308374 0.948491 -0.072600
f 681/1/171 682/2/171 683/3/171 684/4/171
v 0.094245 0.410319 0.441493
v 0.056698 0.419980 0.408236
v 0.040934 0.414057 0.424330
v 0.078468 0.404400 0.457576
vn -0.034856 0.948491 0.314882
f 685/1/172 686/2/172 687/3/172 688/4/172
v 0.078468 0.404400 0.457576
v 0.040934 0.414057 0.424330
v 0.027710 0.397875 0.434619
v 0.065203 0.388229 0.467830
vn -0.368744 0.694343 0.617993
f 689/1/173 690/2/173 691/3/173 692/4/173
v 0.065203 0.388229 0.467830
v 0.027710 0.397875 0.434619
v 0.020570 0.375770 0.436348
v 0.058004 0.366139 0.469507
vn -0.603827 0.254146 0.755515
f 693/1/174 694/2/174 695/3/174 696/4/174
v 0.058004 0.366139 0.469507
v 0.020570 0.375770 0.436348
v 0.021427 0.353665 0.429052
v 0.058800 0.344049 0.462158
vn -0.677113 -0.254149 0.690598
f 697/1/175 698/2/175 699/3/175 700/4/175
v 0.058800 0.344049 0.462158
v 0.021427 0.353665 0.429052
v 0.030051 0.337483 0.414686
v 0.067378 0.327878 0.447752
vn -0.568967 -0.694346 0.440636
f 701/1/176 702/2/176 703/3/176 704/4/176
v 0.067378 0.327878 0.447752
v 0.030051 0.337483 0.414686
v 0.044131 0.331560 0.397100
v 0.081439 0.321959 0.430150
vn -0.308366 -0.948493 0.072608
f 705/1/177 706/2/177 707/3/177 708/4/177
v 0.081439 0.321959 0.430150
v 0.044131 0.331560 0.397100
v 0.059895 0.337483 0.381007
v 0.097216 0.327878 0.414067
vn 0.034864 -0.948493 -0.314875
f 709/1/178 710/2/178 711/3/178 712/4/178
v 0.097216 0.327878 0.414067
v 0.059895 0.337483 0.381007
v 0.073119 0.353665 0.370717
v 0.110481 0.344049 0.403814
vn 0.368753 -0.694345 -0.617985
f 713/1/179 714/2/179 715/3/179 716/4/179
v 0.110481 0.344049 0.403814
v 0.073119 0.353665 0.370717
v 0.080259 0.375770 0.368989
v 0.117680 0.366139 0.402137
vn 0.603838 -0.254149 -0.755505
f 717/1/180 718/2/180 719/3/180 720/4/180
v 0.080259 0.375770 0.368989
v -0.089987 0.418361 0.218073
v -0.090963 0.440494 0.225268
v 0.079402 0.397875 0.376285
vn 0.676384 0.254367 -0.691232
f 721/1/181 722/2/181 723/3/181 724/4/181
v 0.079402 0.397875 0.376285
v -0.090963 0.440494 0.225268
v -0.099683 0.456697 0.239552
v 0.070778 0.414057 0.390650
vn 0.566426 0.695012 -0.442854
f 725/1/182 726/2/182 727/3/182 728/4/182
v 0.070778 0.414057 0.390650
v -0.099683 0.456697 0.239552
v -0.113809 0.462627 0.257099
v 0.056698 0.419980 0.408236
vn 0.304696 0.949427 -0.075813
f 729/1/183 730/2/183 731/3/183 732/4/183
v 0.056698 0.419980 0.408236
v -0.113809 0.462627 0.257099
v -0.129558 0.456697 0.273205
v 0.040934 0.414057 0.424330
vn -0.038674 0.949445 0.311543
f 733/1/184 734/2/184 735/3/184 736/4/184
v 0.040934 0.414057 0.424330
v -0.129558 0.456697 0.273205
v -0.142708 0.440494 0.283556
v 0.027710 0.397875 0.434619
vn -0.371680 0.695060 0.615423
f 737/1/185 738/2/185 739/3/185 740/4/185
v 0.027710 0.397875 0.434619
v -0.142708 0.440494 0.283556
v -0.149737 0.418361 0.285378
v 0.020570 0.375770 0.436348
vn -0.605094 0.254433 0.754404
f 741/1/186 742/2/186 743/3/186 744/4/186
v 0.020570 0.375770 0.436348
v -0.149737 0.418361 0.285378
v -0.148761 0.396228 0.278183
v 0.021427 0.353665 0.429052
vn -0.676372 -0.254371 0.691243
f 745/1/187 746/2/187 747/3/187 748/4/187
v 0.021427 0.353665 0.429052
v -0.148761 0.396228 0.278183
v -0.140041 0.380025 0.263898
v 0.030051 0.337483 0.414686
vn -0.566414 -0.695015 0.442865
f 749/1/188 750/2/188 751/3/188 752/4/188
v 0.030051 0.337483 0.414686
v -0.140041 0.380025 0.263898
v -0.125915 0.374095 0.246352
v 0.044131 0.331560 0.397100
vn -0.304685 -0.949430 0.075823
f 753/1/189 754/2/189 755/3/189 756/4/189
v 0.044131 0.331560 0.397100
v -0.125915 0.374095 0.246352
v -0.110167 0.380025 0.230246
v 0.059895 0.337483 0.381007
vn 0.038685 -0.949448 -0.311533
f 757/1/190 758/2/190 759/3/190 760/4/190
v 0.059895 0.337483 0.381007
v -0.110167 0.380025 0.230246
v -0.097016 0.396228 0.219895
v 0.073119 0.353665 0.370717
vn 0.371691 -0.695063 -0.615413
f 761/1/191 762/2/191 763/3/191 764/4/191
v 0.073119 0.353665 0.370717
v -0.097016 0.396228 0.219895
v -0.089987 0.418361 0.218073
v 0.080259 0.375770 0.368989
vn 0.605106 -0.254436 -0.754393
f 765/1/192 766/2/192 767/3/192 768/4/192
v -0.089987 0.418361 0.218073
v -0.260005 0.458982 0.066922
v -0.261126 0.481147 0.073995
v -0.090963 0.440494 0.225268
vn 0.675789 0.254668 -0.691703
f 769/1/193 770/2/193 771/3/193 772/4/193
v -0.090963 0.440494 0.225268
v -0.261126 0.481147 0.073995
v -0.269963 0.497374 0.088180
v -0.099683 0.456697 0.239552
vn 0.562742 0.696014 -0.445966
f 773/1/194 774/2/194 775/3/194 776/4/194
v -0.099683 0.456697 0.239552
v -0.269963 0.497374 0.088180
v -0.284148 0.503313 0.105676
v -0.113809 0.462627 0.257099
vn 0.298912 0.950860 -0.080732
f 777/1/195 778/2/195 779/3/195 780/4/195
v -0.113809 0.462627 0.257099
v -0.284148 0.503313 0.105676
v -0.299879 0.497374 0.121796
v -0.129558 0.456697 0.273205
vn -0.045007 0.950924 0.306134
f 781/1/196 782/2/196 783/3/196 784/4/196
v -0.129558 0.456697 0.273205
v -0.299879 0.497374 0.121796
v -0.312943 0.481147 0.132219
v -0.142708 0.440494 0.283556
vn -0.376864 0.696192 0.610975
f 785/1/197 786/2/197 787/3/197 788/4/197
v -0.142708 0.440494 0.283556
v -0.312943 0.481147 0.132219
v -0.319838 0.458982 0.134153
v -0.149737 0.418361 0.285378
vn -0.607742 0.254914 0.752110
f 789/1/198 790/2/198 791/3/198 792/4/198
v -0.149737 0.418361 0.285378
v -0.319838 0.458982 0.134153
v -0.318717 0.436816 0.127080
v -0.148761 0.396228 0.278183
vn -0.675773 -0.254672 0.691718
f 793/1/199 794/2/199 795/3/199 796/4/199
v -0.148761 0.396228 0.278183
v -0.318717 0.436816 0.127080
v -0.309880 0.420590 0.112895
v -0.140041 0.380025 0.263898
vn -0.562726 -0.696018 0.445980
f 797/1/200 798/2/200 799/3/200 800/4/200
v -0.140041 0.380025 0.263898
v -0.309880 0.420590 0.112895
v -0.295695 0.414651 0.095399
v -0.125915 0.374095 0.246352
vn -0.298896 -0.950863 0.080746
f 801/1/201 802/2/201 803/3/201 804/4/201
v -0.125915 0.374095 0.246352
v -0.295695 0.414651 0.095399
v -0.279964 0.420590 0.079280
v -0.110167 0.380025 0.230246
vn 0.045023 -0.950928 -0.306119
f 805/1/202 806/2/202 807/3/202 808/4/202
v -0.110167 0.380025 0.230246
v -0.279964 0.420590 0.079280
v -0.266900 0.436816 0.068857
v -0.097016 0.396228 0.219895
vn 0.376881 -0.696196 -0.610960
f 809/1/203 810/2/203 811/3/203 812/4/203
v -0.097016 0.396228 0.219895
v -0.266900 0.436816 0.068857
v -0.260005 0.458982 0.066922
v -0.089987 0.418361 0.218073
vn 0.607758 -0.254918 -0.752095
f 813/1/204 814/2/204 815/3/204 816/4/204
v -0.260005 0.458982 0.066922
v -0.429874 0.497710 -0.084415
v -0.431133 0.519906 -0.077460
v -0.261126 0.481147 0.073995
vn 0.674973 0.255065 -0.692353
f 817/1/205 818/2/205 819/3/205 820/4/205
v -0.261126 0.481147 0.073995
v -0.431133 0.519906 -0.077460
v -0.440079 0.536154 -0.063369
v -0.269963 0.497374 0.088180
vn 0.558995 0.697022 -0.449094
f 821/1/206 822/2/206 823/3/206 824/4/206
v -0.269963 0.497374 0.088180
v -0.440079 0.536154 -0.063369
v -0.454315 0.542101 -0.045917
v -0.284148 0.503313 0.105676
vn 0.293237 0.952209 -0.085500
f 825/1/207 826/2/207 827/3/207 828/4/207
v -0.284148 0.503313 0.105676
v -0.454315 0.542101 -0.045917
v -0.470027 0.536154 -0.029782
v -0.299879 0.497374 0.121796
vn -0.051090 0.952254 0.301002
f 829/1/208 830/2/208 831/3/208 832/4/208
v -0.299879 0.497374 0.121796
v -0.470027 0.536154 -0.029782
v -0.483005 0.519906 -0.019285
v -0.312943 0.481147 0.132219
vn -0.381727 0.697146 0.606855
f 833/1/209 834/2/209 835/3/209 836/4/209
v -0.312943 0.481147 0.132219
v -0.483005 0.519906 -0.019285
v -0.489771 0.497710 -0.017241
v -0.319838 0.458982 0.134153
vn -0.610081 0.255236 0.750104
f 837/1/210 838/2/210 839/3/210 840/4/210
v -0.319838 0.458982 0.134153
v -0.489771 0.497710 -0.017241
v -0.488512 0.475515 -0.024196
v -0.318717 0.436816 0.127080
vn -0.674962 -0.255068 0.692364
f 841/1/211 842/2/211 843/3/211 844/4/211
v -0.318717 0.436816 0.127080
v -0.488512 0.475515 -0.024196
v -0.479566 0.459266 -0.038287
v -0.309880 0.420590 0.112895
vn -0.558983 -0.697025 0.449104
f 845/1/212 846/2/212 847/3/212 848/4/212
v -0.309880 0.420590 0.112895
v -0.479566 0.459266 -0.038287
v -0.465329 0.453319 -0.055738
v -0.295695 0.414651 0.095399
vn -0.293225 -0.952212 0.085511
f 849/1/213 850/2/213 851/3/213 852/4/213
v -0.295695 0.414651 0.095399
v -0.465329 0.453319 -0.055738
v -0.449617 0.459266 -0.071874
v -0.279964 0.420590 0.079280
vn 0.051102 -0.952257 -0.300992
f 853/1/214 854/2/214 855/3/214 856/4/214
v -0.279964 0.420590 0.079280
v -0.449617 0.459266 -0.071874
v -0.436640 0.475515 -0.082370
v -0.266900 0.436816 0.068857
vn 0.381739 -0.697149 -0.606844
f 857/1/215 858/2/215 859/3/215 860/4/215
v -0.266900 0.436816 0.068857
v -0.436640 0.475515 -0.082370
v -0.429874 0.497710 -0.084415
v -0.260005 0.458982 0.066922
vn 0.610093 -0.255239 -0.750094
f 861/1/216 862/2/216 863/3/216 864/4/216
v -0.429874 0.497710 -0.084415
v -0.599600 0.534625 -0.235884
v -0.600994 0.556847 -0.229044
v -0.431133 0.519906 -0.077460
vn 0.674088 0.255412 -0.693087
f 865/1/217 866/2/217 867/3/217 868/4/217
v -0.431133 0.519906 -0.077460
v -0.600994 0.556847 -0.229044
v -0.610051 0.573116 -0.215047
v -0.440079 0.536154 -0.063369
vn 0.555336 0.697934 -0.452205
f 869/1/218 870/2/218 871/3/218 872/4/218
v -0.440079 0.536154 -0.063369
v -0.610051 0.573116 -0.215047
v -0.624345 0.579070 -0.197645
v -0.454315 0.542101 -0.045917
vn 0.287785 0.953442 -0.090155
f 873/1/219 874/2/219 875/3/219 876/4/219
v -0.454315 0.542101 -0.045917
v -0.624345 0.579070 -0.197645
v -0.640046 0.573116 -0.181501
v -0.470027 0.536154 -0.029782
vn -0.056873 0.953477 0.296052
f 877/1/220 878/2/220 879/3/220 880/4/220
v -0.470027 0.536154 -0.029782
v -0.640046 0.573116 -0.181501
v -0.652946 0.556847 -0.170940
v -0.483005 0.519906 -0.019285
vn -0.386291 0.698031 0.602936
f 881/1/221 882/2/221 883/3/221 884/4/221
v -0.483005 0.519906 -0.019285
v -0.652946 0.556847 -0.170940
v -0.659588 0.534625 -0.168792
v -0.489771 0.497710 -0.017241
vn -0.612203 0.255546 0.748268
f 885/1/222 886/2/222 887/3/222 888/4/222
v -0.489771 0.497710 -0.017241
v -0.659588 0.534625 -0.168792
v -0.658194 0.512402 -0.175633
v -0.488512 0.475515 -0.024196
vn -0.674071 -0.255416 0.693102
f 889/1/223 890/2/223 891/3/223 892/4/223
v -0.488512 0.475515 -0.024196
v -0.658194 0.512402 -0.175633
v -0.649137 0.496133 -0.189629
v -0.479566 0.459266 -0.038287
vn -0.555319 -0.697938 0.452220
f 893/1/224 894/2/224 895/3/224 896/4/224
v -0.479566 0.459266 -0.038287
v -0.649137 0.496133 -0.189629
v -0.634843 0.490179 -0.207031
v -0.465329 0.453319 -0.055738
vn -0.287768 -0.953446 0.090170
f 897/1/225 898/2/225 899/3/225 900/4/225
v -0.465329 0.453319 -0.055738
v -0.634843 0.490179 -0.207031
v -0.619142 0.496133 -0.223176
v -0.449617 0.459266 -0.071874
vn 0.056890 -0.953481 -0.296038
f 901/1/226 902/2/226 903/3/226 904/4/226
v -0.449617 0.459266 -0.071874
v -0.619142 0.496133 -0.223176
v -0.606242 0.512402 -0.233736
v -0.436640 0.475515 -0.082370
vn 0.386307 -0.698034 -0.602922
f 905/1/227 906/2/227 907/3/227 908/4/227
v -0.436640 0.475515 -0.082370
v -0.606242 0.512402 -0.233736
v -0.599600 0.534625 -0.235884
v -0.429874 0.497710 -0.084415
vn 0.612218 -0.255549 -0.748253
f 909/1/228 910/2/228 911/3/228 912/4/228
v -0.599600 0.534625 -0.235884
v -0.769040 0.569803 -0.387672
v -0.770564 0.592051 -0.380941
v -0.600994 0.556847 -0.229044
vn 0.673977 0.255640 -0.693111
f 913/1/229 914/2/229 915/3/229 916/4/229
v -0.600994 0.556847 -0.229044
v -0.770564 0.592051 -0.380941
v -0.779729 0.608338 -0.367036
v -0.610051 0.573116 -0.215047
vn 0.552343 0.698704 -0.454675
f 917/1/230 918/2/230 919/3/230 920/4/230
v -0.610051 0.573116 -0.215047
v -0.779729 0.608338 -0.367036
v -0.794080 0.614299 -0.349683
v -0.624345 0.579070 -0.197645
vn 0.282712 0.954548 -0.094408
f 921/1/231 922/2/231 923/3/231 924/4/231
v -0.624345 0.579070 -0.197645
v -0.794080 0.614299 -0.349683
v -0.809770 0.608338 -0.333532
v -0.640046 0.573116 -0.181501
vn -0.062667 0.954621 0.291156
f 925/1/232 926/2/232 927/3/232 928/4/232
v -0.640046 0.573116 -0.181501
v -0.809770 0.608338 -0.333532
v -0.822596 0.592051 -0.322910
v -0.652946 0.556847 -0.170940
vn -0.391253 0.698907 0.598707
f 929/1/233 930/2/233 931/3/233 932/4/233
v -0.652946 0.556847 -0.170940
v -0.822596 0.592051 -0.322910
v -0.829122 0.569803 -0.320663
v -0.659588 0.534625 -0.168792
vn -0.615003 0.255920 0.745840
f 933/1/234 934/2/234 935/3/234 936/4/234
v -0.659588 0.534625 -0.168792
v -0.829122 0.569803 -0.320663
v -0.827597 0.547555 -0.327394
v -0.658194 0.512402 -0.175633
vn -0.673961 -0.255644 0.693126
f 937/1/235 938/2/235 939/3/235 940/4/235
v -0.658194 0.512402 -0.175633
v -0.827597 0.547555 -0.327394
v -0.818432 0.531269 -0.341299
v -0.649137 0.496133 -0.189629
vn -0.552327 -0.698708 0.454689
f 941/1/236 942/2/236 943/3/236 944/4/236
v -0.649137 0.496133 -0.189629
v -0.818432 0.531269 -0.341299
v -0.804082 0.525307 -0.358652
v -0.634843 0.490179 -0.207031
vn -0.282696 -0.954551 0.094422
f 945/1/237 946/2/237 947/3/237 948/4/237
v -0.634843 0.490179 -0.207031
v -0.804082 0.525307 -0.358652
v -0.788391 0.531269 -0.374803
v -0.619142 0.496133 -0.223176
vn 0.062683 -0.954624 -0.291141
f 949/1/238 950/2/238 951/3/238 952/4/238
v -0.619142 0.496133 -0.223176
v -0.788391 0.531269 -0.374803
v -0.775565 0.547555 -0.385425
v -0.606242 0.512402 -0.233736
vn 0.391269 -0.698910 -0.598693
f 953/1/239 954/2/239 955/3/239 956/4/239
v -0.606242 0.512402 -0.233736
v -0.775565 0.547555 -0.385425
v -0.769040 0.569803 -0.387672
v -0.599600 0.534625 -0.235884
vn 0.615019 -0.255924 -0.745825
f 957/1/240 958/2/240 959/3/240 960/4/240
v -0.769040 0.569803 -0.387672
v -0.938353 0.603324 -0.539620
v -0.940000 0.625595 -0.532994
v -0.770564 0.592051 -0.380941
vn 0.673236 0.255992 -0.693701
f 961/1/241 962/2/241 963/3/241 964/4/241
v -0.770564 0.592051 -0.380941
v -0.940000 0.625595 -0.532994
v -0.949265 0.641898 -0.519175
v -0.779729 0.608338 -0.367036
vn 0.549013 0.699511 -0.457459
f 965/1/242 966/2/242 967/3/242 968/4/242
v -0.779729 0.608338 -0.367036
v -0.949265 0.641898 -0.519175
v -0.963665 0.647866 -0.501866
v -0.794080 0.614299 -0.349683
vn 0.277685 0.955595 -0.098640
f 969/1/243 970/2/243 971/3/243 972/4/243
v -0.794080 0.614299 -0.349683
v -0.963665 0.647866 -0.501866
v -0.979343 0.641898 -0.485705
v -0.809770 0.608338 -0.333532
vn -0.068045 0.955628 0.286609
f 973/1/244 974/2/244 975/3/244 976/4/244
v -0.809770 0.608338 -0.333532
v -0.979343 0.641898 -0.485705
v -0.992097 0.625595 -0.475021
v -0.822596 0.592051 -0.322910
vn -0.395542 0.699604 0.595064
f 977/1/245 978/2/245 979/3/245 980/4/245
v -0.822596 0.592051 -0.322910
v -0.992097 0.625595 -0.475021
v -0.998509 0.603324 -0.472678
v -0.829122 0.569803 -0.320663
vn -0.617054 0.256120 0.744075
f 981/1/246 982/2/246 983/3/246 984/4/246
v -0.829122 0.569803 -0.320663
v -0.998509 0.603324 -0.472678
v -0.996862 0.581054 -0.479303
v -0.827597 0.547555 -0.327394
vn -0.673224 -0.255994 0.693712
f 985/1/247 986/2/247 987/3/247 988/4/247
v -0.827597 0.547555 -0.327394
v -0.996862 0.581054 -0.479303
v -0.987597 0.564750 -0.493122
v -0.818432 0.531269 -0.341299
vn -0.549001 -0.699514 0.457470
f 989/1/248 990/2/248 991/3/248 992/4/248
v -0.818432 0.531269 -0.341299
v -0.987597 0.564750 -0.493122
v -0.973196 0.558783 -0.510431
v -0.804082 0.525307 -0.358652
vn -0.277673 -0.955597 0.098651
f 993/1/249 994/2/249 995/3/249 996/4/249
v -0.804082 0.525307 -0.358652
v -0.973196 0.558783 -0.510431
v -0.957519 0.564750 -0.526593
v -0.788391 0.531269 -0.374803
vn 0.068058 -0.955631 -0.286598
f 997/1/250 998/2/250 999/3/250 1000/4/250
v -0.788391 0.531269 -0.374803
v -0.957519 0.564750 -0.526593
v -0.944765 0.581054 -0.537277
v -0.775565 0.547555 -0.385425
vn 0.395554 -0.699606 -0.595053
f 1001/1/251 1002/2/251 1003/3/251 1004/4/251
v -0.775565 0.547555 -0.385425
v -0.944765 0.581054 -0.537277
v -0.938353 0.603324 -0.539620
v -0.769040 0.569803 -0.387672
vn 0.617066 -0.256122 -0.744064
f 1005/1/252 1006/2/252 1007/3/252 1008/4/252
v -0.938353 0.603324 -0.539620
v -1.107447 0.635266 -0.691779
v -1.109214 0.657558 -0.685255
v -0.940000 0.625595 -0.532994
vn 0.672870 0.256215 -0.693973
f 1009/1/253 1010/2/253 1011/3/253 1012/4/253
v -0.940000 0.625595 -0.532994
v -1.109214 0.657558 -0.685255
v -1.118582 0.673876 -0.671523
v -0.949265 0.641898 -0.519175
vn 0.546099 0.700176 -0.459924
f 1013/1/254 1014/2/254 1015/3/254 1016/4/254
v -0.949265 0.641898 -0.519175
v -1.118582 0.673876 -0.671523
v -1.133039 0.679849 -0.654264
v -0.963665 0.647866 -0.501866
vn 0.273003 0.956522 -0.102636
f 1017/1/255 1018/2/255 1019/3/255 1020/4/255
v -0.963665 0.647866 -0.501866
v -1.133039 0.679849 -0.654264
v -1.148713 0.673876 -0.638101
v -0.979343 0.641898 -0.485705
vn -0.073240 0.956570 0.282152
f 1021/1/256 1022/2/256 1023/3/256 1024/4/256
v -0.979343 0.641898 -0.485705
v -1.148713 0.673876 -0.638101
v -1.161404 0.657558 -0.627365
v -0.992097 0.625595 -0.475021
vn -0.399856 0.700307 0.591341
f 1025/1/257 1026/2/257 1027/3/257 1028/4/257
v -0.992097 0.625595 -0.475021
v -1.161404 0.657558 -0.627365
v -1.167710 0.635266 -0.624933
v -0.998509 0.603324 -0.472678
vn -0.619331 0.256396 0.742085
f 1029/1/258 1030/2/258 1031/3/258 1032/4/258
v -0.998509 0.603324 -0.472678
v -1.167710 0.635266 -0.624933
v -1.165943 0.612975 -0.631457
v -0.996862 0.581054 -0.479303
vn -0.672854 -0.256218 0.693988
f 1033/1/259 1034/2/259 1035/3/259 1036/4/259
v -0.996862 0.581054 -0.479303
v -1.165943 0.612975 -0.631457
v -1.156575 0.596656 -0.645188
v -0.987597 0.564750 -0.493122
vn -0.546082 -0.700179 0.459938
f 1037/1/260 1038/2/260 1039/3/260 1040/4/260
v -0.987597 0.564750 -0.493122
v -1.156575 0.596656 -0.645188
v -1.142117 0.590683 -0.662448
v -0.973196 0.558783 -0.510431
vn -0.272986 -0.956526 0.102652
f 1041/1/261 1042/2/261 1043/3/261 1044/4/261
v -0.973196 0.558783 -0.510431
v -1.142117 0.590683 -0.662448
v -1.126443 0.596656 -0.678611
v -0.957519 0.564750 -0.526593
vn 0.073256 -0.956573 -0.282137
f 1045/1/262 1046/2/262 1047/3/262 1048/4/262
v -0.957519 0.564750 -0.526593
v -1.126443 0.596656 -0.678611
v -1.113753 0.612975 -0.689347
v -0.944765 0.581054 -0.537277
vn 0.399873 -0.700310 -0.591327
f 1049/1/263 1050/2/263 1051/3/263 1052/4/263
v -0.944765 0.581054 -0.537277
v -1.113753 0.612975 -0.689347
v -1.107447 0.635266 -0.691779
v -0.938353 0.603324 -0.539620
vn 0.619347 -0.256400 -0.742070
f 1053/1/264 1054/2/264 1055/3/264 1056/4/264
v -1.107447 0.635266 -0.691779
v -1.276259 0.665707 -0.844255
v -1.278140 0.688018 -0.837828
v -1.109214 0.657558 -0.685255
vn 0.672934 0.256412 -0.693839
f 1057/1/265 1058/2/265 1059/3/265 1060/4/265
v -1.109214 0.657558 -0.685255
v -1.278140 0.688018 -0.837828
v -1.287605 0.704350 -0.824180
v -1.118582 0.673876 -0.671523
vn 0.543602 0.700776 -0.461963
f 1061/1/266 1062/2/266 1063/3/266 1064/4/266
v -1.118582 0.673876 -0.671523
v -1.287605 0.704350 -0.824180
v -1.302118 0.710328 -0.806968
v -1.133039 0.679849 -0.654264
vn 0.268615 0.957364 -0.106304
f 1065/1/267 1066/2/267 1067/3/267 1068/4/267
v -1.133039 0.679849 -0.654264
v -1.302118 0.710328 -0.806968
v -1.317788 0.704350 -0.790804
v -1.148713 0.673876 -0.638101
vn -0.078344 0.957427 0.277840
f 1069/1/268 1070/2/268 1071/3/268 1072/4/268
v -1.148713 0.673876 -0.638101
v -1.317788 0.704350 -0.790804
v -1.330419 0.688018 -0.780018
v -1.161404 0.657558 -0.627365
vn -0.404309 0.700951 0.587539
f 1073/1/269 1074/2/269 1075/3/269 1076/4/269
v -1.161404 0.657558 -0.627365
v -1.330419 0.688018 -0.780018
v -1.336624 0.665707 -0.777502
v -1.167710 0.635266 -0.624933
vn -0.621939 0.256654 0.739811
f 1077/1/270 1078/2/270 1079/3/270 1080/4/270
v -1.167710 0.635266 -0.624933
v -1.336624 0.665707 -0.777502
v -1.334743 0.643397 -0.783928
v -1.165943 0.612975 -0.631457
vn -0.672919 -0.256415 0.693852
f 1081/1/271 1082/2/271 1083/3/271 1084/4/271
v -1.165943 0.612975 -0.631457
v -1.334743 0.643397 -0.783928
v -1.325278 0.627065 -0.797576
v -1.156575 0.596656 -0.645188
vn -0.543587 -0.700778 0.461977
f 1085/1/272 1086/2/272 1087/3/272 1088/4/272
v -1.156575 0.596656 -0.645188
v -1.325278 0.627065 -0.797576
v -1.310765 0.621086 -0.814789
v -1.142117 0.590683 -0.662448
vn -0.268600 -0.957367 0.106317
f 1089/1/273 1090/2/273 1091/3/273 1092/4/273
v -1.142117 0.590683 -0.662448
v -1.310765 0.621086 -0.814789
v -1.295095 0.627065 -0.830953
v -1.126443 0.596656 -0.678611
vn 0.078359 -0.957430 -0.277826
f 1093/1/274 1094/2/274 1095/3/274 1096/4/274
v -1.126443 0.596656 -0.678611
v -1.295095 0.627065 -0.830953
v -1.282464 0.643397 -0.841739
v -1.113753 0.612975 -0.689347
vn 0.404324 -0.700954 -0.587525
f 1097/1/275 1098/2/275 1099/3/275 1100/4/275
v -1.113753 0.612975 -0.689347
v -1.282464 0.643397 -0.841739
v -1.276259 0.665707 -0.844255
v -1.107447 0.635266 -0.691779
vn 0.621954 -0.256657 -0.739797
f 1101/1/276 1102/2/276 1103/3/276 1104/4/276
v -1.276259 0.665707 -0.844255
v -1.444896 0.694726 -0.996936
v -1.446885 0.717053 -0.990602
v -1.278140 0.688018 -0.837828
vn 0.672581 0.256666 -0.694087
f 1105/1/277 1106/2/277 1107/3/277 1108/4/277
v -1.278140 0.688018 -0.837828
v -1.446885 0.717053 -0.990602
v -1.456441 0.733398 -0.977032
v -1.287605 0.704350 -0.824180
vn 0.540933 0.701373 -0.464184
f 1109/1/278 1110/2/278 1111/3/278 1112/4/278
v -1.287605 0.704350 -0.824180
v -1.456441 0.733398 -0.977032
v -1.471003 0.739381 -0.959864
v -1.302118 0.710328 -0.806968
vn 0.264345 0.958146 -0.109902
f 1113/1/279 1114/2/279 1115/3/279 1116/4/279
v -1.302118 0.710328 -0.806968
v -1.471003 0.739381 -0.959864
v -1.486669 0.733398 -0.943697
v -1.317788 0.704350 -0.790804
vn -0.083071 0.958184 0.273828
f 1117/1/280 1118/2/280 1119/3/280 1120/4/280
v -1.317788 0.704350 -0.790804
v -1.486669 0.733398 -0.943697
v -1.499242 0.717053 -0.932863
v -1.330419 0.688018 -0.780018
vn -0.408227 0.701480 0.584189
f 1121/1/281 1122/2/281 1123/3/281 1124/4/281
v -1.330419 0.688018 -0.780018
v -1.499242 0.717053 -0.932863
v -1.505352 0.694726 -0.930265
v -1.336624 0.665707 -0.777502
vn -0.623999 0.256813 0.738019
f 1125/1/282 1126/2/282 1127/3/282 1128/4/282
v -1.336624 0.665707 -0.777502
v -1.505352 0.694726 -0.930265
v -1.503363 0.672398 -0.936599
v -1.334743 0.643397 -0.783928
vn -0.672568 -0.256669 0.694099
f 1129/1/283 1130/2/283 1131/3/283 1132/4/283
v -1.334743 0.643397 -0.783928
v -1.503363 0.672398 -0.936599
v -1.493807 0.656053 -0.950169
v -1.325278 0.627065 -0.797576
vn -0.540920 -0.701376 0.464195
f 1133/1/284 1134/2/284 1135/3/284 1136/4/284
v -1.325278 0.627065 -0.797576
v -1.493807 0.656053 -0.950169
v -1.479245 0.650071 -0.967337
v -1.310765 0.621086 -0.814789
vn -0.264332 -0.958148 0.109913
f 1137/1/285 1138/2/285 1139/3/285 1140/4/285
v -1.310765 0.621086 -0.814789
v -1.479245 0.650071 -0.967337
v -1.463579 0.656053 -0.983504
v -1.295095 0.627065 -0.830953
vn 0.083084 -0.958187 -0.273817
f 1141/1/286 1142/2/286 1143/3/286 1144/4/286
v -1.295095 0.627065 -0.830953
v -1.463579 0.656053 -0.983504
v -1.451006 0.672398 -0.994338
v -1.282464 0.643397 -0.841739
vn 0.408240 -0.701482 -0.584177
f 1145/1/287 1146/2/287 1147/3/287 1148/4/287
v -1.282464 0.643397 -0.841739
v -1.451006 0.672398 -0.994338
v -1.444896 0.694726 -0.996936
v -1.276259 0.665707 -0.844255
vn 0.624011 -0.256815 -0.738008
f 1149/1/288 1150/2/288 1151/3/288 1152/4/288
v -1.444896 0.694726 -0.996936
v -1.613281 0.722400 -1.149859
v -1.615376 0.744743 -1.143614
v -1.446885 0.717053 -0.990602
vn 0.672541 0.256835 -0.694064
f 1153/1/289 1154/2/289 1155/3/289 1156/4/289
v -1.446885 0.717053 -0.990602
v -1.615376 0.744743 -1.143614
v -1.625026 0.761099 -1.130124
v -1.456441 0.733398 -0.977032
vn 0.538631 0.701869 -0.466108
f 1157/1/290 1158/2/290 1159/3/290 1160/4/290
v -1.456441 0.733398 -0.977032
v -1.625026 0.761099 -1.130124
v -1.639645 0.767085 -1.113006
v -1.471003 0.739381 -0.959864
vn 0.260398 0.958836 -0.113257
f 1161/1/291 1162/2/291 1163/3/291 1164/4/291
v -1.471003 0.739381 -0.959864
v -1.639645 0.767085 -1.113006
v -1.655317 0.761099 -1.096846
v -1.486669 0.733398 -0.943697
vn -0.087605 0.958883 0.269942
f 1165/1/292 1166/2/292 1167/3/292 1168/4/292
v -1.486669 0.733398 -0.943697
v -1.655317 0.761099 -1.096846
v -1.667842 0.744743 -1.085974
v -1.499242 0.717053 -0.932863
vn -0.412132 0.702000 0.580812
f 1169/1/293 1170/2/293 1171/3/293 1172/4/293
v -1.499242 0.717053 -0.932863
v -1.667842 0.744743 -1.085974
v -1.673863 0.722400 -1.083302
v -1.505352 0.694726 -0.930265
vn -0.626228 0.257016 0.736058
f 1173/1/294 1174/2/294 1175/3/294 1176/4/294
v -1.505352 0.694726 -0.930265
v -1.673863 0.722400 -1.083302
v -1.671769 0.700057 -1.089548
v -1.503363 0.672398 -0.936599
vn -0.672524 -0.256838 0.694079
f 1177/1/295 1178/2/295 1179/3/295 1180/4/295
v -1.503363 0.672398 -0.936599
v -1.671769 0.700057 -1.089548
v -1.662119 0.683701 -1.103037
v -1.493807 0.656053 -0.950169
vn -0.538614 -0.701872 0.466123
f 1181/1/296 1182/2/296 1183/3/296 1184/4/296
v -1.493807 0.656053 -0.950169
v -1.662119 0.683701 -1.103037
v -1.647499 0.677714 -1.120155
v -1.479245 0.650071 -0.967337
vn -0.260381 -0.958838 0.113272
f 1185/1/297 1186/2/297 1187/3/297 1188/4/297
v -1.479245 0.650071 -0.967337
v -1.647499 0.677714 -1.120155
v -1.631828 0.683701 -1.136316
v -1.463579 0.656053 -0.983504
vn 0.087622 -0.958886 -0.269926
f 1189/1/298 1190/2/298 1191/3/298 1192/4/298
v -1.463579 0.656053 -0.983504
v -1.631828 0.683701 -1.136316
v -1.619303 0.700057 -1.147188
v -1.451006 0.672398 -0.994338
vn 0.412149 -0.702003 -0.580797
f 1193/1/299 1194/2/299 1195/3/299 1196/4/299
v -1.451006 0.672398 -0.994338
v -1.619303 0.700057 -1.147188
v -1.613281 0.722400 -1.149859
v -1.444896 0.694726 -0.996936
vn 0.626245 -0.257019 -0.736043
f 1197/1/300 1198/2/300 1199/3/300 1200/4/300
v -1.613281 0.722400 -1.149859
v -1.781322 0.748808 -1.303160
v -1.783516 0.771164 -1.296999
v -1.615376 0.744743 -1.143614
vn 0.673062 0.256966 -0.693510
f 1201/1/301 1202/2/301 1203/3/301 1204/4/301
v -1.615376 0.744743 -1.143614
v -1.783516 0.771164 -1.296999
v -1.793256 0.787531 -1.283587
v -1.625026 0.761099 -1.130124
vn 0.536848 0.702300 -0.467513
f 1205/1/302 1206/2/302 1207/3/302 1208/4/302
v -1.625026 0.761099 -1.130124
v -1.793256 0.787531 -1.283587
v -1.807932 0.793521 -1.266518
v -1.639645 0.767085 -1.113006
vn 0.256788 0.959451 -0.116245
f 1209/1/303 1210/2/303 1211/3/303 1212/4/303
v -1.639645 0.767085 -1.113006
v -1.807932 0.793521 -1.266518
v -1.823610 0.787531 -1.250366
v -1.655317 0.761099 -1.096846
vn -0.092075 0.959518 0.266171
f 1213/1/304 1214/2/304 1215/3/304 1216/4/304
v -1.655317 0.761099 -1.096846
v -1.823610 0.787531 -1.250366
v -1.836091 0.771164 -1.239459
v -1.667842 0.744743 -1.085974
vn -0.416264 0.702484 0.577270
f 1217/1/305 1218/2/305 1219/3/305 1220/4/305
v -1.667842 0.744743 -1.085974
v -1.836091 0.771164 -1.239459
v -1.842030 0.748808 -1.236719
v -1.673863 0.722400 -1.083302
vn -0.628914 0.257220 0.733692
f 1221/1/306 1222/2/306 1223/3/306 1224/4/306
v -1.673863 0.722400 -1.083302
v -1.842030 0.748808 -1.236719
v -1.839836 0.726451 -1.242880
v -1.671769 0.700057 -1.089548
vn -0.673046 -0.256968 0.693525
f 1225/1/307 1226/2/307 1227/3/307 1228/4/307
v -1.671769 0.700057 -1.089548
v -1.839836 0.726451 -1.242880
v -1.830096 0.710085 -1.256292
v -1.662119 0.683701 -1.103037
vn -0.536832 -0.702303 0.467528
f 1229/1/308 1230/2/308 1231/3/308 1232/4/308
v -1.662119 0.683701 -1.103037
v -1.830096 0.710085 -1.256292
v -1.815421 0.704095 -1.273361
v -1.647499 0.677714 -1.120155
vn -0.256772 -0.959454 0.116260
f 1233/1/309 1234/2/309 1235/3/309 1236/4/309
v -1.647499 0.677714 -1.120155
v -1.815421 0.704095 -1.273361
v -1.799742 0.710085 -1.289513
v -1.631828 0.683701 -1.136316
vn 0.092091 -0.959521 -0.266156
f 1237/1/310 1238/2/310 1239/3/310 1240/4/310
v -1.631828 0.683701 -1.136316
v -1.799742 0.710085 -1.289513
v -1.787261 0.726451 -1.300420
v -1.619303 0.700057 -1.147188
vn 0.416280 -0.702487 -0.577255
f 1241/1/311 1242/2/311 1243/3/311 1244/4/311
v -1.619303 0.700057 -1.147188
v -1.787261 0.726451 -1.300420
v -1.781322 0.748808 -1.303160
v -1.613281 0.722400 -1.149859
vn 0.628931 -0.257223 -0.733677
f 1245/1/312 1246/2/312 1247/3/312 1248/4/312
v -1.781322 0.748808 -1.303160
v -1.949133 0.774028 -1.456731
v -1.951419 0.796397 -1.450649
v -1.783516 0.771164 -1.296999
vn 0.673158 0.257159 -0.693345
f 1249/1/313 1250/2/313 1251/3/313 1252/4/313
v -1.783516 0.771164 -1.296999
v -1.951419 0.796397 -1.450649
v -1.961241 0.812772 -1.437308
v -1.793256 0.787531 -1.283587
vn 0.534884 0.702742 -0.469097
f 1253/1/314 1254/2/314 1255/3/314 1256/4/314
v -1.793256 0.787531 -1.283587
v -1.961241 0.812772 -1.437308
v -1.975966 0.818766 -1.420283
v -1.807932 0.793521 -1.266518
vn 0.253291 0.960024 -0.119154
f 1257/1/315 1258/2/315 1259/3/315 1260/4/315
v -1.807932 0.793521 -1.266518
v -1.975966 0.818766 -1.420283
v -1.991650 0.812772 -1.404136
v -1.823610 0.787531 -1.250366
vn -0.096169 0.960068 0.262718
f 1261/1/316 1262/2/316 1263/3/316 1264/4/316
v -1.823610 0.787531 -1.250366
v -1.991650 0.812772 -1.404136
v -2.004088 0.796397 -1.393194
v -1.836091 0.771164 -1.239459
vn -0.419858 0.702864 0.574196
f 1265/1/317 1266/2/317 1267/3/317 1268/4/317
v -1.836091 0.771164 -1.239459
v -2.004088 0.796397 -1.393194
v -2.009949 0.774028 -1.390389
v -1.842030 0.748808 -1.236719
vn -0.631047 0.257328 0.731822
f 1269/1/318 1270/2/318 1271/3/318 1272/4/318
v -1.842030 0.748808 -1.236719
v -2.009949 0.774028 -1.390389
v -2.007663 0.751659 -1.396471
v -1.839836 0.726451 -1.242880
vn -0.673144 -0.257162 0.693358
f 1273/1/319 1274/2/319 1275/3/319 1276/4/319
v -1.839836 0.726451 -1.242880
v -2.007663 0.751659 -1.396471
v -1.997841 0.735284 -1.409812
v -1.830096 0.710085 -1.256292
vn -0.534871 -0.702744 0.469109
f 1277/1/320 1278/2/320 1279/3/320 1280/4/320
v -1.830096 0.710085 -1.256292
v -1.997841 0.735284 -1.409812
v -1.983116 0.729290 -1.426837
v -1.815421 0.704095 -1.273361
vn -0.253277 -0.960026 0.119166
f 1281/1/321 1282/2/321 1283/3/321 1284/4/321
v -1.815421 0.704095 -1.273361
v -1.983116 0.729290 -1.426837
v -1.967433 0.735284 -1.442983
v -1.799742 0.710085 -1.289513
vn 0.096182 -0.960070 -0.262705
f 1285/1/322 1286/2/322 1287/3/322 1288/4/322
v -1.799742 0.710085 -1.289513
v -1.967433 0.735284 -1.442983
v -1.954994 0.751659 -1.453925
v -1.787261 0.726451 -1.300420
vn 0.419872 -0.702866 -0.574184
f 1289/1/323 1290/2/323 1291/3/323 1292/4/323
v -1.787261 0.726451 -1.300420
v -1.954994 0.751659 -1.453925
v -1.949133 0.774028 -1.456731
v -1.781322 0.748808 -1.303160
vn 0.631060 -0.257330 -0.731809
f 1293/1/324 1294/2/324 1295/3/324 1296/4/324
v -1.949133 0.774028 -1.456731
v -2.116667 0.798139 -1.610574
v -2.119043 0.820519 -1.604566
v -1.951419 0.796397 -1.450649
vn 0.673426 0.257290 -0.693037
f 1297/1/325 1298/2/325 1299/3/325 1300/4/325
v -1.951419 0.796397 -1.450649
v -2.119043 0.820519 -1.604566
v -2.128949 0.836902 -1.591297
v -1.961241 0.812772 -1.437308
vn 0.533190 0.703106 -0.470478
f 1301/1/326 1302/2/326 1303/3/326 1304/4/326
v -1.961241 0.812772 -1.437308
v -2.128949 0.836902 -1.591297
v -2.143730 0.842899 -1.574322
v -1.975966 0.818766 -1.420283
vn 0.250089 0.960524 -0.121854
f 1305/1/327 1306/2/327 1307/3/327 1308/4/327
v -1.975966 0.818766 -1.420283
v -2.143730 0.842899 -1.574322
v -2.159426 0.836902 -1.558189
v -1.991650 0.812772 -1.404136
vn -0.100021 0.960571 0.259422
f 1309/1/328 1310/2/328 1311/3/328 1312/4/328
v -1.991650 0.812772 -1.404136
v -2.159426 0.836902 -1.558189
v -2.171831 0.820519 -1.547221
v -2.004088 0.796397 -1.393194
vn -0.423327 0.703234 0.571188
f 1313/1/329 1314/2/329 1315/3/329 1316/4/329
v -2.004088 0.796397 -1.393194
v -2.171831 0.820519 -1.547221
v -2.177621 0.798139 -1.544357
v -2.009949 0.774028 -1.390389
vn -0.633203 0.257466 0.729908
f 1317/1/330 1318/2/330 1319/3/330 1320/4/330
v -2.009949 0.774028 -1.390389
v -2.177621 0.798139 -1.544357
v -2.175246 0.775759 -1.550365
v -2.007663 0.751659 -1.396471
vn -0.673409 -0.257292 0.693052
f 1321/1/331 1322/2/331 1323/3/331 1324/4/331
v -2.007663 0.751659 -1.396471
v -2.175246 0.775759 -1.550365
v -2.165340 0.759376 -1.563634
v -1.997841 0.735284 -1.409812
vn -0.533174 -0.703109 0.470493
f 1325/1/332 1326/2/332 1327/3/332 1328/4/332
v -1.997841 0.735284 -1.409812
v -2.165340 0.759376 -1.563634
v -2.150559 0.753379 -1.580609
v -1.983116 0.729290 -1.426837
vn -0.250072 -0.960527 0.121869
f 1329/1/333 1330/2/333 1331/3/333 1332/4/333
v -1.983116 0.729290 -1.426837
v -2.150559 0.753379 -1.580609
v -2.134863 0.759376 -1.596742
v -1.967433 0.735284 -1.442983
vn 0.100037 -0.960573 -0.259407
f 1333/1/334 1334/2/334 1335/3/334 1336/4/334
v -1.967433 0.735284 -1.442983
v -2.134863 0.759376 -1.596742
v -2.122458 0.775759 -1.607710
v -1.954994 0.751659 -1.453925
vn 0.423343 -0.703236 -0.571174
f 1337/1/335 1338/2/335 1339/3/335 1340/4/335
v -1.954994 0.751659 -1.453925
v -2.122458 0.775759 -1.607710
v -2.116667 0.798139 -1.610574
v -1.949133 0.774028 -1.456731
vn 0.633219 -0.257468 -0.729893
f 1341/1/336 1342/2/336 1343/3/336 1344/4/336
v -2.116667 0.798139 -1.610574
v -2.283815 0.821219 -1.764813
v -2.286276 0.843609 -1.758877
v -2.119043 0.820519 -1.604566
vn 0.674269 0.257376 -0.692184
f 1345/1/337 1346/2/337 1347/3/337 1348/4/337
v -2.119043 0.820519 -1.604566
v -2.286276 0.843609 -1.758877
v -2.296266 0.859999 -1.745681
v -2.128949 0.836902 -1.591297
vn 0.532033 0.703409 -0.471334
f 1349/1/338 1350/2/338 1351/3/338 1352/4/338
v -2.128949 0.836902 -1.591297
v -2.296266 0.859999 -1.745681
v -2.311107 0.865998 -1.728759
v -2.143730 0.842899 -1.574322
vn 0.247242 0.960962 -0.124189
f 1353/1/339 1354/2/339 1355/3/339 1356/4/339
v -2.143730 0.842899 -1.574322
v -2.311107 0.865998 -1.728759
v -2.326823 0.859999 -1.712646
v -2.159426 0.836902 -1.558189
vn -0.103795 0.961026 0.256234
f 1357/1/340 1358/2/340 1359/3/340 1360/4/340
v -2.159426 0.836902 -1.558189
v -2.326823 0.859999 -1.712646
v -2.339203 0.843609 -1.701661
v -2.171831 0.820519 -1.547221
vn -0.427017 0.703584 0.568002
f 1361/1/341 1362/2/341 1363/3/341 1364/4/341
v -2.171831 0.820519 -1.547221
v -2.339203 0.843609 -1.701661
v -2.344929 0.821219 -1.698745
v -2.177621 0.798139 -1.544357
vn -0.635818 0.257618 0.727577
f 1365/1/342 1366/2/342 1367/3/342 1368/4/342
v -2.177621 0.798139 -1.544357
v -2.344929 0.821219 -1.698745
v -2.342468 0.798829 -1.704681
v -2.175246 0.775759 -1.550365
vn -0.674251 -0.257379 0.692201
f 1369/1/343 1370/2/343 1371/3/343 1372/4/343
v -2.175246 0.775759 -1.550365
v -2.342468 0.798829 -1.704681
v -2.332479 0.782439 -1.717878
v -2.165340 0.759376 -1.563634
vn -0.532015 -0.703412 0.471351
f 1373/1/344 1374/2/344 1375/3/344 1376/4/344
v -2.165340 0.759376 -1.563634
v -2.332479 0.782439 -1.717878
v -2.317638 0.776439 -1.734800
v -2.150559 0.753379 -1.580609
vn -0.247223 -0.960965 0.124206
f 1377/1/345 1378/2/345 1379/3/345 1380/4/345
v -2.150559 0.753379 -1.580609
v -2.317638 0.776439 -1.734800
v -2.301921 0.782439 -1.750912
v -2.134863 0.759376 -1.596742
vn 0.103813 -0.961028 -0.256217
f 1381/1/346 1382/2/346 1383/3/346 1384/4/346
v -2.134863 0.759376 -1.596742
v -2.301921 0.782439 -1.750912
v -2.289542 0.798829 -1.761898
v -2.122458 0.775759 -1.607710
vn 0.427035 -0.703587 -0.567985
f 1385/1/347 1386/2/347 1387/3/347 1388/4/347
v -2.122458 0.775759 -1.607710
v -2.289542 0.798829 -1.761898
v -2.283815 0.821219 -1.764813
v -2.116667 0.798139 -1.610574
vn 0.635837 -0.257620 -0.727560
f 1389/1/348 1390/2/348 1391/3/348 1392/4/348
v -2.283815 0.821219 -1.764813
v -2.450592 0.843346 -1.919460
v -2.453132 0.865744 -1.913590
v -2.286276 0.843609 -1.758877
vn 0.675158 0.257488 -0.691275
f 1393/1/349 1394/2/349 1395/3/349 1396/4/349
v -2.286276 0.843609 -1.758877
v -2.453132 0.865744 -1.913590
v -2.463200 0.882141 -1.900461
v -2.296266 0.859999 -1.745681
vn 0.531030 0.703703 -0.472027
f 1397/1/350 1398/2/350 1399/3/350 1400/4/350
v -2.296266 0.859999 -1.745681
v -2.463200 0.882141 -1.900461
v -2.478098 0.888143 -1.883590
v -2.311107 0.865998 -1.728759
vn 0.244614 0.961360 -0.126297
f 1401/1/351 1402/2/351 1403/3/351 1404/4/351
v -2.311107 0.865998 -1.728759
v -2.478098 0.888143 -1.883590
v -2.493834 0.882141 -1.867498
v -2.326823 0.859999 -1.712646
vn -0.107342 0.961420 0.253276
f 1405/1/352 1406/2/352 1407/3/352 1408/4/352
v -2.326823 0.859999 -1.712646
v -2.493834 0.882141 -1.867498
v -2.506192 0.865744 -1.856497
v -2.339203 0.843609 -1.701661
vn -0.430534 0.703870 0.564985
f 1409/1/353 1410/2/353 1411/3/353 1412/4/353
v -2.339203 0.843609 -1.701661
v -2.506192 0.865744 -1.856497
v -2.511860 0.843346 -1.853534
v -2.344929 0.821219 -1.698745
vn -0.638363 0.257718 0.725310
f 1413/1/354 1414/2/354 1415/3/354 1416/4/354
v -2.344929 0.821219 -1.698745
v -2.511860 0.843346 -1.853534
v -2.509320 0.820947 -1.859404
v -2.342468 0.798829 -1.704681
vn -0.675141 -0.257491 0.691291
f 1417/1/355 1418/2/355 1419/3/355 1420/4/355
v -2.342468 0.798829 -1.704681
v -2.509320 0.820947 -1.859404
v -2.499252 0.804550 -1.872533
v -2.332479 0.782439 -1.717878
vn -0.531013 -0.703706 0.472042
f 1421/1/356 1422/2/356 1423/3/356 1424/4/356
v -2.332479 0.782439 -1.717878
v -2.499252 0.804550 -1.872533
v -2.484354 0.798549 -1.889404
v -2.317638 0.776439 -1.734800
vn -0.244598 -0.961362 0.126312
f 1425/1/357 1426/2/357 1427/3/357 1428/4/357
v -2.317638 0.776439 -1.734800
v -2.484354 0.798549 -1.889404
v -2.468618 0.804550 -1.905496
v -2.301921 0.782439 -1.750912
vn 0.107359 -0.961423 -0.253260
f 1429/1/358 1430/2/358 1431/3/358 1432/4/358
v -2.301921 0.782439 -1.750912
v -2.468618 0.804550 -1.905496
v -2.456260 0.820947 -1.916497
v -2.289542 0.798829 -1.761898
vn 0.430550 -0.703872 -0.564969
f 1433/1/359 1434/2/359 1435/3/359 1436/4/359
v -2.289542 0.798829 -1.761898
v -2.456260 0.820947 -1.916497
v -2.450592 0.843346 -1.919460
v -2.283815 0.821219 -1.764813
vn 0.638379 -0.257720 -0.725294
f 1437/1/360 1438/2/360 1439/3/360 1440/4/360
v -2.450592 0.843346 -1.919460
v -2.617019 0.864598 -2.074480
v -2.619632 0.887004 -2.068672
v -2.453132 0.865744 -1.913590
vn 0.675994 0.257594 -0.690419
f 1441/1/361 1442/2/361 1443/3/361 1444/4/361
v -2.453132 0.865744 -1.913590
v -2.619632 0.887004 -2.068672
v -2.629775 0.903407 -2.055608
v -2.463200 0.882141 -1.900461
vn 0.530124 0.703968 -0.472650
f 1445/1/362 1446/2/362 1447/3/362 1448/4/362
v -2.463200 0.882141 -1.900461
v -2.629775 0.903407 -2.055608
v -2.644729 0.909410 -2.038787
v -2.478098 0.888143 -1.883590
vn 0.242210 0.961712 -0.128233
f 1449/1/363 1450/2/363 1451/3/363 1452/4/363
v -2.478098 0.888143 -1.883590
v -2.644729 0.909410 -2.038787
v -2.660487 0.903407 -2.022718
v -2.493834 0.882141 -1.867498
vn -0.110601 0.961766 0.250545
f 1453/1/364 1454/2/364 1455/3/364 1456/4/364
v -2.493834 0.882141 -1.867498
v -2.660487 0.903407 -2.022718
v -2.672828 0.887004 -2.011705
v -2.506192 0.865744 -1.856497
vn -0.433774 0.704117 0.562192
f 1457/1/365 1458/2/365 1459/3/365 1460/4/365
v -2.506192 0.865744 -1.856497
v -2.672828 0.887004 -2.011705
v -2.678443 0.864598 -2.008700
v -2.511860 0.843346 -1.853534
vn -0.640716 0.257799 0.723203
f 1461/1/366 1462/2/366 1463/3/366 1464/4/366
v -2.511860 0.843346 -1.853534
v -2.678443 0.864598 -2.008700
v -2.675829 0.842192 -2.014508
v -2.509320 0.820947 -1.859404
vn -0.675977 -0.257596 0.690434
f 1465/1/367 1466/2/367 1467/3/367 1468/4/367
v -2.509320 0.820947 -1.859404
v -2.675829 0.842192 -2.014508
v -2.665687 0.825790 -2.027573
v -2.499252 0.804550 -1.872533
vn -0.530108 -0.703970 0.472665
f 1469/1/368 1470/2/368 1471/3/368 1472/4/368
v -2.499252 0.804550 -1.872533
v -2.665687 0.825790 -2.027573
v -2.650733 0.819786 -2.044393
v -2.484354 0.798549 -1.889404
vn -0.242194 -0.961714 0.128248
f 1473/1/369 1474/2/369 1475/3/369 1476/4/369
v -2.484354 0.798549 -1.889404
v -2.650733 0.819786 -2.044393
v -2.634974 0.825790 -2.060463
v -2.468618 0.804550 -1.905496
vn 0.110617 -0.961768 -0.250530
f 1477/1/370 1478/2/370 1479/3/370 1480/4/370
v -2.468618 0.804550 -1.905496
v -2.634974 0.825790 -2.060463
v -2.622634 0.842192 -2.071475
v -2.456260 0.820947 -1.916497
vn 0.433790 -0.704119 -0.562177
f 1481/1/371 1482/2/371 1483/3/371 1484/4/371
v -2.456260 0.820947 -1.916497
v -2.622634 0.842192 -2.071475
v -2.617019 0.864598 -2.074480
v -2.450592 0.843346 -1.919460
vn 0.640733 -0.257801 -0.723187
f 1485/1/372 1486/2/372 1487/3/372 1488/4/372
v -2.617019 0.864598 -2.074480
v -2.783051 0.885054 -2.229906
v -2.785734 0.907467 -2.224156
v -2.619632 0.887004 -2.068672
vn 0.677056 0.257670 -0.689349
f 1489/1/373 1490/2/373 1491/3/373 1492/4/373
v -2.619632 0.887004 -2.068672
v -2.785734 0.907467 -2.224156
v -2.795951 0.923874 -2.211155
v -2.629775 0.903407 -2.055608
vn 0.529517 0.704187 -0.473004
f 1493/1/374 1494/2/374 1495/3/374 1496/4/374
v -2.629775 0.903407 -2.055608
v -2.795951 0.923874 -2.211155
v -2.810963 0.929880 -2.194387
v -2.644729 0.909410 -2.038787
vn 0.240096 0.962016 -0.129916
f 1497/1/375 1498/2/375 1499/3/375 1500/4/375
v -2.644729 0.909410 -2.038787
v -2.810963 0.929880 -2.194387
v -2.826749 0.923874 -2.178345
v -2.660487 0.903407 -2.022718
vn -0.113655 0.962074 0.247985
f 1501/1/376 1502/2/376 1503/3/376 1504/4/376
v -2.660487 0.903407 -2.022718
v -2.826749 0.923874 -2.178345
v -2.839079 0.907467 -2.167328
v -2.672828 0.887004 -2.011705
vn -0.436950 0.704345 0.559440
f 1505/1/377 1506/2/377 1507/3/377 1508/4/377
v -2.672828 0.887004 -2.011705
v -2.839079 0.907467 -2.167328
v -2.844648 0.885054 -2.164287
v -2.678443 0.864598 -2.008700
vn -0.643163 0.257888 0.720996
f 1509/1/378 1510/2/378 1511/3/378 1512/4/378
v -2.678443 0.864598 -2.008700
v -2.844648 0.885054 -2.164287
v -2.841965 0.862641 -2.170038
v -2.675829 0.842192 -2.014508
vn -0.677039 -0.257672 0.689365
f 1513/1/379 1514/2/379 1515/3/379 1516/4/379
v -2.675829 0.842192 -2.014508
v -2.841965 0.862641 -2.170038
v -2.831749 0.846234 -2.183038
v -2.665687 0.825790 -2.027573
vn -0.529499 -0.704189 0.473020
f 1517/1/380 1518/2/380 1519/3/380 1520/4/380
v -2.665687 0.825790 -2.027573
v -2.831749 0.846234 -2.183038
v -2.816736 0.840229 -2.199806
v -2.650733 0.819786 -2.044393
vn -0.240079 -0.962019 0.129932
f 1521/1/381 1522/2/381 1523/3/381 1524/4/381
v -2.650733 0.819786 -2.044393
v -2.816736 0.840229 -2.199806
v -2.800950 0.846234 -2.215848
v -2.634974 0.825790 -2.060463
vn 0.113673 -0.962076 -0.247968
f 1525/1/382 1526/2/382 1527/3/382 1528/4/382
v -2.634974 0.825790 -2.060463
v -2.800950 0.846234 -2.215848
v -2.788621 0.862641 -2.226865
v -2.622634 0.842192 -2.071475
vn 0.436967 -0.704347 -0.559423
f 1529/1/383 1530/2/383 1531/3/383 1532/4/383
v -2.622634 0.842192 -2.071475
v -2.788621 0.862641 -2.226865
v -2.783051 0.885054 -2.229906
v -2.617019 0.864598 -2.074480
vn 0.643180 -0.257890 -0.720980
f 1533/1/384 1534/2/384 1535/3/384 1536/4/384
v -2.783051 0.885054 -2.229906
v -2.948643 0.904792 -2.385775
v -2.951391 0.927211 -2.380079
v -2.785734 0.907467 -2.224156
vn 0.678364 0.257733 -0.688038
f 1537/1/385 1538/2/385 1539/3/385 1540/4/385
v -2.785734 0.907467 -2.224156
v -2.951391 0.927211 -2.380079
v -2.961682 0.943622 -2.367142
v -2.795951 0.923874 -2.211155
vn 0.529215 0.704376 -0.473060
f 1541/1/386 1542/2/386 1543/3/386 1544/4/386
v -2.795951 0.923874 -2.211155
v -2.961682 0.943622 -2.367142
v -2.976759 0.949629 -2.350432
v -2.810963 0.929880 -2.194387
vn 0.238265 0.962280 -0.131324
f 1545/1/387 1546/2/387 1547/3/387 1548/4/387
v -2.810963 0.929880 -2.194387
v -2.976759 0.949629 -2.350432
v -2.992580 0.943622 -2.334427
v -2.826749 0.923874 -2.178345
vn -0.116524 0.962342 0.245602
f 1549/1/388 1550/2/388 1551/3/388 1552/4/388
v -2.826749 0.923874 -2.178345
v -2.992580 0.943622 -2.334427
v -3.004908 0.927211 -2.323413
v -2.839079 0.907467 -2.167328
vn -0.440088 0.704545 0.556721
f 1553/1/389 1554/2/389 1555/3/389 1556/4/389
v -2.839079 0.907467 -2.167328
v -3.004908 0.927211 -2.323413
v -3.010438 0.904792 -2.320344
v -2.844648 0.885054 -2.164287
vn -0.645729 0.257966 0.718671
f 1557/1/390 1558/2/390 1559/3/390 1560/4/390
v -2.844648 0.885054 -2.164287
v -3.010438 0.904792 -2.320344
v -3.007690 0.882374 -2.326041
v -2.841965 0.862641 -2.170038
vn -0.678345 -0.257736 0.688056
f 1561/1/391 1562/2/391 1563/3/391 1564/4/391
v -2.841965 0.862641 -2.170038
v -3.007690 0.882374 -2.326041
v -2.997398 0.865962 -2.338977
v -2.831749 0.846234 -2.183038
vn -0.529195 -0.704378 0.473079
f 1565/1/392 1566/2/392 1567/3/392 1568/4/392
v -2.831749 0.846234 -2.183038
v -2.997398 0.865962 -2.338977
v -2.982322 0.859955 -2.355687
v -2.816736 0.840229 -2.199806
vn -0.238246 -0.962283 0.131343
f 1569/1/393 1570/2/393 1571/3/393 1572/4/393
v -2.816736 0.840229 -2.199806
v -2.982322 0.859955 -2.355687
v -2.966501 0.865962 -2.371693
v -2.800950 0.846234 -2.215848
vn 0.116544 -0.962344 -0.245584
f 1573/1/394 1574/2/394 1575/3/394 1576/4/394
v -2.800950 0.846234 -2.215848
v -2.966501 0.865962 -2.371693
v -2.954173 0.882374 -2.382706
v -2.788621 0.862641 -2.226865
vn 0.440108 -0.704547 -0.556703
f 1577/1/395 1578/2/395 1579/3/395 1580/4/395
v -2.788621 0.862641 -2.226865
v -2.954173 0.882374 -2.382706
v -2.948643 0.904792 -2.385775
v -2.783051 0.885054 -2.229906
vn 0.645748 -0.257968 -0.718653
f 1581/1/396 1582/2/396 1583/3/396 1584/4/396
v -2.948643 0.904792 -2.385775
v -3.113699 0.923890 -2.542181
v -3.116510 0.946314 -2.536535
v -2.951391 0.927211 -2.380079
vn 0.680133 0.257775 -0.686274
f 1585/1/397 1586/2/397 1587/3/397 1588/4/397
v -2.951391 0.927211 -2.380079
v -3.116510 0.946314 -2.536535
v -3.126878 0.962729 -2.523664
v -2.961682 0.943622 -2.367142
vn 0.529370 0.704529 -0.472659
f 1589/1/398 1590/2/398 1591/3/398 1592/4/398
v -2.961682 0.943622 -2.367142
v -3.126878 0.962729 -2.523664
v -3.142023 0.968737 -2.507018
v -2.976759 0.949629 -2.350432
vn 0.236766 0.962504 -0.132392
f 1593/1/399 1594/2/399 1595/3/399 1596/4/399
v -2.976759 0.949629 -2.350432
v -3.142023 0.968737 -2.507018
v -3.157889 0.962729 -2.491056
v -2.992580 0.943622 -2.334427
vn -0.119277 0.962576 0.243352
f 1597/1/400 1598/2/400 1599/3/400 1600/4/400
v -2.992580 0.943622 -2.334427
v -3.157889 0.962729 -2.491056
v -3.170224 0.946314 -2.480056
v -3.004908 0.927211 -2.323413
vn -0.443356 0.704727 0.553892
f 1601/1/401 1602/2/401 1603/3/401 1604/4/401
v -3.004908 0.927211 -2.323413
v -3.170224 0.946314 -2.480056
v -3.175723 0.923890 -2.476966
v -3.010438 0.904792 -2.320344
vn -0.648635 0.258047 0.716020
f 1605/1/402 1606/2/402 1607/3/402 1608/4/402
v -3.010438 0.904792 -2.320344
v -3.175723 0.923890 -2.476966
v -3.172912 0.901467 -2.482612
v -3.007690 0.882374 -2.326041
vn -0.680111 -0.257777 0.686294
f 1609/1/403 1610/2/403 1611/3/403 1612/4/403
v -3.007690 0.882374 -2.326041
v -3.172912 0.901467 -2.482612
v -3.162544 0.885052 -2.495483
v -2.997398 0.865962 -2.338977
vn -0.529349 -0.704531 0.472679
f 1613/1/404 1614/2/404 1615/3/404 1616/4/404
v -2.997398 0.865962 -2.338977
v -3.162544 0.885052 -2.495483
v -3.147398 0.879043 -2.512129
v -2.982322 0.859955 -2.355687
vn -0.236744 -0.962507 0.132412
f 1617/1/405 1618/2/405 1619/3/405 1620/4/405
v -2.982322 0.859955 -2.355687
v -3.147398 0.879043 -2.512129
v -3.131532 0.885052 -2.528091
v -2.966501 0.865962 -2.371693
vn 0.119298 -0.962579 -0.243332
f 1621/1/406 1622/2/406 1623/3/406 1624/4/406
v -2.966501 0.865962 -2.371693
v -3.131532 0.885052 -2.528091
v -3.119198 0.901467 -2.539091
v -2.954173 0.882374 -2.382706
vn 0.443377 -0.704729 -0.553871
f 1625/1/407 1626/2/407 1627/3/407 1628/4/407
v -2.954173 0.882374 -2.382706
v -3.119198 0.901467 -2.539091
v -3.113699 0.923890 -2.542181
v -2.948643 0.904792 -2.385775
vn 0.648657 -0.258049 -0.715999
f 1629/1/408 1630/2/408 1631/3/408 1632/4/408
v -3.113699 0.923890 -2.542181
v -3.278178 0.942427 -2.699182
v -3.281047 0.964855 -2.693581
v -3.116510 0.946314 -2.536535
vn 0.682175 0.257818 -0.684227
f 1633/1/409 1634/2/409 1635/3/409 1636/4/409
v -3.116510 0.946314 -2.536535
v -3.281047 0.964855 -2.693581
v -3.291488 0.981273 -2.680775
v -3.126878 0.962729 -2.523664
vn 0.529846 0.704665 -0.471922
f 1637/1/410 1638/2/410 1639/3/410 1640/4/410
v -3.126878 0.962729 -2.523664
v -3.291488 0.981273 -2.680775
v -3.306705 0.987283 -2.664194
v -3.142023 0.968737 -2.507018
vn 0.235547 0.962697 -0.133162
f 1641/1/411 1642/2/411 1643/3/411 1644/4/411
v -3.142023 0.968737 -2.507018
v -3.306705 0.987283 -2.664194
v -3.322620 0.981273 -2.648281
v -3.157889 0.962729 -2.491056
vn -0.121864 0.962773 0.241281
f 1645/1/412 1646/2/412 1647/3/412 1648/4/412
v -3.157889 0.962729 -2.491056
v -3.322620 0.981273 -2.648281
v -3.334968 0.964855 -2.637301
v -3.170224 0.946314 -2.480056
vn -0.446617 0.704876 0.551075
f 1649/1/413 1650/2/413 1651/3/413 1652/4/413
v -3.170224 0.946314 -2.480056
v -3.334968 0.964855 -2.637301
v -3.340441 0.942427 -2.634195
v -3.175723 0.923890 -2.476966
vn -0.651697 0.258108 0.713212
f 1653/1/414 1654/2/414 1655/3/414 1656/4/414
v -3.175723 0.923890 -2.476966
v -3.340441 0.942427 -2.634195
v -3.337572 0.920000 -2.639796
v -3.172912 0.901467 -2.482612
vn -0.682153 -0.257821 0.684248
f 1657/1/415 1658/2/415 1659/3/415 1660/4/415
v -3.172912 0.901467 -2.482612
v -3.337572 0.920000 -2.639796
v -3.327130 0.903582 -2.652603
v -3.162544 0.885052 -2.495483
vn -0.529824 -0.704668 0.471943
f 1661/1/416 1662/2/416 1663/3/416 1664/4/416
v -3.162544 0.885052 -2.495483
v -3.327130 0.903582 -2.652603
v -3.311913 0.897572 -2.669184
v -3.147398 0.879043 -2.512129
vn -0.235525 -0.962700 0.133183
f 1665/1/417 1666/2/417 1667/3/417 1668/4/417
v -3.147398 0.879043 -2.512129
v -3.311913 0.897572 -2.669184
v -3.295999 0.903582 -2.685096
v -3.131532 0.885052 -2.528091
vn 0.121886 -0.962776 -0.241260
f 1669/1/418 1670/2/418 1671/3/418 1672/4/418
v -3.131532 0.885052 -2.528091
v -3.295999 0.903582 -2.685096
v -3.283651 0.920000 -2.696076
v -3.119198 0.901467 -2.539091
vn 0.446639 -0.704878 -0.551054
f 1673/1/419 1674/2/419 1675/3/419 1676/4/419
v -3.119198 0.901467 -2.539091
v -3.283651 0.920000 -2.696076
v -3.278178 0.942427 -2.699182
v -3.113699 0.923890 -2.542181
vn 0.651719 -0.258110 -0.713191
f 1677/1/420 1678/2/420 1679/3/420 1680/4/420
v -3.278178 0.942427 -2.699182
v -3.442065 0.960481 -2.856784
v -3.444987 0.982912 -2.851224
v -3.281047 0.964855 -2.693581
vn 0.684316 0.257864 -0.682069
f 1681/1/421 1682/2/421 1683/3/421 1684/4/421
v -3.281047 0.964855 -2.693581
v -3.444987 0.982912 -2.851224
v -3.455502 0.999333 -2.838481
v -3.291488 0.981273 -2.680775
vn 0.530521 0.704786 -0.470983
f 1685/1/422 1686/2/422 1687/3/422 1688/4/422
v -3.291488 0.981273 -2.680775
v -3.455502 0.999333 -2.838481
v -3.470792 1.005343 -2.821968
v -3.306705 0.987283 -2.664194
vn 0.234575 0.962861 -0.133694
f 1689/1/423 1690/2/423 1691/3/423 1692/4/423
v -3.306705 0.987283 -2.664194
v -3.470792 1.005343 -2.821968
v -3.486761 0.999333 -2.806110
v -3.322620 0.981273 -2.648281
vn -0.124222 0.962936 0.239421
f 1693/1/424 1694/2/424 1695/3/424 1696/4/424
v -3.322620 0.981273 -2.648281
v -3.486761 0.999333 -2.806110
v -3.499129 0.982912 -2.795156
v -3.334968 0.964855 -2.637301
vn -0.449730 0.704994 0.548385
f 1697/1/425 1698/2/425 1699/3/425 1700/4/425
v -3.334968 0.964855 -2.637301
v -3.499129 0.982912 -2.795156
v -3.504583 0.960481 -2.792042
v -3.340441 0.942427 -2.634195
vn -0.654730 0.258150 0.710413
f 1701/1/426 1702/2/426 1703/3/426 1704/4/426
v -3.340441 0.942427 -2.634195
v -3.504583 0.960481 -2.792042
v -3.501661 0.938050 -2.797601
v -3.337572 0.920000 -2.639796
vn -0.684294 -0.257866 0.682090
f 1705/1/427 1706/2/427 1707/3/427 1708/4/427
v -3.337572 0.920000 -2.639796
v -3.501661 0.938050 -2.797601
v -3.491146 0.921629 -2.810345
v -3.327130 0.903582 -2.652603
vn -0.530498 -0.704788 0.471005
f 1709/1/428 1710/2/428 1711/3/428 1712/4/428
v -3.327130 0.903582 -2.652603
v -3.491146 0.921629 -2.810345
v -3.475856 0.915619 -2.826858
v -3.311913 0.897572 -2.669184
vn -0.234552 -0.962863 0.133716
f 1713/1/429 1714/2/429 1715/3/429 1716/4/429
v -3.311913 0.897572 -2.669184
v -3.475856 0.915619 -2.826858
v -3.459887 0.921629 -2.842716
v -3.295999 0.903582 -2.685096
vn 0.124245 -0.962939 -0.239399
f 1717/1/430 1718/2/430 1719/3/430 1720/4/430
v -3.295999 0.903582 -2.685096
v -3.459887 0.921629 -2.842716
v -3.447519 0.938050 -2.853669
v -3.283651 0.920000 -2.696076
vn 0.449753 -0.704997 -0.548363
f 1721/1/431 1722/2/431 1723/3/431 1724/4/431
v -3.283651 0.920000 -2.696076
v -3.447519 0.938050 -2.853669
v -3.442065 0.960481 -2.856784
v -3.278178 0.942427 -2.699182
vn 0.654753 -0.258152 -0.710392
f 1725/1/432 1726/2/432 1727/3/432 1728/4/432
v -3.442065 0.960481 -2.856784
v -3.605281 0.978130 -3.015049
v -3.608253 1.000564 -3.009528
v -3.444987 0.982912 -2.851224
vn 0.686818 0.257886 -0.679541
f 1729/1/433 1730/2/433 1731/3/433 1732/4/433
v -3.444987 0.982912 -2.851224
v -3.608253 1.000564 -3.009528
v -3.618843 1.016987 -2.996849
v -3.455502 0.999333 -2.838481
vn 0.531584 0.704874 -0.469650
f 1733/1/434 1734/2/434 1735/3/434 1736/4/434
v -3.455502 0.999333 -2.838481
v -3.618843 1.016987 -2.996849
v -3.634212 1.022998 -2.980411
v -3.470792 1.005343 -2.821968
vn 0.233916 0.962991 -0.133913
f 1737/1/435 1738/2/435 1739/3/435 1740/4/435
v -3.470792 1.005343 -2.821968
v -3.634212 1.022998 -2.980411
v -3.650244 1.016987 -2.964617
v -3.486761 0.999333 -2.806110
vn -0.126427 0.963073 0.237709
f 1741/1/436 1742/2/436 1743/3/436 1744/4/436
v -3.486761 0.999333 -2.806110
v -3.650244 1.016987 -2.964617
v -3.662642 1.000564 -2.953699
v -3.499129 0.982912 -2.795156
vn -0.452890 0.705101 0.545640
f 1745/1/437 1746/2/437 1747/3/437 1748/4/437
v -3.499129 0.982912 -2.795156
v -3.662642 1.000564 -2.953699
v -3.668084 0.978130 -2.950584
v -3.504583 0.960481 -2.792042
vn -0.657997 0.258198 0.707370
f 1749/1/438 1750/2/438 1751/3/438 1752/4/438
v -3.504583 0.960481 -2.792042
v -3.668084 0.978130 -2.950584
v -3.665111 0.955696 -2.956105
v -3.501661 0.938050 -2.797601
vn -0.686793 -0.257889 0.679565
f 1753/1/439 1754/2/439 1755/3/439 1756/4/439
v -3.501661 0.938050 -2.797601
v -3.665111 0.955696 -2.956105
v -3.654522 0.939273 -2.968784
v -3.491146 0.921629 -2.810345
vn -0.531559 -0.704876 0.469674
f 1757/1/440 1758/2/440 1759/3/440 1760/4/440
v -3.491146 0.921629 -2.810345
v -3.654522 0.939273 -2.968784
v -3.639152 0.933262 -2.985223
v -3.475856 0.915619 -2.826858
vn -0.233891 -0.962993 0.133937
f 1761/1/441 1762/2/441 1763/3/441 1764/4/441
v -3.475856 0.915619 -2.826858
v -3.639152 0.933262 -2.985223
v -3.623120 0.939273 -3.001017
v -3.459887 0.921629 -2.842716
vn 0.126452 -0.963076 -0.237685
f 1765/1/442 1766/2/442 1767/3/442 1768/4/442
v -3.459887 0.921629 -2.842716
v -3.623120 0.939273 -3.001017
v -3.610722 0.955696 -3.011934
v -3.447519 0.938050 -2.853669
vn 0.452914 -0.705104 -0.545616
f 1769/1/443 1770/2/443 1771/3/443 1772/4/443
v -3.447519 0.938050 -2.853669
v -3.610722 0.955696 -3.011934
v -3.605281 0.978130 -3.015049
v -3.442065 0.960481 -2.856784
vn 0.658022 -0.258201 -0.707346
f 1773/1/444 1774/2/444 1775/3/444 1776/4/444
v -3.605281 0.978130 -3.015049
v -3.767738 0.995452 -3.174058
v -3.770757 1.017888 -3.168571
v -3.608253 1.000564 -3.009528
vn 0.689723 0.257898 -0.676587
f 1777/1/445 1778/2/445 1779/3/445 1780/4/445
v -3.608253 1.000564 -3.009528
v -3.770757 1.017888 -3.168571
v -3.781425 1.034313 -3.155959
v -3.618843 1.016987 -2.996849
vn 0.533061 0.704939 -0.467875
f 1781/1/446 1782/2/446 1783/3/446 1784/4/446
v -3.618843 1.016987 -2.996849
v -3.781425 1.034313 -3.155959
v -3.796881 1.040324 -3.139603
v -3.634212 1.022998 -2.980411
vn 0.233569 0.963092 -0.133791
f 1785/1/447 1786/2/447 1787/3/447 1788/4/447
v -3.634212 1.022998 -2.980411
v -3.796881 1.040324 -3.139603
v -3.812986 1.034313 -3.123883
v -3.650244 1.016987 -2.964617
vn -0.128505 0.963183 0.236146
f 1789/1/448 1790/2/448 1791/3/448 1792/4/448
v -3.650244 1.016987 -2.964617
v -3.812986 1.034313 -3.123883
v -3.825423 1.017888 -3.113013
v -3.662642 1.000564 -2.953699
vn -0.456141 0.705190 0.542810
f 1793/1/449 1794/2/449 1795/3/449 1796/4/449
v -3.662642 1.000564 -2.953699
v -3.825423 1.017888 -3.113013
v -3.830860 0.995452 -3.109905
v -3.668084 0.978130 -2.950584
vn -0.661551 0.258242 0.704032
f 1797/1/450 1798/2/450 1799/3/450 1800/4/450
v -3.668084 0.978130 -2.950584
v -3.830860 0.995452 -3.109905
v -3.827841 0.973016 -3.115392
v -3.665111 0.955696 -2.956105
vn -0.689696 -0.257901 0.676614
f 1801/1/451 1802/2/451 1803/3/451 1804/4/451
v -3.665111 0.955696 -2.956105
v -3.827841 0.973016 -3.115392
v -3.817173 0.956592 -3.128003
v -3.654522 0.939273 -2.968784
vn -0.533034 -0.704942 0.467901
f 1805/1/452 1806/2/452 1807/3/452 1808/4/452
v -3.654522 0.939273 -2.968784
v -3.817173 0.956592 -3.128003
v -3.801716 0.950580 -3.144360
v -3.639152 0.933262 -2.985223
vn -0.233542 -0.963095 0.133818
f 1809/1/453 1810/2/453 1811/3/453 1812/4/453
v -3.639152 0.933262 -2.985223
v -3.801716 0.950580 -3.144360
v -3.785612 0.956592 -3.160079
v -3.623120 0.939273 -3.001017
vn 0.128532 -0.963186 -0.236119
f 1813/1/454 1814/2/454 1815/3/454 1816/4/454
v -3.623120 0.939273 -3.001017
v -3.785612 0.956592 -3.160079
v -3.773175 0.973016 -3.170949
v -3.610722 0.955696 -3.011934
vn 0.456168 -0.705193 -0.542783
f 1817/1/455 1818/2/455 1819/3/455 1820/4/455
v -3.610722 0.955696 -3.011934
v -3.773175 0.973016 -3.170949
v -3.767738 0.995452 -3.174058
v -3.605281 0.978130 -3.015049
vn 0.661578 -0.258245 -0.704005
f 1821/1/456 1822/2/456 1823/3/456 1824/4/456
v -3.767738 0.995452 -3.174058
v -3.929332 1.012527 -3.333899
v -3.932397 1.034964 -3.328444
v -3.770757 1.017888 -3.168571
vn 0.693088 0.257900 -0.673140
f 1825/1/457 1826/2/457 1827/3/457 1828/4/457
v -3.770757 1.017888 -3.168571
v -3.932397 1.034964 -3.328444
v -3.943146 1.051389 -3.315904
v -3.781425 1.034313 -3.155959
vn 0.534989 0.704982 -0.465604
f 1829/1/458 1830/2/458 1831/3/458 1832/4/458
v -3.781425 1.034313 -3.155959
v -3.943146 1.051389 -3.315904
v -3.958699 1.057402 -3.299638
v -3.796881 1.040324 -3.139603
vn 0.233544 0.963165 -0.133305
f 1833/1/459 1834/2/459 1835/3/459 1836/4/459
v -3.796881 1.040324 -3.139603
v -3.958699 1.057402 -3.299638
v -3.974888 1.051389 -3.284006
v -3.812986 1.034313 -3.123883
vn -0.130476 0.963267 0.234718
f 1837/1/460 1838/2/460 1839/3/460 1840/4/460
v -3.812986 1.034313 -3.123883
v -3.974888 1.051389 -3.284006
v -3.987375 1.034964 -3.273195
v -3.825423 1.017888 -3.113013
vn -0.459530 0.705261 0.539851
f 1841/1/461 1842/2/461 1843/3/461 1844/4/461
v -3.825423 1.017888 -3.113013
v -3.987375 1.034964 -3.273195
v -3.992815 1.012527 -3.270103
v -3.830860 0.995452 -3.109905
vn -0.665448 0.258282 0.700335
f 1845/1/462 1846/2/462 1847/3/462 1848/4/462
v -3.830860 0.995452 -3.109905
v -3.992815 1.012527 -3.270103
v -3.989750 0.990089 -3.275559
v -3.827841 0.973016 -3.115392
vn -0.693057 -0.257903 0.673170
f 1849/1/463 1850/2/463 1851/3/463 1852/4/463
v -3.827841 0.973016 -3.115392
v -3.989750 0.990089 -3.275559
v -3.979001 0.973664 -3.288099
v -3.817173 0.956592 -3.128003
vn -0.534959 -0.704985 0.465634
f 1853/1/464 1854/2/464 1855/3/464 1856/4/464
v -3.817173 0.956592 -3.128003
v -3.979001 0.973664 -3.288099
v -3.963449 0.967651 -3.304365
v -3.801716 0.950580 -3.144360
vn -0.233513 -0.963168 0.133335
f 1857/1/465 1858/2/465 1859/3/465 1860/4/465
v -3.801716 0.950580 -3.144360
v -3.963449 0.967651 -3.304365
v -3.947260 0.973664 -3.319997
v -3.785612 0.956592 -3.160079
vn 0.130506 -0.963270 -0.234688
f 1861/1/466 1862/2/466 1863/3/466 1864/4/466
v -3.785612 0.956592 -3.160079
v -3.947260 0.973664 -3.319997
v -3.934772 0.990089 -3.330808
v -3.773175 0.973016 -3.170949
vn 0.459560 -0.705265 -0.539821
f 1865/1/467 1866/2/467 1867/3/467 1868/4/467
v -3.773175 0.973016 -3.170949
v -3.934772 0.990089 -3.330808
v -3.929332 1.012527 -3.333899
v -3.767738 0.995452 -3.174058
vn 0.665478 -0.258286 -0.700305
f 1869/1/468 1870/2/468 1871/3/468 1872/4/468
v -3.929332 1.012527 -3.333899
v -4.089942 1.029431 -3.494681
v -4.093051 1.051869 -3.489255
v -3.932397 1.034964 -3.328444
vn 0.696977 0.257890 -0.669116
f 1873/1/469 1874/2/469 1875/3/469 1876/4/469
v -3.932397 1.034964 -3.328444
v -4.093051 1.051869 -3.489255
v -4.103887 1.068295 -3.476790
v -3.943146 1.051389 -3.315904
vn 0.537412 0.705003 -0.462773
f 1877/1/470 1878/2/470 1879/3/470 1880/4/470
v -3.943146 1.051389 -3.315904
v -4.103887 1.068295 -3.476790
v -4.119546 1.074308 -3.460627
v -3.958699 1.057402 -3.299638
vn 0.233851 0.963212 -0.132425
f 1881/1/471 1882/2/471 1883/3/471 1884/4/471
v -3.958699 1.057402 -3.299638
v -4.119546 1.074308 -3.460627
v -4.135832 1.068295 -3.445097
v -3.974888 1.051389 -3.284006
vn -0.132366 0.963327 0.233412
f 1885/1/472 1886/2/472 1887/3/472 1888/4/472
v -3.974888 1.051389 -3.284006
v -4.135832 1.068295 -3.445097
v -4.148382 1.051869 -3.434360
v -3.987375 1.034964 -3.273195
vn -0.463110 0.705317 0.536709
f 1889/1/473 1890/2/473 1891/3/473 1892/4/473
v -3.987375 1.034964 -3.273195
v -4.148382 1.051869 -3.434360
v -4.153833 1.029431 -3.431294
v -3.992815 1.012527 -3.270103
vn -0.669759 0.258320 0.696199
f 1893/1/474 1894/2/474 1895/3/474 1896/4/474
v -3.992815 1.012527 -3.270103
v -4.153833 1.029431 -3.431294
v -4.150724 1.006992 -3.436720
v -3.989750 0.990089 -3.275559
vn -0.696943 -0.257894 0.669150
f 1897/1/475 1898/2/475 1899/3/475 1900/4/475
v -3.989750 0.990089 -3.275559
v -4.150724 1.006992 -3.436720
v -4.139888 0.990566 -3.449185
v -3.979001 0.973664 -3.288099
vn -0.537378 -0.705007 0.462807
f 1901/1/476 1902/2/476 1903/3/476 1904/4/476
v -3.979001 0.973664 -3.288099
v -4.139888 0.990566 -3.449185
v -4.124229 0.984554 -3.465348
v -3.963449 0.967651 -3.304365
vn -0.233817 -0.963216 0.132459
f 1905/1/477 1906/2/477 1907/3/477 1908/4/477
v -3.963449 0.967651 -3.304365
v -4.124229 0.984554 -3.465348
v -4.107943 0.990566 -3.480879
v -3.947260 0.973664 -3.319997
vn 0.132401 -0.963330 -0.233377
f 1909/1/478 1910/2/478 1911/3/478 1912/4/478
v -3.947260 0.973664 -3.319997
v -4.107943 0.990566 -3.480879
v -4.095393 1.006992 -3.491615
v -3.934772 0.990089 -3.330808
vn 0.463145 -0.705321 -0.536675
f 1913/1/479 1914/2/479 1915/3/479 1916/4/479
v -3.934772 0.990089 -3.330808
v -4.095393 1.006992 -3.491615
v -4.089942 1.029431 -3.494681
v -3.929332 1.012527 -3.333899
vn 0.669793 -0.258323 -0.696165
f 1917/1/480 1918/2/480 1919/3/480 1920/4/480
v -4.089942 1.029431 -3.494681
v -4.249400 1.046243 -3.656509
v -4.252556 1.068682 -3.651112
v -4.093051 1.051869 -3.489255
vn 0.701472 0.257869 -0.664410
f 1921/1/481 1922/2/481 1923/3/481 1924/4/481
v -4.093051 1.051869 -3.489255
v -4.252556 1.068682 -3.651112
v -4.263493 1.085108 -3.638736
v -4.103887 1.068295 -3.476790
vn 0.540384 0.705002 -0.459300
f 1925/1/482 1926/2/482 1927/3/482 1928/4/482
v -4.103887 1.068295 -3.476790
v -4.263493 1.085108 -3.638736
v -4.279280 1.091121 -3.622699
v -4.119546 1.074308 -3.460627
vn 0.234505 0.963232 -0.131114
f 1929/1/483 1930/2/483 1931/3/483 1932/4/483
v -4.119546 1.074308 -3.460627
v -4.279280 1.091121 -3.622699
v -4.295689 1.085108 -3.607297
v -4.135832 1.068295 -3.445097
vn -0.134206 0.963362 0.232210
f 1933/1/484 1934/2/484 1935/3/484 1936/4/484
v -4.135832 1.068295 -3.445097
v -4.295689 1.085108 -3.607297
v -4.308321 1.068682 -3.596657
v -4.148382 1.051869 -3.434360
vn -0.466949 0.705358 0.533318
f 1937/1/485 1938/2/485 1939/3/485 1940/4/485
v -4.148382 1.051869 -3.434360
v -4.308321 1.068682 -3.596657
v -4.313792 1.046243 -3.593631
v -4.153833 1.029431 -3.431294
vn -0.674567 0.258355 0.691528
f 1941/1/486 1942/2/486 1943/3/486 1944/4/486
v -4.153833 1.029431 -3.431294
v -4.313792 1.046243 -3.593631
v -4.310636 1.023804 -3.599029
v -4.150724 1.006992 -3.436720
vn -0.701431 -0.257873 0.664451
f 1945/1/487 1946/2/487 1947/3/487 1948/4/487
v -4.150724 1.006992 -3.436720
v -4.310636 1.023804 -3.599029
v -4.299699 1.007378 -3.611404
v -4.139888 0.990566 -3.449185
vn -0.540343 -0.705007 0.459342
f 1949/1/488 1950/2/488 1951/3/488 1952/4/488
v -4.139888 0.990566 -3.449185
v -4.299699 1.007378 -3.611404
v -4.283912 1.001365 -3.627441
v -4.124229 0.984554 -3.465348
vn -0.234463 -0.963237 0.131156
f 1953/1/489 1954/2/489 1955/3/489 1956/4/489
v -4.124229 0.984554 -3.465348
v -4.283912 1.001365 -3.627441
v -4.267504 1.007378 -3.642843
v -4.107943 0.990566 -3.480879
vn 0.134248 -0.963367 -0.232168
f 1957/1/490 1958/2/490 1959/3/490 1960/4/490
v -4.107943 0.990566 -3.480879
v -4.267504 1.007378 -3.642843
v -4.254872 1.023804 -3.653483
v -4.095393 1.006992 -3.491615
vn 0.466991 -0.705363 -0.533276
f 1961/1/491 1962/2/491 1963/3/491 1964/4/491
v -4.095393 1.006992 -3.491615
v -4.254872 1.023804 -3.653483
v -4.249400 1.046243 -3.656509
v -4.089942 1.029431 -3.494681
vn 0.674608 -0.258360 -0.691487
f 1965/1/492 1966/2/492 1967/3/492 1968/4/492
v -4.249400 1.046243 -3.656509
v -4.407344 1.063042 -3.819720
v -4.410549 1.085481 -3.814351
v -4.252556 1.068682 -3.651112
vn 0.707443 0.257791 -0.658079
f 1969/1/493 1970/2/493 1971/3/493 1972/4/493
v -4.252556 1.068682 -3.651112
v -4.410549 1.085481 -3.814351
v -4.421601 1.101907 -3.802078
v -4.263493 1.085108 -3.638736
vn 0.544521 0.704947 -0.454475
f 1973/1/494 1974/2/494 1975/3/494 1976/4/494
v -4.263493 1.085108 -3.638736
v -4.421601 1.101907 -3.802078
v -4.437539 1.107920 -3.786190
v -4.279280 1.091121 -3.622699
vn 0.235698 0.963215 -0.129085
f 1977/1/495 1978/2/495 1979/3/495 1980/4/495
v -4.279280 1.091121 -3.622699
v -4.437539 1.107920 -3.786190
v -4.454092 1.101907 -3.770944
v -4.295689 1.085108 -3.607297
vn -0.136275 0.963387 0.230901
f 1981/1/496 1982/2/496 1983/3/496 1984/4/496
v -4.295689 1.085108 -3.607297
v -4.454092 1.101907 -3.770944
v -4.466826 1.085481 -3.760426
v -4.308321 1.068682 -3.596657
vn -0.471725 0.705416 0.529022
f 1985/1/497 1986/2/497 1987/3/497 1988/4/497
v -4.308321 1.068682 -3.596657
v -4.466826 1.085481 -3.760426
v -4.472327 1.063042 -3.757453
v -4.313792 1.046243 -3.593631
vn -0.680767 0.258432 0.685397
f 1989/1/498 1990/2/498 1991/3/498 1992/4/498
v -4.313792 1.046243 -3.593631
v -4.472327 1.063042 -3.757453
v -4.469122 1.040604 -3.762823
v -4.310636 1.023804 -3.599029
vn -0.707395 -0.257797 0.658129
f 1993/1/499 1994/2/499 1995/3/499 1996/4/499
v -4.310636 1.023804 -3.599029
v -4.469122 1.040604 -3.762823
v -4.458070 1.024177 -3.775096
v -4.299699 1.007378 -3.611404
vn -0.544472 -0.704952 0.454525
f 1997/1/500 1998/2/500 1999/3/500 2000/4/500
v -4.299699 1.007378 -3.611404
v -4.458070 1.024177 -3.775096
v -4.442132 1.018165 -3.790983
v -4.283912 1.001365 -3.627441
vn -0.235649 -0.963220 0.129136
f 2001/1/501 2002/2/501 2003/3/501 2004/4/501
v -4.283912 1.001365 -3.627441
v -4.442132 1.018165 -3.790983
v -4.425579 1.024177 -3.806229
v -4.267504 1.007378 -3.642843
vn 0.136324 -0.963392 -0.230851
f 2005/1/502 2006/2/502 2007/3/502 2008/4/502
v -4.267504 1.007378 -3.642843
v -4.425579 1.024177 -3.806229
v -4.412845 1.040604 -3.816748
v -4.254872 1.023804 -3.653483
vn 0.471774 -0.705421 -0.528971
f 2009/1/503 2010/2/503 2011/3/503 2012/4/503
v -4.254872 1.023804 -3.653483
v -4.412845 1.040604 -3.816748
v -4.407344 1.063042 -3.819720
v -4.249400 1.046243 -3.656509
vn 0.680816 -0.258437 -0.685346
f 2013/1/504 2014/2/504 2015/3/504 2016/4/504
v -4.407344 1.063042 -3.819720
v -4.563630 1.079906 -3.984444
v -4.566885 1.102344 -3.979101
v -4.410549 1.085481 -3.814351
vn 0.713968 0.257754 -0.651009
f 2017/1/505 2018/2/505 2019/3/505 2020/4/505
v -4.410549 1.085481 -3.814351
v -4.566885 1.102344 -3.979101
v -4.578062 1.118770 -3.966941
v -4.421601 1.101907 -3.802078
vn 0.549141 0.704908 -0.448942
f 2021/1/506 2022/2/506 2023/3/506 2024/4/506
v -4.421601 1.101907 -3.802078
v -4.578062 1.118770 -3.966941
v -4.594166 1.124782 -3.951222
v -4.437539 1.107920 -3.786190
vn 0.237177 0.963186 -0.126571
f 2025/1/507 2026/2/507 2027/3/507 2028/4/507
v -4.437539 1.107920 -3.786190
v -4.594166 1.124782 -3.951222
v -4.610883 1.118770 -3.936155
v -4.454092 1.101907 -3.770944
vn -0.138335 0.963374 0.229724
f 2029/1/508 2030/2/508 2031/3/508 2032/4/508
v -4.454092 1.101907 -3.770944
v -4.610883 1.118770 -3.936155
v -4.623733 1.102344 -3.925778
v -4.466826 1.085481 -3.760426
vn -0.476770 0.705423 0.524471
f 2033/1/509 2034/2/509 2035/3/509 2036/4/509
v -4.466826 1.085481 -3.760426
v -4.623733 1.102344 -3.925778
v -4.629273 1.079906 -3.922872
v -4.472327 1.063042 -3.757453
vn -0.687444 0.258456 0.678690
f 2037/1/510 2038/2/510 2039/3/510 2040/4/510
v -4.472327 1.063042 -3.757453
v -4.629273 1.079906 -3.922872
v -4.626018 1.057468 -3.928215
v -4.469122 1.040604 -3.762823
vn -0.713914 -0.257760 0.651066
f 2041/1/511 2042/2/511 2043/3/511 2044/4/511
v -4.469122 1.040604 -3.762823
v -4.626018 1.057468 -3.928215
v -4.614841 1.041043 -3.940375
v -4.458070 1.024177 -3.775096
vn -0.549086 -0.704914 0.448999
f 2045/1/512 2046/2/512 2047/3/512 2048/4/512
v -4.458070 1.024177 -3.775096
v -4.614841 1.041043 -3.940375
v -4.598736 1.035030 -3.956094
v -4.442132 1.018165 -3.790983
vn -0.237121 -0.963192 0.126629
f 2049/1/513 2050/2/513 2051/3/513 2052/4/513
v -4.442132 1.018165 -3.790983
v -4.598736 1.035030 -3.956094
v -4.582020 1.041043 -3.971160
v -4.425579 1.024177 -3.806229
vn 0.138390 -0.963380 -0.229667
f 2053/1/514 2054/2/514 2055/3/514 2056/4/514
v -4.425579 1.024177 -3.806229
v -4.582020 1.041043 -3.971160
v -4.569170 1.057468 -3.981537
v -4.412845 1.040604 -3.816748
vn 0.476825 -0.705429 -0.524413
f 2057/1/515 2058/2/515 2059/3/515 2060/4/515
v -4.412845 1.040604 -3.816748
v -4.569170 1.057468 -3.981537
v -4.563630 1.079906 -3.984444
v -4.407344 1.063042 -3.819720
vn 0.687499 -0.258462 -0.678633
f 2061/1/516 2062/2/516 2063/3/516 2064/4/516
v -4.563630 1.079906 -3.984444
v -4.717922 1.096914 -4.150831
v -4.721239 1.119350 -4.145521
v -4.566885 1.102344 -3.979101
vn 0.721483 0.257683 -0.642699
f 2065/1/517 2066/2/517 2067/3/517 2068/4/517
v -4.566885 1.102344 -3.979101
v -4.721239 1.119350 -4.145521
v -4.732576 1.135775 -4.133509
v -4.578062 1.118770 -3.966941
vn 0.554571 0.704831 -0.442340
f 2069/1/518 2070/2/518 2071/3/518 2072/4/518
v -4.578062 1.118770 -3.966941
v -4.732576 1.135775 -4.133509
v -4.748896 1.141787 -4.118013
v -4.594166 1.124782 -3.951222
vn 0.239068 0.963124 -0.123444
f 2073/1/519 2074/2/519 2075/3/519 2076/4/519
v -4.594166 1.124782 -3.951222
v -4.748896 1.141787 -4.118013
v -4.765825 1.135775 -4.103185
v -4.610883 1.118770 -3.936155
vn -0.140488 0.963344 0.228543
f 2077/1/520 2078/2/520 2079/3/520 2080/4/520
v -4.610883 1.118770 -3.936155
v -4.765825 1.135775 -4.103185
v -4.778827 1.119350 -4.092998
v -4.623733 1.102344 -3.925778
vn -0.482389 0.705430 0.519297
f 2081/1/521 2082/2/521 2083/3/521 2084/4/521
v -4.623733 1.102344 -3.925778
v -4.778827 1.119350 -4.092998
v -4.784419 1.096914 -4.090183
v -4.629273 1.079906 -3.922872
vn -0.695021 0.258500 0.670912
f 2085/1/522 2086/2/522 2087/3/522 2088/4/522
v -4.629273 1.079906 -3.922872
v -4.784419 1.096914 -4.090183
v -4.781102 1.074477 -4.095493
v -4.626018 1.057468 -3.928215
vn -0.721416 -0.257690 0.642771
f 2089/1/523 2090/2/523 2091/3/523 2092/4/523
v -4.626018 1.057468 -3.928215
v -4.781102 1.074477 -4.095493
v -4.769765 1.058052 -4.107505
v -4.614841 1.041043 -3.940375
vn -0.554502 -0.704838 0.442414
f 2093/1/524 2094/2/524 2095/3/524 2096/4/524
v -4.614841 1.041043 -3.940375
v -4.769765 1.058052 -4.107505
v -4.753446 1.052040 -4.123001
v -4.598736 1.035030 -3.956094
vn -0.238997 -0.963132 0.123520
f 2097/1/525 2098/2/525 2099/3/525 2100/4/525
v -4.598736 1.035030 -3.956094
v -4.753446 1.052040 -4.123001
v -4.736517 1.058052 -4.137829
v -4.582020 1.041043 -3.971160
vn 0.140560 -0.963352 -0.228465
f 2101/1/526 2102/2/526 2103/3/526 2104/4/526
v -4.582020 1.041043 -3.971160
v -4.736517 1.058052 -4.137829
v -4.723514 1.074477 -4.148015
v -4.569170 1.057468 -3.981537
vn 0.482460 -0.705437 -0.519221
f 2105/1/527 2106/2/527 2107/3/527 2108/4/527
v -4.569170 1.057468 -3.981537
v -4.723514 1.074477 -4.148015
v -4.717922 1.096914 -4.150831
v -4.563630 1.079906 -3.984444
vn 0.695089 -0.258507 -0.670839
f 2109/1/528 2110/2/528 2111/3/528 2112/4/528
v -4.717922 1.096914 -4.150831
v -4.869321 1.114142 -4.319610
v -4.872773 1.136583 -4.314405
v -4.721239 1.119350 -4.145521
vn 0.732214 0.257470 -0.630533
f 2113/1/529 2114/2/529 2115/3/529 2116/4/529
v -4.721239 1.119350 -4.145521
v -4.872773 1.136583 -4.314405
v -4.884353 1.153011 -4.302631
v -4.732576 1.135775 -4.133509
vn 0.562376 0.704632 -0.432697
f 2117/1/530 2118/2/530 2119/3/530 2120/4/530
v -4.732576 1.135775 -4.133509
v -4.884353 1.153011 -4.302631
v -4.900959 1.159024 -4.287443
v -4.748896 1.141787 -4.118013
vn 0.241853 0.963000 -0.118902
f 2121/1/531 2122/2/531 2123/3/531 2124/4/531
v -4.748896 1.141787 -4.118013
v -4.900959 1.159024 -4.287443
v -4.918141 1.153011 -4.272910
v -4.765825 1.135775 -4.103185
vn -0.143472 0.963323 0.226772
f 2125/1/532 2126/2/532 2127/3/532 2128/4/532
v -4.765825 1.135775 -4.103185
v -4.918141 1.153011 -4.272910
v -4.931296 1.136583 -4.262927
v -4.778827 1.119350 -4.092998
vn -0.490336 0.705511 0.511688
f 2129/1/533 2130/2/533 2131/3/533 2132/4/533
v -4.778827 1.119350 -4.092998
v -4.931296 1.136583 -4.262927
v -4.936898 1.114142 -4.260168
v -4.784419 1.096914 -4.090183
vn -0.705793 0.258665 0.659506
f 2133/1/534 2134/2/534 2135/3/534 2136/4/534
v -4.784419 1.096914 -4.090183
v -4.936898 1.114142 -4.260168
v -4.933447 1.091701 -4.265372
v -4.781102 1.074477 -4.095493
vn -0.732126 -0.257480 0.630632
f 2137/1/535 2138/2/535 2139/3/535 2140/4/535
v -4.781102 1.074477 -4.095493
v -4.933447 1.091701 -4.265372
v -4.921867 1.075273 -4.277146
v -4.769765 1.058052 -4.107505
vn -0.562283 -0.704643 0.432800
f 2141/1/536 2142/2/536 2143/3/536 2144/4/536
v -4.769765 1.058052 -4.107505
v -4.921867 1.075273 -4.277146
v -4.905261 1.069260 -4.292334
v -4.753446 1.052040 -4.123001
vn -0.241760 -0.963011 0.119005
f 2145/1/537 2146/2/537 2147/3/537 2148/4/537
v -4.753446 1.052040 -4.123001
v -4.905261 1.069260 -4.292334
v -4.888079 1.075273 -4.306867
v -4.736517 1.058052 -4.137829
vn 0.143561 -0.963332 -0.226673
f 2149/1/538 2150/2/538 2151/3/538 2152/4/538
v -4.736517 1.058052 -4.137829
v -4.888079 1.075273 -4.306867
v -4.874924 1.091701 -4.316851
v -4.723514 1.074477 -4.148015
vn 0.490421 -0.705520 -0.511594
f 2153/1/539 2154/2/539 2155/3/539 2156/4/539
v -4.723514 1.074477 -4.148015
v -4.874924 1.091701 -4.316851
v -4.869321 1.114142 -4.319610
v -4.717922 1.096914 -4.150831
vn 0.705878 -0.258674 -0.659412
f 2157/1/540 2158/2/540 2159/3/540 2160/4/540
v -4.869321 1.114142 -4.319610
v -5.017215 1.129938 -4.491070
v -5.021012 1.152401 -4.486214
v -4.872773 1.136583 -4.314405
vn 0.743299 0.257506 -0.617412
f 2161/1/541 2162/2/541 2163/3/541 2164/4/541
v -4.872773 1.136583 -4.314405
v -5.021012 1.152401 -4.486214
v -5.033040 1.168846 -4.474921
v -4.884353 1.153011 -4.302631
vn 0.567844 0.704902 -0.425048
f 2165/1/542 2166/2/542 2167/3/542 2168/4/542
v -4.884353 1.153011 -4.302631
v -5.033040 1.168846 -4.474921
v -5.050074 1.174865 -4.460217
v -4.900959 1.159024 -4.287443
vn 0.240225 0.963424 -0.118772
f 2169/1/543 2170/2/543 2171/3/543 2172/4/543
v -4.900959 1.159024 -4.287443
v -5.050074 1.174865 -4.460217
v -5.067551 1.168846 -4.446042
v -4.918141 1.153011 -4.272910
vn -0.151758 0.963774 0.219340
f 2173/1/544 2174/2/544 2175/3/544 2176/4/544
v -4.918141 1.153011 -4.272910
v -5.067551 1.168846 -4.446042
v -5.080787 1.152401 -4.436194
v -4.931296 1.136583 -4.262927
vn -0.503047 0.705876 0.498681
f 2177/1/545 2178/2/545 2179/3/545 2180/4/545
v -4.931296 1.136583 -4.262927
v -5.080787 1.152401 -4.436194
v -5.086237 1.129938 -4.433312
v -4.936898 1.114142 -4.260168
vn -0.719522 0.258859 0.644422
f 2181/1/546 2182/2/546 2183/3/546 2184/4/546
v -4.936898 1.114142 -4.260168
v -5.086237 1.129938 -4.433312
v -5.082439 1.107475 -4.438168
v -4.933447 1.091701 -4.265372
vn -0.743201 -0.257517 0.617525
f 2185/1/547 2186/2/547 2187/3/547 2188/4/547
v -4.933447 1.091701 -4.265372
v -5.082439 1.107475 -4.438168
v -5.070412 1.091031 -4.449461
v -4.921867 1.075273 -4.277146
vn -0.567733 -0.704915 0.425176
f 2189/1/548 2190/2/548 2191/3/548 2192/4/548
v -4.921867 1.075273 -4.277146
v -5.070412 1.091031 -4.449461
v -5.053378 1.085012 -4.464165
v -4.905261 1.069260 -4.292334
vn -0.240119 -0.963435 0.118893
f 2193/1/549 2194/2/549 2195/3/549 2196/4/549
v -4.905261 1.069260 -4.292334
v -5.053378 1.085012 -4.464165
v -5.035901 1.091031 -4.478340
v -4.888079 1.075273 -4.306867
vn 0.151846 -0.963783 -0.219240
f 2197/1/550 2198/2/550 2199/3/550 2200/4/550
v -4.888079 1.075273 -4.306867
v -5.035901 1.091031 -4.478340
v -5.022664 1.107475 -4.488188
v -4.874924 1.091701 -4.316851
vn 0.503121 -0.705883 -0.498596
f 2201/1/551 2202/2/551 2203/3/551 2204/4/551
v -4.874924 1.091701 -4.316851
v -5.022664 1.107475 -4.488188
v -5.017215 1.129938 -4.491070
v -4.869321 1.114142 -4.319610
vn 0.719601 -0.258868 -0.644331
f 2205/1/552 2206/2/552 2207/3/552 2208/4/552
v -5.017215 1.129938 -4.491070
v -5.159519 1.140217 -4.666363
v -5.163749 1.162700 -4.661976
v -5.021012 1.152401 -4.486214
vn 0.757488 0.257731 -0.599822
f 2209/1/553 2210/2/553 2211/3/553 2212/4/553
v -5.021012 1.152401 -4.486214
v -5.163749 1.162700 -4.661976
v -5.176387 1.179158 -4.651393
v -5.033040 1.168846 -4.474921
vn 0.569567 0.705829 -0.421187
f 2213/1/554 2214/2/554 2215/3/554 2216/4/554
v -5.033040 1.168846 -4.474921
v -5.176387 1.179158 -4.651393
v -5.194047 1.185183 -4.637449
v -5.050074 1.174865 -4.460217
vn 0.228996 0.964757 -0.129632
f 2217/1/555 2218/2/555 2219/3/555 2220/4/555
v -5.050074 1.174865 -4.460217
v -5.194047 1.185183 -4.637449
v -5.211997 1.179158 -4.623881
v -5.067551 1.168846 -4.446042
vn -0.172896 0.965112 0.196636
f 2221/1/556 2222/2/556 2223/3/556 2224/4/556
v -5.067551 1.168846 -4.446042
v -5.211997 1.179158 -4.623881
v -5.225427 1.162700 -4.614324
v -5.080787 1.152401 -4.436194
vn -0.528405 0.706908 0.470179
f 2225/1/557 2226/2/557 2227/3/557 2228/4/557
v -5.080787 1.152401 -4.436194
v -5.225427 1.162700 -4.614324
v -5.230740 1.140217 -4.611338
v -5.086237 1.129938 -4.433312
vn -0.742351 0.259355 0.617778
f 2229/1/558 2230/2/558 2231/3/558 2232/4/558
v -5.086237 1.129938 -4.433312
v -5.230740 1.140217 -4.611338
v -5.226510 1.117735 -4.615725
v -5.082439 1.107475 -4.438168
vn -0.757418 -0.257737 0.599908
f 2233/1/559 2234/2/559 2235/3/559 2236/4/559
v -5.082439 1.107475 -4.438168
v -5.226510 1.117735 -4.615725
v -5.213872 1.101276 -4.626308
v -5.070412 1.091031 -4.449461
vn -0.569479 -0.705837 0.421293
f 2237/1/560 2238/2/560 2239/3/560 2240/4/560
v -5.070412 1.091031 -4.449461
v -5.213872 1.101276 -4.626308
v -5.196212 1.095252 -4.640252
v -5.053378 1.085012 -4.464165
vn -0.228877 -0.964766 0.129774
f 2241/1/561 2242/2/561 2243/3/561 2244/4/561
v -5.053378 1.085012 -4.464165
v -5.196212 1.095252 -4.640252
v -5.178262 1.101276 -4.653821
v -5.035901 1.091031 -4.478340
vn 0.173027 -0.965121 -0.196479
f 2245/1/562 2246/2/562 2247/3/562 2248/4/562
v -5.035901 1.091031 -4.478340
v -5.178262 1.101276 -4.653821
v -5.164832 1.117735 -4.663378
v -5.022664 1.107475 -4.488188
vn 0.528518 -0.706916 -0.470041
f 2249/1/563 2250/2/563 2251/3/563 2252/4/563
v -5.022664 1.107475 -4.488188
v -5.164832 1.117735 -4.663378
v -5.159519 1.140217 -4.666363
v -5.017215 1.129938 -4.491070
vn 0.742434 -0.259361 -0.617676
f 2253/1/564 2254/2/564 2255/3/564 2256/4/564
v -5.159519 1.140217 -4.666363
v -5.292418 1.147859 -4.847147
v -5.296993 1.170345 -4.843142
v -5.163749 1.162700 -4.661976
vn 0.783669 0.257704 -0.565200
f 2257/1/565 2258/2/565 2259/3/565 2260/4/565
v -5.163749 1.162700 -4.661976
v -5.296993 1.170345 -4.843142
v -5.310374 1.186806 -4.833519
v -5.176387 1.179158 -4.651393
vn 0.584419 0.705991 -0.400039
f 2261/1/566 2262/2/566 2263/3/566 2264/4/566
v -5.176387 1.179158 -4.651393
v -5.310374 1.186806 -4.833519
v -5.328974 1.192831 -4.820857
v -5.194047 1.185183 -4.637449
vn 0.228501 0.965148 -0.127577
f 2265/1/567 2266/2/567 2267/3/567 2268/4/567
v -5.194047 1.185183 -4.637449
v -5.328974 1.192831 -4.820857
v -5.347811 1.186806 -4.808549
v -5.211997 1.179158 -4.623881
vn -0.188688 0.965571 0.179079
f 2269/1/568 2270/2/568 2271/3/568 2272/4/568
v -5.211997 1.179158 -4.623881
v -5.347811 1.186806 -4.808549
v -5.361836 1.170345 -4.799893
v -5.225427 1.162700 -4.614324
vn -0.555245 0.707229 0.437641
f 2273/1/569 2274/2/569 2275/3/569 2276/4/569
v -5.225427 1.162700 -4.614324
v -5.361836 1.170345 -4.799893
v -5.367292 1.147859 -4.797208
v -5.230740 1.140217 -4.611338
vn -0.772995 0.259512 0.578906
f 2277/1/570 2278/2/570 2279/3/570 2280/4/570
v -5.230740 1.140217 -4.611338
v -5.367292 1.147859 -4.797208
v -5.362716 1.125373 -4.801213
v -5.226510 1.117735 -4.615725
vn -0.783698 -0.257702 0.565162
f 2281/1/571 2282/2/571 2283/3/571 2284/4/571
v -5.226510 1.117735 -4.615725
v -5.362716 1.125373 -4.801213
v -5.349336 1.108912 -4.810836
v -5.213872 1.101276 -4.626308
vn -0.584402 -0.705993 0.400061
f 2285/1/572 2286/2/572 2287/3/572 2288/4/572
v -5.213872 1.101276 -4.626308
v -5.349336 1.108912 -4.810836
v -5.330735 1.102887 -4.823498
v -5.196212 1.095252 -4.640252
vn -0.228388 -0.965156 0.127724
f 2289/1/573 2290/2/573 2291/3/573 2292/4/573
v -5.196212 1.095252 -4.640252
v -5.330735 1.102887 -4.823498
v -5.311899 1.108912 -4.835806
v -5.178262 1.101276 -4.653821
vn 0.188850 -0.965579 -0.178868
f 2293/1/574 2294/2/574 2295/3/574 2296/4/574
v -5.178262 1.101276 -4.653821
v -5.311899 1.108912 -4.835806
v -5.297874 1.125373 -4.844462
v -5.164832 1.117735 -4.663378
vn 0.555358 -0.707234 -0.437490
f 2297/1/575 2298/2/575 2299/3/575 2300/4/575
v -5.164832 1.117735 -4.663378
v -5.297874 1.125373 -4.844462
v -5.292418 1.147859 -4.847147
v -5.159519 1.140217 -4.666363
vn 0.773015 -0.259513 -0.578879
f 2301/1/576 2302/2/576 2303/3/576 2304/4/576
v -5.292418 1.147859 -4.847147
v -5.408723 1.156250 -5.040090
v -5.413457 1.178735 -5.036266
v -5.296993 1.170345 -4.843142
vn 0.832607 0.256825 -0.490721
f 2305/1/577 2306/2/577 2307/3/577 2308/4/577
v -5.296993 1.170345 -4.843142
v -5.413457 1.178735 -5.036266
v -5.427248 1.195195 -5.027240
v -5.310374 1.186806 -4.833519
vn 0.620380 0.705084 -0.343490
f 2309/1/578 2310/2/578 2311/3/578 2312/4/578
v -5.310374 1.186806 -4.833519
v -5.427248 1.195195 -5.027240
v -5.446400 1.201219 -5.015430
v -5.328974 1.192831 -4.820857
vn 0.241688 0.964761 -0.104037
f 2313/1/579 2314/2/579 2315/3/579 2316/4/579
v -5.328974 1.192831 -4.820857
v -5.446400 1.201219 -5.015430
v -5.465783 1.195195 -5.004000
v -5.347811 1.186806 -4.808549
vn -0.202010 0.965632 0.163544
f 2317/1/580 2318/2/580 2319/3/580 2320/4/580
v -5.347811 1.186806 -4.808549
v -5.465783 1.195195 -5.004000
v -5.480201 1.178735 -4.996014
v -5.361836 1.170345 -4.799893
vn -0.591270 0.707419 0.387245
f 2321/1/581 2322/2/581 2323/3/581 2324/4/581
v -5.361836 1.170345 -4.799893
v -5.480201 1.178735 -4.996014
v -5.485792 1.156250 -4.993612
v -5.367292 1.147859 -4.797208
vn -0.821766 0.259942 0.507081
f 2325/1/582 2326/2/582 2327/3/582 2328/4/582
v -5.367292 1.147859 -4.797208
v -5.485792 1.156250 -4.993612
v -5.481058 1.133765 -4.997436
v -5.362716 1.125373 -4.801213
vn -0.832313 -0.256851 0.491205
f 2329/1/583 2330/2/583 2331/3/583 2332/4/583
v -5.362716 1.125373 -4.801213
v -5.481058 1.133765 -4.997436
v -5.467267 1.117305 -5.006462
v -5.349336 1.108912 -4.810836
vn -0.620148 -0.705110 0.343855
f 2333/1/584 2334/2/584 2335/3/584 2336/4/584
v -5.349336 1.108912 -4.810836
v -5.467267 1.117305 -5.006462
v -5.448115 1.111281 -5.018272
v -5.330735 1.102887 -4.823498
vn -0.241560 -0.964772 0.104230
f 2337/1/585 2338/2/585 2339/3/585 2340/4/585
v -5.330735 1.102887 -4.823498
v -5.448115 1.111281 -5.018272
v -5.428733 1.117305 -5.029702
v -5.311899 1.108912 -4.835806
vn 0.202101 -0.965636 -0.163407
f 2341/1/586 2342/2/586 2343/3/586 2344/4/586
v -5.311899 1.108912 -4.835806
v -5.428733 1.117305 -5.029702
v -5.414314 1.133765 -5.037688
v -5.297874 1.125373 -4.844462
vn 0.591430 -0.707423 -0.386993
f 2345/1/587 2346/2/587 2347/3/587 2348/4/587
v -5.297874 1.125373 -4.844462
v -5.414314 1.133765 -5.037688
v -5.408723 1.156250 -5.040090
v -5.292418 1.147859 -4.847147
vn 0.822026 -0.259954 -0.506654
f 2349/1/588 2350/2/588 2351/3/588 2352/4/588
v -5.408723 1.156250 -5.040090
v -5.446400 1.201219 -5.015430
v -5.427248 1.195195 -5.027240
v -5.413457 1.178735 -5.036266
vn -0.516079 0.036885 -0.855746
f 2353/1/589 2354/2/589 2355/3/589 2356/4/589
v -5.408723 1.156250 -5.040090
v -5.480201 1.178735 -4.996014
v -5.465783 1.195195 -5.004000
v -5.446400 1.201219 -5.015430
vn -0.516079 0.036885 -0.855746
f 2357/1/590 2358/2/590 2359/3/590 2360/4/590
v -5.408723 1.156250 -5.040090
v -5.481058 1.133765 -4.997436
v -5.485792 1.156250 -4.993612
v -5.480201 1.178735 -4.996014
vn -0.516079 0.036885 -0.855746
f 2361/1/591 2362/2/591 2363/3/591 2364/4/591
v -5.408723 1.156250 -5.040090
v -5.448115 1.111281 -5.018272
v -5.467267 1.117305 -5.006462
v -5.481058 1.133765 -4.997436
vn -0.516079 0.036885 -0.855746
f 2365/1/592 2366/2/592 2367/3/592 2368/4/592
v -5.408723 1.156250 -5.040090
v -5.414314 1.133765 -5.037688
v -5.428733 1.117305 -5.029702
v -5.448115 1.111281 -5.018272
vn -0.516079 0.036885 -0.855746
f 2369/1/593 2370/2/593 2371/3/593 2372/4/593
v -5.412092 1.155819 -5.022089
v -5.437952 1.156250 -5.077927
v -5.442159 1.173250 -5.076180
v -5.416178 1.172819 -5.020073
vn 0.877252 0.258818 -0.404280
f 2373/1/594 2374/2/594 2375/3/594 2376/4/594
v -5.416178 1.172819 -5.020073
v -5.442159 1.173250 -5.076180
v -5.453697 1.185695 -5.071515
v -5.427439 1.185263 -5.014775
vn 0.643722 0.707093 -0.292647
f 2377/1/595 2378/2/595 2379/3/595 2380/4/595
v -5.427439 1.185263 -5.014775
v -5.453697 1.185695 -5.071515
v -5.469473 1.190250 -5.065182
v -5.442858 1.189818 -5.007614
vn 0.237684 0.965904 -0.102648
f 2381/1/596 2382/2/596 2383/3/596 2384/4/596
v -5.442858 1.189818 -5.007614
v -5.469473 1.190250 -5.065182
v -5.485261 1.185695 -5.058878
v -5.458302 1.185263 -5.000510
vn -0.232169 0.965903 0.114578
f 2385/1/597 2386/2/597 2387/3/597 2388/4/597
v -5.458302 1.185263 -5.000510
v -5.485261 1.185695 -5.058878
v -5.496830 1.173250 -5.054291
v -5.469634 1.172819 -4.995365
vn -0.639951 0.707092 0.300804
f 2389/1/598 2390/2/598 2391/3/598 2392/4/598
v -5.469634 1.172819 -4.995365
v -5.496830 1.173250 -5.054291
v -5.501080 1.156250 -5.052652
v -5.473818 1.155819 -4.993559
vn -0.876305 0.258817 0.406328
f 2393/1/599 2394/2/599 2395/3/599 2396/4/599
v -5.473818 1.155819 -4.993559
v -5.501080 1.156250 -5.052652
v -5.496873 1.139250 -5.054399
v -5.469731 1.138820 -4.995575
vn -0.877802 -0.258809 0.403089
f 2397/1/600 2398/2/600 2399/3/600 2400/4/600
v -5.469731 1.138820 -4.995575
v -5.496873 1.139250 -5.054399
v -5.485336 1.126805 -5.059064
v -5.458470 1.126375 -5.000873
vn -0.644028 -0.707088 0.291984
f 2401/1/601 2402/2/601 2403/3/601 2404/4/601
v -5.458470 1.126375 -5.000873
v -5.485336 1.126805 -5.059064
v -5.469559 1.122250 -5.065397
v -5.443052 1.121820 -5.008034
vn -0.237706 -0.965903 0.102600
f 2405/1/602 2406/2/602 2407/3/602 2408/4/602
v -5.443052 1.121820 -5.008034
v -5.469559 1.122250 -5.065397
v -5.453771 1.126805 -5.071702
v -5.427608 1.126375 -5.015139
vn 0.232188 -0.965904 -0.114539
f 2409/1/603 2410/2/603 2411/3/603 2412/4/603
v -5.427608 1.126375 -5.015139
v -5.453771 1.126805 -5.071702
v -5.442202 1.139250 -5.076288
v -5.416276 1.138820 -5.020283
vn 0.639725 -0.707089 -0.301293
f 2413/1/604 2414/2/604 2415/3/604 2416/4/604
v -5.416276 1.138820 -5.020283
v -5.442202 1.139250 -5.076288
v -5.437952 1.156250 -5.077927
v -5.412092 1.155819 -5.022089
vn 0.875795 -0.258809 -0.407432
f 2417/1/605 2418/2/605 2419/3/605 2420/4/605
v -5.437952 1.156250 -5.077927
v -5.456944 1.156250 -5.133380
v -5.461364 1.173250 -5.132278
v -5.442159 1.173250 -5.076180
vn 0.913935 0.258352 -0.313012
f 2421/1/606 2422/2/606 2423/3/606 2424/4/606
v -5.442159 1.173250 -5.076180
v -5.461364 1.173250 -5.132278
v -5.473439 1.185695 -5.129267
v -5.453697 1.185695 -5.071515
vn 0.669482 0.706587 -0.229190
f 2425/1/607 2426/2/607 2427/3/607 2428/4/607
v -5.453697 1.185695 -5.071515
v -5.473439 1.185695 -5.129267
v -5.489934 1.190250 -5.125154
v -5.469473 1.190250 -5.065182
vn 0.245218 0.965837 -0.083824
f 2429/1/608 2430/2/608 2431/3/608 2432/4/608
v -5.469473 1.190250 -5.065182
v -5.489934 1.190250 -5.125154
v -5.506429 1.185695 -5.121040
v -5.485261 1.185695 -5.058878
vn -0.245251 0.965842 0.083677
f 2433/1/609 2434/2/609 2435/3/609 2436/4/609
v -5.485261 1.185695 -5.058878
v -5.506429 1.185695 -5.121040
v -5.518504 1.173250 -5.118029
v -5.496830 1.173250 -5.054291
vn -0.669764 0.706682 0.228072
f 2437/1/610 2438/2/610 2439/3/610 2440/4/610
v -5.496830 1.173250 -5.054291
v -5.518504 1.173250 -5.118029
v -5.522924 1.156250 -5.116927
v -5.501080 1.156250 -5.052652
vn -0.914543 0.258644 0.310988
f 2441/1/611 2442/2/611 2443/3/611 2444/4/611
v -5.501080 1.156250 -5.052652
v -5.522924 1.156250 -5.116927
v -5.518504 1.139250 -5.118029
v -5.496873 1.139250 -5.054399
vn -0.914684 -0.258315 0.310848
f 2445/1/612 2446/2/612 2447/3/612 2448/4/612
v -5.496873 1.139250 -5.054399
v -5.518504 1.139250 -5.118029
v -5.506429 1.126805 -5.121040
v -5.485336 1.126805 -5.059064
vn -0.670012 -0.706545 0.227768
f 2449/1/613 2450/2/613 2451/3/613 2452/4/613
v -5.485336 1.126805 -5.059064
v -5.506429 1.126805 -5.121040
v -5.489934 1.122250 -5.125154
v -5.469559 1.122250 -5.065397
vn -0.245345 -0.965833 0.083504
f 2453/1/614 2454/2/614 2455/3/614 2456/4/614
v -5.469559 1.122250 -5.065397
v -5.489934 1.122250 -5.125154
v -5.473439 1.126805 -5.129267
v -5.453771 1.126805 -5.071702
vn 0.245272 -0.965841 -0.083625
f 2457/1/615 2458/2/615 2459/3/615 2460/4/615
v -5.453771 1.126805 -5.071702
v -5.473439 1.126805 -5.129267
v -5.461364 1.139250 -5.132278
v -5.442202 1.139250 -5.076288
vn 0.669516 -0.706700 -0.228742
f 2461/1/616 2462/2/616 2463/3/616 2464/4/616
v -5.442202 1.139250 -5.076288
v -5.461364 1.139250 -5.132278
v -5.456944 1.156250 -5.133380
v -5.437952 1.156250 -5.077927
vn 0.913929 -0.258662 -0.312773
f 2465/1/617 2466/2/617 2467/3/617 2468/4/617
v -5.456944 1.156250 -5.133380
v -5.466435 1.156250 -5.192919
v -5.470932 1.173250 -5.192193
v -5.461364 1.173250 -5.132278
vn 0.954121 0.257920 -0.152086
f 2469/1/618 2470/2/618 2471/3/618 2472/4/618
v -5.461364 1.173250 -5.132278
v -5.470932 1.173250 -5.192193
v -5.483217 1.185695 -5.190210
v -5.473439 1.185695 -5.129267
vn 0.699553 0.705795 -0.111709
f 2473/1/619 2474/2/619 2475/3/619 2476/4/619
v -5.473439 1.185695 -5.129267
v -5.483217 1.185695 -5.190210
v -5.500000 1.190250 -5.187500
v -5.489934 1.190250 -5.125154
vn 0.256420 0.965689 -0.041143
f 2477/1/620 2478/2/620 2479/3/620 2480/4/620
v -5.489934 1.190250 -5.125154
v -5.500000 1.190250 -5.187500
v -5.516783 1.185695 -5.184790
v -5.506429 1.185695 -5.121040
vn -0.256360 0.965695 0.041390
f 2481/1/621 2482/2/621 2483/3/621 2484/4/621
v -5.506429 1.185695 -5.121040
v -5.516783 1.185695 -5.184790
v -5.529068 1.173250 -5.182807
v -5.518504 1.173250 -5.118029
vn -0.699175 0.705875 0.113555
f 2485/1/622 2486/2/622 2487/3/622 2488/4/622
v -5.518504 1.173250 -5.118029
v -5.529068 1.173250 -5.182807
v -5.533565 1.156250 -5.182081
v -5.522924 1.156250 -5.116927
vn -0.953549 0.257993 0.155514
f 2489/1/623 2490/2/623 2491/3/623 2492/4/623
v -5.522924 1.156250 -5.116927
v -5.533565 1.156250 -5.182081
v -5.529068 1.139250 -5.182807
v -5.518504 1.139250 -5.118029
vn -0.953511 -0.257998 0.155739
f 2493/1/624 2494/2/624 2495/3/624 2496/4/624
v -5.518504 1.139250 -5.118029
v -5.529068 1.139250 -5.182807
v -5.516783 1.126805 -5.184790
v -5.506429 1.126805 -5.121040
vn -0.699081 -0.705895 0.114013
f 2497/1/625 2498/2/625 2499/3/625 2500/4/625
v -5.506429 1.126805 -5.121040
v -5.516783 1.126805 -5.184790
v -5.500000 1.122250 -5.187500
v -5.489934 1.122250 -5.125154
vn -0.256302 -0.965700 0.041627
f 2501/1/626 2502/2/626 2503/3/626 2504/4/626
v -5.489934 1.122250 -5.125154
v -5.500000 1.122250 -5.187500
v -5.483217 1.126805 -5.190210
v -5.473439 1.126805 -5.129267
vn 0.256360 -0.965695 -0.041390
f 2505/1/627 2506/2/627 2507/3/627 2508/4/627
v -5.473439 1.126805 -5.129267
v -5.483217 1.126805 -5.190210
v -5.470932 1.139250 -5.192193
v -5.461364 1.139250 -5.132278
vn 0.699447 -0.705818 -0.112227
f 2509/1/628 2510/2/628 2511/3/628 2512/4/628
v -5.461364 1.139250 -5.132278
v -5.470932 1.139250 -5.192193
v -5.466435 1.156250 -5.192919
v -5.456944 1.156250 -5.133380
vn 0.954077 -0.257926 -0.152353
f 2513/1/629 2514/2/629 2515/3/629 2516/4/629
v -5.466435 1.156250 -5.192919
v -5.500000 1.190250 -5.187500
v -5.483217 1.185695 -5.190210
v -5.470932 1.173250 -5.192193
vn -0.159390 0.000000 -0.987216
f 2517/1/630 2518/2/630 2519/3/630 2520/4/630
v -5.466435 1.156250 -5.192919
v -5.529068 1.173250 -5.182807
v -5.516783 1.185695 -5.184790
v -5.500000 1.190250 -5.187500
vn -0.159390 0.000000 -0.987216
f 2521/1/631 2522/2/631 2523/3/631 2524/4/631
v -5.466435 1.156250 -5.192919
v -5.529068 1.139250 -5.182807
v -5.533565 1.156250 -5.182081
v -5.529068 1.173250 -5.182807
vn -0.159390 0.000000 -0.987216
f 2525/1/632 2526/2/632 2527/3/632 2528/4/632
v -5.466435 1.156250 -5.192919
v -5.500000 1.122250 -5.187500
v -5.516783 1.126805 -5.184790
v -5.529068 1.139250 -5.182807
vn -0.159390 -0.000000 -0.987216
f 2529/1/633 2530/2/633 2531/3/633 2532/4/633
v -5.466435 1.156250 -5.192919
v -5.470932 1.139250 -5.192193
v -5.483217 1.126805 -5.190210
v -5.500000 1.122250 -5.187500
vn -0.159390 -0.000000 -0.987216
f 2533/1/634 2534/2/634 2535/3/634 2536/4/634
v 0.526000 1.620000 0.900000
v 0.523704 1.620000 0.789317
v 0.516526 1.638376 0.791924
v 0.518385 1.638385 0.900000
vn 0.923710 0.382613 -0.019164
f 2537/1/635 2538/2/635 2539/3/635 2540/4/635
v 0.518385 1.638385 0.900000
v 0.516526 1.638376 0.791924
v 0.499668 1.645987 0.799262
v 0.500000 1.646000 0.900000
vn 0.382675 0.923859 -0.006658
f 2541/1/636 2542/2/636 2543/3/636 2544/4/636
v 0.500000 1.646000 0.900000
v 0.499668 1.645987 0.799262
v 0.483004 1.638376 0.807033
v 0.481615 1.638385 0.900000
vn -0.382683 0.923879 0.001147
f 2545/1/637 2546/2/637 2547/3/637 2548/4/637
v 0.481615 1.638385 0.900000
v 0.483004 1.638376 0.807033
v 0.476296 1.620000 0.810683
v 0.474000 1.620000 0.900000
vn -0.923791 0.382647 -0.013836
f 2549/1/638 2550/2/638 2551/3/638 2552/4/638
v 0.474000 1.620000 0.900000
v 0.476296 1.620000 0.810683
v 0.483474 1.601624 0.808076
v 0.481615 1.601615 0.900000
vn -0.923619 -0.382576 -0.023746
f 2553/1/639 2554/2/639 2555/3/639 2556/4/639
v 0.481615 1.601615 0.900000
v 0.483474 1.601624 0.808076
v 0.500332 1.594013 0.800738
v 0.500000 1.594000 0.900000
vn -0.382672 -0.923851 -0.007827
f 2557/1/640 2558/2/640 2559/3/640 2560/4/640
v 0.500000 1.594000 0.900000
v 0.500332 1.594013 0.800738
v 0.516996 1.601624 0.792967
v 0.518385 1.601615 0.900000
vn 0.382683 -0.923879 0.001164
f 2561/1/641 2562/2/641 2563/3/641 2564/4/641
v 0.518385 1.601615 0.900000
v 0.516996 1.601624 0.792967
v 0.523704 1.620000 0.789317
v 0.526000 1.620000 0.900000
vn 0.923813 -0.382656 -0.012018
f 2565/1/642 2566/2/642 2567/3/642 2568/4/642
v 0.523704 1.620000 0.789317
v 0.286928 1.602553 0.577235
v 0.281103 1.620908 0.582250
v 0.516526 1.638376 0.791924
vn 0.613236 0.340661 -0.712665
f 2569/1/643 2570/2/643 2571/3/643 2572/4/643
v 0.516526 1.638376 0.791924
v 0.281103 1.620908 0.582250
v 0.268605 1.628511 0.595740
v 0.499668 1.645987 0.799262
vn 0.250981 0.899847 -0.356769
f 2573/1/644 2574/2/644 2575/3/644 2576/4/644
v 0.499668 1.645987 0.799262
v 0.268605 1.628511 0.595740
v 0.256753 1.620908 0.609801
v 0.483004 1.638376 0.807033
vn -0.298339 0.918409 0.259845
f 2577/1/645 2578/2/645 2579/3/645 2580/4/645
v 0.483004 1.638376 0.807033
v 0.256753 1.620908 0.609801
v 0.252491 1.602553 0.616198
v 0.476296 1.620000 0.810683
vn -0.627495 0.365619 0.687440
f 2581/1/646 2582/2/646 2583/3/646 2584/4/646
v 0.476296 1.620000 0.810683
v 0.252491 1.602553 0.616198
v 0.258315 1.584197 0.611182
v 0.483474 1.601624 0.808076
vn -0.602216 -0.337868 0.723313
f 2585/1/647 2586/2/647 2587/3/647 2588/4/647
v 0.483474 1.601624 0.808076
v 0.258315 1.584197 0.611182
v 0.270814 1.576595 0.597693
v 0.500332 1.594013 0.800738
vn -0.247698 -0.898357 0.362768
f 2589/1/648 2590/2/648 2591/3/648 2592/4/648
v 0.500332 1.594013 0.800738
v 0.270814 1.576595 0.597693
v 0.282666 1.584197 0.583631
v 0.516996 1.601624 0.792967
vn 0.298797 -0.918509 -0.258961
f 2593/1/649 2594/2/649 2595/3/649 2596/4/649
v 0.516996 1.601624 0.792967
v 0.282666 1.584197 0.583631
v 0.286928 1.602553 0.577235
v 0.523704 1.620000 0.789317
vn 0.634798 -0.366818 -0.680056
f 2597/1/650 2598/2/650 2599/3/650 2600/4/650
v 0.286928 1.602553 0.577235
v 0.056912 1.585105 0.373690
v 0.051081 1.603461 0.378698
v 0.281103 1.620908 0.582250
vn 0.595991 0.382100 -0.706254
f 2601/1/651 2602/2/651 2603/3/651 2604/4/651
v 0.281103 1.620908 0.582250
v 0.051081 1.603461 0.378698
v 0.038565 1.611064 0.392172
v 0.268605 1.628511 0.595740
vn 0.214346 0.922406 -0.321283
f 2605/1/652 2606/2/652 2607/3/652 2608/4/652
v 0.268605 1.628511 0.595740
v 0.038565 1.611064 0.392172
v 0.026696 1.603461 0.406218
v 0.256753 1.620908 0.609801
vn -0.292862 0.922379 0.251890
f 2609/1/653 2610/2/653 2611/3/653 2612/4/653
v 0.256753 1.620908 0.609801
v 0.026696 1.603461 0.406218
v 0.022426 1.585105 0.412609
v 0.252491 1.602553 0.616198
vn -0.628516 0.382035 0.677508
f 2613/1/654 2614/2/654 2615/3/654 2616/4/654
v 0.252491 1.602553 0.616198
v 0.022426 1.585105 0.412609
v 0.028256 1.566750 0.407601
v 0.258315 1.584197 0.611182
vn -0.595995 -0.382100 0.706250
f 2617/1/655 2618/2/655 2619/3/655 2620/4/655
v 0.258315 1.584197 0.611182
v 0.028256 1.566750 0.407601
v 0.040772 1.559147 0.394128
v 0.270814 1.576595 0.597693
vn -0.214349 -0.922406 0.321280
f 2621/1/656 2622/2/656 2623/3/656 2624/4/656
v 0.270814 1.576595 0.597693
v 0.040772 1.559147 0.394128
v 0.052642 1.566750 0.380081
v 0.282666 1.584197 0.583631
vn 0.292858 -0.922380 -0.251893
f 2625/1/657 2626/2/657 2627/3/657 2628/4/657
v 0.282666 1.584197 0.583631
v 0.052642 1.566750 0.380081
v 0.056912 1.585105 0.373690
v 0.286928 1.602553 0.577235
vn 0.628512 -0.382036 -0.677511
f 2629/1/658 2630/2/658 2631/3/658 2632/4/658
v 0.056912 1.585105 0.373690
v -0.172833 1.567658 0.169844
v -0.178670 1.586013 0.174844
v 0.051081 1.603461 0.378698
vn 0.596923 0.382102 -0.705465
f 2633/1/659 2634/2/659 2635/3/659 2636/4/659
v 0.051081 1.603461 0.378698
v -0.178670 1.586013 0.174844
v -0.191205 1.593616 0.188300
v 0.038565 1.611064 0.392172
vn 0.214768 0.922407 -0.320998
f 2637/1/660 2638/2/660 2639/3/660 2640/4/660
v 0.038565 1.611064 0.392172
v -0.191205 1.593616 0.188300
v -0.203093 1.586013 0.202330
v 0.026696 1.603461 0.406218
vn -0.293196 0.922378 0.251504
f 2641/1/661 2642/2/661 2643/3/661 2644/4/661
v 0.026696 1.603461 0.406218
v -0.203093 1.586013 0.202330
v -0.207372 1.567658 0.208716
v 0.022426 1.585105 0.412609
vn -0.629411 0.382033 0.676678
f 2645/1/662 2646/2/662 2647/3/662 2648/4/662
v 0.022426 1.585105 0.412609
v -0.207372 1.567658 0.208716
v -0.201535 1.549303 0.203715
v 0.028256 1.566750 0.407601
vn -0.596927 -0.382102 0.705462
f 2649/1/663 2650/2/663 2651/3/663 2652/4/663
v 0.028256 1.566750 0.407601
v -0.201535 1.549303 0.203715
v -0.189000 1.541700 0.190259
v 0.040772 1.559147 0.394128
vn -0.214772 -0.922407 0.320995
f 2653/1/664 2654/2/664 2655/3/664 2656/4/664
v 0.040772 1.559147 0.394128
v -0.189000 1.541700 0.190259
v -0.177112 1.549303 0.176229
v 0.052642 1.566750 0.380081
vn 0.293192 -0.922379 -0.251507
f 2657/1/665 2658/2/665 2659/3/665 2660/4/665
v 0.052642 1.566750 0.380081
v -0.177112 1.549303 0.176229
v -0.172833 1.567658 0.169844
v 0.056912 1.585105 0.373690
vn 0.629407 -0.382033 -0.676681
f 2661/1/666 2662/2/666 2663/3/666 2664/4/666
v -0.172833 1.567658 0.169844
v -0.402285 1.550211 -0.034328
v -0.408130 1.568566 -0.029336
v -0.178670 1.586013 0.174844
vn 0.597925 0.382105 -0.704614
f 2665/1/667 2666/2/667 2667/3/667 2668/4/667
v -0.178670 1.586013 0.174844
v -0.408130 1.568566 -0.029336
v -0.420684 1.576169 -0.015898
v -0.191205 1.593616 0.188300
vn 0.215223 0.922408 -0.320690
f 2669/1/668 2670/2/668 2671/3/668 2672/4/668
v -0.191205 1.593616 0.188300
v -0.420684 1.576169 -0.015898
v -0.432594 1.568566 -0.001886
v -0.203093 1.586013 0.202330
vn -0.293555 0.922377 0.251089
f 2673/1/669 2674/2/669 2675/3/669 2676/4/669
v -0.203093 1.586013 0.202330
v -0.432594 1.568566 -0.001886
v -0.436882 1.550211 0.004493
v -0.207372 1.567658 0.208716
vn -0.630374 0.382030 0.675782
f 2677/1/670 2678/2/670 2679/3/670 2680/4/670
v -0.207372 1.567658 0.208716
v -0.436882 1.550211 0.004493
v -0.431037 1.531855 -0.000498
v -0.201535 1.549303 0.203715
vn -0.597929 -0.382105 0.704611
f 2681/1/671 2682/2/671 2683/3/671 2684/4/671
v -0.201535 1.549303 0.203715
v -0.431037 1.531855 -0.000498
v -0.418483 1.524253 -0.013936
v -0.189000 1.541700 0.190259
vn -0.215227 -0.922408 0.320687
f 2685/1/672 2686/2/672 2687/3/672 2688/4/672
v -0.189000 1.541700 0.190259
v -0.418483 1.524253 -0.013936
v -0.406573 1.531855 -0.027949
v -0.177112 1.549303 0.176229
vn 0.293551 -0.922378 -0.251092
f 2689/1/673 2690/2/673 2691/3/673 2692/4/673
v -0.177112 1.549303 0.176229
v -0.406573 1.531855 -0.027949
v -0.402285 1.550211 -0.034328
v -0.172833 1.567658 0.169844
vn 0.630370 -0.382030 -0.675786
f 2693/1/674 2694/2/674 2695/3/674 2696/4/674
v -0.402285 1.550211 -0.034328
v -0.631419 1.532763 -0.238847
v -0.637273 1.551119 -0.233865
v -0.408130 1.568566 -0.029336
vn 0.599005 0.382108 -0.703695
f 2697/1/675 2698/2/675 2699/3/675 2700/4/675
v -0.408130 1.568566 -0.029336
v -0.637273 1.551119 -0.233865
v -0.649850 1.558722 -0.220449
v -0.420684 1.576169 -0.015898
vn 0.215713 0.922409 -0.320358
f 2701/1/676 2702/2/676 2703/3/676 2704/4/676
v -0.420684 1.576169 -0.015898
v -0.649850 1.558722 -0.220449
v -0.661784 1.551119 -0.206457
v -0.432594 1.568566 -0.001886
vn -0.293943 0.922376 0.250640
f 2705/1/677 2706/2/677 2707/3/677 2708/4/677
v -0.432594 1.568566 -0.001886
v -0.661784 1.551119 -0.206457
v -0.666083 1.532763 -0.200086
v -0.436882 1.550211 0.004493
vn -0.631412 0.382027 0.674814
f 2709/1/678 2710/2/678 2711/3/678 2712/4/678
v -0.436882 1.550211 0.004493
v -0.666083 1.532763 -0.200086
v -0.660230 1.514408 -0.205067
v -0.431037 1.531855 -0.000498
vn -0.599010 -0.382108 0.703691
f 2713/1/679 2714/2/679 2715/3/679 2716/4/679
v -0.431037 1.531855 -0.000498
v -0.660230 1.514408 -0.205067
v -0.647652 1.506805 -0.218483
v -0.418483 1.524253 -0.013936
vn -0.215717 -0.922410 0.320354
f 2717/1/680 2718/2/680 2719/3/680 2720/4/680
v -0.418483 1.524253 -0.013936
v -0.647652 1.506805 -0.218483
v -0.635718 1.514408 -0.232475
v -0.406573 1.531855 -0.027949
vn 0.293938 -0.922376 -0.250644
f 2721/1/681 2722/2/681 2723/3/681 2724/4/681
v -0.406573 1.531855 -0.027949
v -0.635718 1.514408 -0.232475
v -0.631419 1.532763 -0.238847
v -0.402285 1.550211 -0.034328
vn 0.631407 -0.382028 -0.674819
f 2725/1/682 2726/2/682 2727/3/682 2728/4/682
v -0.631419 1.532763 -0.238847
v -0.860156 1.515316 -0.443804
v -0.866019 1.533671 -0.438833
v -0.637273 1.551119 -0.233865
vn 0.600355 0.382118 -0.702538
f 2729/1/683 2730/2/683 2731/3/683 2732/4/683
v -0.637273 1.551119 -0.233865
v -0.866019 1.533671 -0.438833
v -0.878622 1.541274 -0.425441
v -0.649850 1.558722 -0.220449
vn 0.216322 0.922413 -0.319935
f 2733/1/684 2734/2/684 2735/3/684 2736/4/684
v -0.649850 1.558722 -0.220449
v -0.878622 1.541274 -0.425441
v -0.890582 1.533671 -0.411472
v -0.661784 1.551119 -0.206457
vn -0.294431 0.922372 0.250081
f 2737/1/685 2738/2/685 2739/3/685 2740/4/685
v -0.661784 1.551119 -0.206457
v -0.890582 1.533671 -0.411472
v -0.894893 1.515316 -0.405108
v -0.666083 1.532763 -0.200086
vn -0.632712 0.382017 0.673601
f 2741/1/686 2742/2/686 2743/3/686 2744/4/686
v -0.666083 1.532763 -0.200086
v -0.894893 1.515316 -0.405108
v -0.889030 1.496961 -0.410079
v -0.660230 1.514408 -0.205067
vn -0.600360 -0.382118 0.702534
f 2745/1/687 2746/2/687 2747/3/687 2748/4/687
v -0.660230 1.514408 -0.205067
v -0.889030 1.496961 -0.410079
v -0.876427 1.489358 -0.423471
v -0.647652 1.506805 -0.218483
vn -0.216327 -0.922414 0.319930
f 2749/1/688 2750/2/688 2751/3/688 2752/4/688
v -0.647652 1.506805 -0.218483
v -0.876427 1.489358 -0.423471
v -0.864467 1.496961 -0.437441
v -0.635718 1.514408 -0.232475
vn 0.294426 -0.922372 -0.250086
f 2753/1/689 2754/2/689 2755/3/689 2756/4/689
v -0.635718 1.514408 -0.232475
v -0.864467 1.496961 -0.437441
v -0.860156 1.515316 -0.443804
v -0.631419 1.532763 -0.238847
vn 0.632707 -0.382017 -0.673606
f 2757/1/690 2758/2/690 2759/3/690 2760/4/690
v -0.860156 1.515316 -0.443804
v -1.088514 1.497869 -0.649182
v -1.094387 1.516224 -0.644223
v -0.866019 1.533671 -0.438833
vn 0.601650 0.382116 -0.701430
f 2761/1/691 2762/2/691 2763/3/691 2764/4/691
v -0.866019 1.533671 -0.438833
v -1.094387 1.516224 -0.644223
v -1.107014 1.523827 -0.630854
v -0.878622 1.541274 -0.425441
vn 0.216913 0.922413 -0.319537
f 2765/1/692 2766/2/692 2767/3/692 2768/4/692
v -0.878622 1.541274 -0.425441
v -1.107014 1.523827 -0.630854
v -1.119001 1.516224 -0.616908
v -0.890582 1.533671 -0.411472
vn -0.294891 0.922373 0.249536
f 2769/1/693 2770/2/693 2771/3/693 2772/4/693
v -0.890582 1.533671 -0.411472
v -1.119001 1.516224 -0.616908
v -1.123324 1.497869 -0.610552
v -0.894893 1.515316 -0.405108
vn -0.633953 0.382019 0.672432
f 2773/1/694 2774/2/694 2775/3/694 2776/4/694
v -0.894893 1.515316 -0.405108
v -1.123324 1.497869 -0.610552
v -1.117452 1.479514 -0.615512
v -0.889030 1.496961 -0.410079
vn -0.601656 -0.382116 0.701426
f 2777/1/695 2778/2/695 2779/3/695 2780/4/695
v -0.889030 1.496961 -0.410079
v -1.117452 1.479514 -0.615512
v -1.104824 1.471911 -0.628880
v -0.876427 1.489358 -0.423471
vn -0.216918 -0.922413 0.319532
f 2781/1/696 2782/2/696 2783/3/696 2784/4/696
v -0.876427 1.489358 -0.423471
v -1.104824 1.471911 -0.628880
v -1.092838 1.479514 -0.642827
v -0.864467 1.496961 -0.437441
vn 0.294886 -0.922373 -0.249541
f 2785/1/697 2786/2/697 2787/3/697 2788/4/697
v -0.864467 1.496961 -0.437441
v -1.092838 1.479514 -0.642827
v -1.088514 1.497869 -0.649182
v -0.860156 1.515316 -0.443804
vn 0.633948 -0.382019 -0.672437
f 2789/1/698 2790/2/698 2791/3/698 2792/4/698
v -1.088514 1.497869 -0.649182
v -1.316477 1.480421 -0.854996
v -1.322359 1.498777 -0.850048
v -1.094387 1.516224 -0.644223
vn 0.602992 0.382117 -0.700276
f 2793/1/699 2794/2/699 2795/3/699 2796/4/699
v -1.094387 1.516224 -0.644223
v -1.322359 1.498777 -0.850048
v -1.335013 1.506380 -0.836705
v -1.107014 1.523827 -0.630854
vn 0.217523 0.922413 -0.319120
f 2797/1/700 2798/2/700 2799/3/700 2800/4/700
v -1.107014 1.523827 -0.630854
v -1.335013 1.506380 -0.836705
v -1.347027 1.498777 -0.822782
v -1.119001 1.516224 -0.616908
vn -0.295370 0.922372 0.248972
f 2801/1/701 2802/2/701 2803/3/701 2804/4/701
v -1.119001 1.516224 -0.616908
v -1.347027 1.498777 -0.822782
v -1.351363 1.480421 -0.816436
v -1.123324 1.497869 -0.610552
vn -0.635240 0.382017 0.671217
f 2805/1/702 2806/2/702 2807/3/702 2808/4/702
v -1.123324 1.497869 -0.610552
v -1.351363 1.480421 -0.816436
v -1.345481 1.462066 -0.821383
v -1.117452 1.479514 -0.615512
vn -0.602998 -0.382118 0.700271
f 2809/1/703 2810/2/703 2811/3/703 2812/4/703
v -1.117452 1.479514 -0.615512
v -1.345481 1.462066 -0.821383
v -1.332827 1.454463 -0.834727
v -1.104824 1.471911 -0.628880
vn -0.217529 -0.922414 0.319115
f 2813/1/704 2814/2/704 2815/3/704 2816/4/704
v -1.104824 1.471911 -0.628880
v -1.332827 1.454463 -0.834727
v -1.320813 1.462066 -0.848650
v -1.092838 1.479514 -0.642827
vn 0.295364 -0.922372 -0.248977
f 2817/1/705 2818/2/705 2819/3/705 2820/4/705
v -1.092838 1.479514 -0.642827
v -1.320813 1.462066 -0.848650
v -1.316477 1.480421 -0.854996
v -1.088514 1.497869 -0.649182
vn 0.635235 -0.382018 -0.671222
f 2821/1/706 2822/2/706 2823/3/706 2824/4/706
v -1.316477 1.480421 -0.854996
v -1.544007 1.462974 -1.061280
v -1.549900 1.481329 -1.056345
v -1.322359 1.498777 -0.850048
vn 0.604445 0.382122 -0.699020
f 2825/1/707 2826/2/707 2827/3/707 2828/4/707
v -1.322359 1.498777 -0.850048
v -1.549900 1.481329 -1.056345
v -1.562583 1.488932 -1.043029
v -1.335013 1.506380 -0.836705
vn 0.218183 0.922415 -0.318664
f 2829/1/708 2830/2/708 2831/3/708 2832/4/708
v -1.335013 1.506380 -0.836705
v -1.562583 1.488932 -1.043029
v -1.574628 1.481329 -1.029133
v -1.347027 1.498777 -0.822782
vn -0.295890 0.922370 0.248360
f 2833/1/709 2834/2/709 2835/3/709 2836/4/709
v -1.347027 1.498777 -0.822782
v -1.574628 1.481329 -1.029133
v -1.578977 1.462974 -1.022796
v -1.351363 1.480421 -0.816436
vn -0.636636 0.382013 0.669896
f 2837/1/710 2838/2/710 2839/3/710 2840/4/710
v -1.351363 1.480421 -0.816436
v -1.578977 1.462974 -1.022796
v -1.573085 1.444619 -1.027730
v -1.345481 1.462066 -0.821383
vn -0.604451 -0.382122 0.699014
f 2841/1/711 2842/2/711 2843/3/711 2844/4/711
v -1.345481 1.462066 -0.821383
v -1.573085 1.444619 -1.027730
v -1.560401 1.437016 -1.041046
v -1.332827 1.454463 -0.834727
vn -0.218189 -0.922416 0.318658
f 2845/1/712 2846/2/712 2847/3/712 2848/4/712
v -1.332827 1.454463 -0.834727
v -1.560401 1.437016 -1.041046
v -1.548357 1.444619 -1.054943
v -1.320813 1.462066 -0.848650
vn 0.295884 -0.922370 -0.248365
f 2849/1/713 2850/2/713 2851/3/713 2852/4/713
v -1.320813 1.462066 -0.848650
v -1.548357 1.444619 -1.054943
v -1.544007 1.462974 -1.061280
v -1.316477 1.480421 -0.854996
vn 0.636630 -0.382013 -0.669901
f 2853/1/714 2854/2/714 2855/3/714 2856/4/714
v -1.544007 1.462974 -1.061280
v -1.771066 1.445527 -1.268075
v -1.776971 1.463882 -1.263154
v -1.549900 1.481329 -1.056345
vn 0.606024 0.382126 -0.697649
f 2857/1/715 2858/2/715 2859/3/715 2860/4/715
v -1.549900 1.481329 -1.056345
v -1.776971 1.463882 -1.263154
v -1.789686 1.471485 -1.249869
v -1.562583 1.488932 -1.043029
vn 0.218900 0.922417 -0.318166
f 2861/1/716 2862/2/716 2863/3/716 2864/4/716
v -1.562583 1.488932 -1.043029
v -1.789686 1.471485 -1.249869
v -1.801763 1.463882 -1.236000
v -1.574628 1.481329 -1.029133
vn -0.296455 0.922368 0.247693
f 2865/1/717 2866/2/717 2867/3/717 2868/4/717
v -1.574628 1.481329 -1.029133
v -1.801763 1.463882 -1.236000
v -1.806128 1.445527 -1.229673
v -1.578977 1.462974 -1.022796
vn -0.638152 0.382008 0.668455
f 2869/1/718 2870/2/718 2871/3/718 2872/4/718
v -1.578977 1.462974 -1.022796
v -1.806128 1.445527 -1.229673
v -1.800223 1.427172 -1.234594
v -1.573085 1.444619 -1.027730
vn -0.606031 -0.382127 0.697643
f 2873/1/719 2874/2/719 2875/3/719 2876/4/719
v -1.573085 1.444619 -1.027730
v -1.800223 1.427172 -1.234594
v -1.787508 1.419569 -1.247880
v -1.560401 1.437016 -1.041046
vn -0.218907 -0.922418 0.318160
f 2877/1/720 2878/2/720 2879/3/720 2880/4/720
v -1.560401 1.437016 -1.041046
v -1.787508 1.419569 -1.247880
v -1.775431 1.427172 -1.261749
v -1.548357 1.444619 -1.054943
vn 0.296448 -0.922369 -0.247699
f 2881/1/721 2882/2/721 2883/3/721 2884/4/721
v -1.548357 1.444619 -1.054943
v -1.775431 1.427172 -1.261749
v -1.771066 1.445527 -1.268075
v -1.544007 1.462974 -1.061280
vn 0.638145 -0.382008 -0.668461
f 2885/1/722 2886/2/722 2887/3/722 2888/4/722
v -1.771066 1.445527 -1.268075
v -1.997610 1.428079 -1.475426
v -2.003527 1.446435 -1.470521
v -1.776971 1.463882 -1.263154
vn 0.607743 0.382132 -0.696150
f 2889/1/723 2890/2/723 2891/3/723 2892/4/723
v -1.776971 1.463882 -1.263154
v -2.003527 1.446435 -1.470521
v -2.016276 1.454038 -1.457268
v -1.789686 1.471485 -1.249869
vn 0.219681 0.922419 -0.317621
f 2893/1/724 2894/2/724 2895/3/724 2896/4/724
v -1.789686 1.471485 -1.249869
v -2.016276 1.454038 -1.457268
v -2.028389 1.446435 -1.443431
v -1.801763 1.463882 -1.236000
vn -0.297069 0.922366 0.246964
f 2897/1/725 2898/2/725 2899/3/725 2900/4/725
v -1.801763 1.463882 -1.236000
v -2.028389 1.446435 -1.443431
v -2.032770 1.428079 -1.437115
v -1.806128 1.445527 -1.229673
vn -0.639802 0.382003 0.666879
f 2901/1/726 2902/2/726 2903/3/726 2904/4/726
v -1.806128 1.445527 -1.229673
v -2.032770 1.428079 -1.437115
v -2.026853 1.409724 -1.442021
v -1.800223 1.427172 -1.234594
vn -0.607750 -0.382132 0.696143
f 2905/1/727 2906/2/727 2907/3/727 2908/4/727
v -1.800223 1.427172 -1.234594
v -2.026853 1.409724 -1.442021
v -2.014104 1.402121 -1.455274
v -1.787508 1.419569 -1.247880
vn -0.219688 -0.922420 0.317614
f 2909/1/728 2910/2/728 2911/3/728 2912/4/728
v -1.787508 1.419569 -1.247880
v -2.014104 1.402121 -1.455274
v -2.001991 1.409724 -1.469111
v -1.775431 1.427172 -1.261749
vn 0.297062 -0.922366 -0.246971
f 2913/1/729 2914/2/729 2915/3/729 2916/4/729
v -1.775431 1.427172 -1.261749
v -2.001991 1.409724 -1.469111
v -1.997610 1.428079 -1.475426
v -1.771066 1.445527 -1.268075
vn 0.639795 -0.382003 -0.666885
f 2917/1/730 2918/2/730 2919/3/730 2920/4/730
v -1.997610 1.428079 -1.475426
v -2.223588 1.410632 -1.683384
v -2.229519 1.428987 -1.678495
v -2.003527 1.446435 -1.470521
vn 0.609618 0.382138 -0.694505
f 2921/1/731 2922/2/731 2923/3/731 2924/4/731
v -2.003527 1.446435 -1.470521
v -2.229519 1.428987 -1.678495
v -2.242306 1.436590 -1.665279
v -2.016276 1.454038 -1.457268
vn 0.220533 0.922422 -0.317022
f 2925/1/732 2926/2/732 2927/3/732 2928/4/732
v -2.016276 1.454038 -1.457268
v -2.242306 1.436590 -1.665279
v -2.254458 1.428987 -1.651476
v -2.028389 1.446435 -1.443431
vn -0.297739 0.922363 0.246166
f 2929/1/733 2930/2/733 2931/3/733 2932/4/733
v -2.028389 1.446435 -1.443431
v -2.254458 1.428987 -1.651476
v -2.258857 1.410632 -1.645173
v -2.032770 1.428079 -1.437115
vn -0.641602 0.381996 0.665151
f 2933/1/734 2934/2/734 2935/3/734 2936/4/734
v -2.032770 1.428079 -1.437115
v -2.258857 1.410632 -1.645173
v -2.252926 1.392277 -1.650062
v -2.026853 1.409724 -1.442021
vn -0.609626 -0.382138 0.694498
f 2937/1/735 2938/2/735 2939/3/735 2940/4/735
v -2.026853 1.409724 -1.442021
v -2.252926 1.392277 -1.650062
v -2.240139 1.384674 -1.663279
v -2.014104 1.402121 -1.455274
vn -0.220541 -0.922422 0.317015
f 2941/1/736 2942/2/736 2943/3/736 2944/4/736
v -2.014104 1.402121 -1.455274
v -2.240139 1.384674 -1.663279
v -2.227987 1.392277 -1.677081
v -2.001991 1.409724 -1.469111
vn 0.297732 -0.922364 -0.246173
f 2945/1/737 2946/2/737 2947/3/737 2948/4/737
v -2.001991 1.409724 -1.469111
v -2.227987 1.392277 -1.677081
v -2.223588 1.410632 -1.683384
v -1.997610 1.428079 -1.475426
vn 0.641594 -0.381997 -0.665158
f 2949/1/738 2950/2/738 2951/3/738 2952/4/738
v -2.223588 1.410632 -1.683384
v -2.448944 1.393185 -1.892005
v -2.454891 1.411540 -1.887135
v -2.229519 1.428987 -1.678495
vn 0.611669 0.382144 -0.692695
f 2953/1/739 2954/2/739 2955/3/739 2956/4/739
v -2.229519 1.428987 -1.678495
v -2.454891 1.411540 -1.887135
v -2.467718 1.419143 -1.873958
v -2.242306 1.436590 -1.665279
vn 0.221466 0.922424 -0.316363
f 2957/1/740 2958/2/740 2959/3/740 2960/4/740
v -2.242306 1.436590 -1.665279
v -2.467718 1.419143 -1.873958
v -2.479913 1.411540 -1.860193
v -2.254458 1.428987 -1.651476
vn -0.298472 0.922360 0.245288
f 2961/1/741 2962/2/741 2963/3/741 2964/4/741
v -2.254458 1.428987 -1.651476
v -2.479913 1.411540 -1.860193
v -2.484332 1.393185 -1.853904
v -2.258857 1.410632 -1.645173
vn -0.643571 0.381989 0.663250
f 2965/1/742 2966/2/742 2967/3/742 2968/4/742
v -2.258857 1.410632 -1.645173
v -2.484332 1.393185 -1.853904
v -2.478385 1.374830 -1.858774
v -2.252926 1.392277 -1.650062
vn -0.611678 -0.382145 0.692687
f 2969/1/743 2970/2/743 2971/3/743 2972/4/743
v -2.252926 1.392277 -1.650062
v -2.478385 1.374830 -1.858774
v -2.465558 1.367227 -1.871951
v -2.240139 1.384674 -1.663279
vn -0.221475 -0.922425 0.316356
f 2973/1/744 2974/2/744 2975/3/744 2976/4/744
v -2.240139 1.384674 -1.663279
v -2.465558 1.367227 -1.871951
v -2.453363 1.374830 -1.885716
v -2.227987 1.392277 -1.677081
vn 0.298463 -0.922361 -0.245295
f 2977/1/745 2978/2/745 2979/3/745 2980/4/745
v -2.227987 1.392277 -1.677081
v -2.453363 1.374830 -1.885716
v -2.448944 1.393185 -1.892005
v -2.223588 1.410632 -1.683384
vn 0.643563 -0.381990 -0.663258
f 2981/1/746 2982/2/746 2983/3/746 2984/4/746
v -2.448944 1.393185 -1.892005
v -2.673614 1.375737 -2.101354
v -2.679577 1.394093 -2.096504
v -2.454891 1.411540 -1.887135
vn 0.613919 0.382152 -0.690697
f 2985/1/747 2986/2/747 2987/3/747 2988/4/747
v -2.454891 1.411540 -1.887135
v -2.679577 1.394093 -2.096504
v -2.692449 1.401696 -2.083371
v -2.467718 1.419143 -1.873958
vn 0.222490 0.922428 -0.315635
f 2989/1/748 2990/2/748 2991/3/748 2992/4/748
v -2.467718 1.419143 -1.873958
v -2.692449 1.401696 -2.083371
v -2.704691 1.394093 -2.069648
v -2.479913 1.411540 -1.860193
vn -0.299275 0.922357 0.244320
f 2993/1/749 2994/2/749 2995/3/749 2996/4/749
v -2.479913 1.411540 -1.860193
v -2.704691 1.394093 -2.069648
v -2.709131 1.375737 -2.063374
v -2.484332 1.393185 -1.853904
vn -0.645730 0.381982 0.661152
f 2997/1/750 2998/2/750 2999/3/750 3000/4/750
v -2.484332 1.393185 -1.853904
v -2.709131 1.375737 -2.063374
v -2.703169 1.357382 -2.068224
v -2.478385 1.374830 -1.858774
vn -0.613929 -0.382153 0.690689
f 3001/1/751 3002/2/751 3003/3/751 3004/4/751
v -2.478385 1.374830 -1.858774
v -2.703169 1.357382 -2.068224
v -2.690296 1.349779 -2.081357
v -2.465558 1.367227 -1.871951
vn -0.222499 -0.922428 0.315627
f 3005/1/752 3006/2/752 3007/3/752 3008/4/752
v -2.465558 1.367227 -1.871951
v -2.690296 1.349779 -2.081357
v -2.678054 1.357382 -2.095080
v -2.453363 1.374830 -1.885716
vn 0.299266 -0.922358 -0.244328
f 3009/1/753 3010/2/753 3011/3/753 3012/4/753
v -2.453363 1.374830 -1.885716
v -2.678054 1.357382 -2.095080
v -2.673614 1.375737 -2.101354
v -2.448944 1.393185 -1.892005
vn 0.645721 -0.381982 -0.661161
f 3013/1/754 3014/2/754 3015/3/754 3016/4/754
v -2.673614 1.375737 -2.101354
v -2.897522 1.358290 -2.311502
v -2.903504 1.376645 -2.306674
v -2.679577 1.394093 -2.096504
vn 0.616394 0.382161 -0.688485
f 3017/1/755 3018/2/755 3019/3/755 3020/4/755
v -2.679577 1.394093 -2.096504
v -2.903504 1.376645 -2.306674
v -2.916426 1.384248 -2.293590
v -2.692449 1.401696 -2.083371
vn 0.223616 0.922431 -0.314828
f 3021/1/756 3022/2/756 3023/3/756 3024/4/756
v -2.692449 1.401696 -2.083371
v -2.916426 1.384248 -2.293590
v -2.928720 1.376645 -2.279914
v -2.704691 1.394093 -2.069648
vn -0.300157 0.922353 0.243249
f 3025/1/757 3026/2/757 3027/3/757 3028/4/757
v -2.704691 1.394093 -2.069648
v -2.928720 1.376645 -2.279914
v -2.933184 1.358290 -2.273657
v -2.709131 1.375737 -2.063374
vn -0.648105 0.381973 0.658830
f 3029/1/758 3030/2/758 3031/3/758 3032/4/758
v -2.709131 1.375737 -2.063374
v -2.933184 1.358290 -2.273657
v -2.927202 1.339935 -2.278484
v -2.703169 1.357382 -2.068224
vn -0.616404 -0.382161 0.688475
f 3033/1/759 3034/2/759 3035/3/759 3036/4/759
v -2.703169 1.357382 -2.068224
v -2.927202 1.339935 -2.278484
v -2.914280 1.332332 -2.291568
v -2.690296 1.349779 -2.081357
vn -0.223626 -0.922432 0.314819
f 3037/1/760 3038/2/760 3039/3/760 3040/4/760
v -2.690296 1.349779 -2.081357
v -2.914280 1.332332 -2.291568
v -2.901986 1.339935 -2.305245
v -2.678054 1.357382 -2.095080
vn 0.300147 -0.922354 -0.243258
f 3041/1/761 3042/2/761 3043/3/761 3044/4/761
v -2.678054 1.357382 -2.095080
v -2.901986 1.339935 -2.305245
v -2.897522 1.358290 -2.311502
v -2.673614 1.375737 -2.101354
vn 0.648094 -0.381974 -0.658840
f 3045/1/762 3046/2/762 3047/3/762 3048/4/762
v -2.897522 1.358290 -2.311502
v -3.120582 1.340843 -2.522528
v -3.126584 1.359198 -2.517727
v -2.903504 1.376645 -2.306674
vn 0.619124 0.382171 -0.686026
f 3049/1/763 3050/2/763 3051/3/763 3052/4/763
v -2.903504 1.376645 -2.306674
v -3.126584 1.359198 -2.517727
v -3.139564 1.366801 -2.504700
v -2.916426 1.384248 -2.293590
vn 0.224859 0.922435 -0.313930
f 3053/1/764 3054/2/764 3055/3/764 3056/4/764
v -2.916426 1.384248 -2.293590
v -3.139564 1.366801 -2.504700
v -3.151918 1.359198 -2.491077
v -2.928720 1.376645 -2.279914
vn -0.301130 0.922349 0.242060
f 3057/1/765 3058/2/765 3059/3/765 3060/4/765
v -2.928720 1.376645 -2.279914
v -3.151918 1.359198 -2.491077
v -3.156409 1.340843 -2.484840
v -2.933184 1.358290 -2.273657
vn -0.650724 0.381962 0.656250
f 3061/1/766 3062/2/766 3063/3/766 3064/4/766
v -2.933184 1.358290 -2.273657
v -3.156409 1.340843 -2.484840
v -3.150407 1.322488 -2.489641
v -2.927202 1.339935 -2.278484
vn -0.619136 -0.382171 0.686014
f 3065/1/767 3066/2/767 3067/3/767 3068/4/767
v -2.927202 1.339935 -2.278484
v -3.150407 1.322488 -2.489641
v -3.137427 1.314885 -2.502668
v -2.914280 1.332332 -2.291568
vn -0.224870 -0.922436 0.313919
f 3069/1/768 3070/2/768 3071/3/768 3072/4/768
v -2.914280 1.332332 -2.291568
v -3.137427 1.314885 -2.502668
v -3.125073 1.322488 -2.516290
v -2.901986 1.339935 -2.305245
vn 0.301118 -0.922350 -0.242071
f 3073/1/769 3074/2/769 3075/3/769 3076/4/769
v -2.901986 1.339935 -2.305245
v -3.125073 1.322488 -2.516290
v -3.120582 1.340843 -2.522528
v -2.897522 1.358290 -2.311502
vn 0.650712 -0.381963 -0.656261
f 3077/1/770 3078/2/770 3079/3/770 3080/4/770
v -3.120582 1.340843 -2.522528
v -3.342609 1.323395 -2.734612
v -3.348636 1.341751 -2.729842
v -3.126584 1.359198 -2.517727
vn 0.622410 0.382192 -0.683033
f 3081/1/771 3082/2/771 3083/3/771 3084/4/771
v -3.126584 1.359198 -2.517727
v -3.348636 1.341751 -2.729842
v -3.361683 1.349354 -2.716881
v -3.139564 1.366801 -2.504700
vn 0.226351 0.922444 -0.312830
f 3085/1/772 3086/2/772 3087/3/772 3088/4/772
v -3.139564 1.366801 -2.504700
v -3.361683 1.349354 -2.716881
v -3.374107 1.341751 -2.703323
v -3.151918 1.359198 -2.491077
vn -0.302308 0.922340 0.240623
f 3089/1/773 3090/2/773 3091/3/773 3092/4/773
v -3.151918 1.359198 -2.491077
v -3.374107 1.341751 -2.703323
v -3.378630 1.323395 -2.697108
v -3.156409 1.340843 -2.484840
vn -0.653881 0.381940 0.653117
f 3093/1/774 3094/2/774 3095/3/774 3096/4/774
v -3.156409 1.340843 -2.484840
v -3.378630 1.323395 -2.697108
v -3.372603 1.305040 -2.701878
v -3.150407 1.322488 -2.489641
vn -0.622424 -0.382193 0.683020
f 3097/1/775 3098/2/775 3099/3/775 3100/4/775
v -3.150407 1.322488 -2.489641
v -3.372603 1.305040 -2.701878
v -3.359556 1.297437 -2.714839
v -3.137427 1.314885 -2.502668
vn -0.226364 -0.922445 0.312817
f 3101/1/776 3102/2/776 3103/3/776 3104/4/776
v -3.137427 1.314885 -2.502668
v -3.359556 1.297437 -2.714839
v -3.347132 1.305040 -2.728397
v -3.125073 1.322488 -2.516290
vn 0.302294 -0.922341 -0.240636
f 3105/1/777 3106/2/777 3107/3/777 3108/4/777
v -3.125073 1.322488 -2.516290
v -3.347132 1.305040 -2.728397
v -3.342609 1.323395 -2.734612
v -3.120582 1.340843 -2.522528
vn 0.653867 -0.381941 -0.653130
f 3109/1/778 3110/2/778 3111/3/778 3112/4/778
v -3.342609 1.323395 -2.734612
v -3.563458 1.305948 -2.947902
v -3.569512 1.324303 -2.943166
v -3.348636 1.341751 -2.729842
vn 0.626146 0.382209 -0.679601
f 3113/1/779 3114/2/779 3115/3/779 3116/4/779
v -3.348636 1.341751 -2.729842
v -3.569512 1.324303 -2.943166
v -3.582632 1.331906 -2.930280
v -3.361683 1.349354 -2.716881
vn 0.228052 0.922451 -0.311570
f 3117/1/780 3118/2/780 3119/3/780 3120/4/780
v -3.361683 1.349354 -2.716881
v -3.582632 1.331906 -2.930280
v -3.595133 1.324303 -2.916792
v -3.374107 1.341751 -2.703323
vn -0.303638 0.922332 0.238972
f 3121/1/781 3122/2/781 3123/3/781 3124/4/781
v -3.374107 1.341751 -2.703323
v -3.595133 1.324303 -2.916792
v -3.599691 1.305948 -2.910603
v -3.378630 1.323395 -2.697108
vn -0.657463 0.381922 0.649521
f 3125/1/782 3126/2/782 3127/3/782 3128/4/782
v -3.378630 1.323395 -2.697108
v -3.599691 1.305948 -2.910603
v -3.593637 1.287593 -2.915339
v -3.372603 1.305040 -2.701878
vn -0.626161 -0.382211 0.679586
f 3129/1/783 3130/2/783 3131/3/783 3132/4/783
v -3.372603 1.305040 -2.701878
v -3.593637 1.287593 -2.915339
v -3.580517 1.279990 -2.928225
v -3.359556 1.297437 -2.714839
vn -0.228067 -0.922452 0.311556
f 3133/1/784 3134/2/784 3135/3/784 3136/4/784
v -3.359556 1.297437 -2.714839
v -3.580517 1.279990 -2.928225
v -3.568017 1.287593 -2.941713
v -3.347132 1.305040 -2.728397
vn 0.303623 -0.922333 -0.238986
f 3137/1/785 3138/2/785 3139/3/785 3140/4/785
v -3.347132 1.305040 -2.728397
v -3.568017 1.287593 -2.941713
v -3.563458 1.305948 -2.947902
v -3.342609 1.323395 -2.734612
vn 0.657448 -0.381923 -0.649536
f 3141/1/786 3142/2/786 3143/3/786 3144/4/786
v -3.563458 1.305948 -2.947902
v -3.783046 1.288501 -3.162461
v -3.789131 1.306856 -3.157764
v -3.569512 1.324303 -2.943166
vn 0.630090 0.382218 -0.675941
f 3145/1/787 3146/2/787 3147/3/787 3148/4/787
v -3.569512 1.324303 -2.943166
v -3.789131 1.306856 -3.157764
v -3.802334 1.314459 -3.144963
v -3.582632 1.331906 -2.930280
vn 0.229856 0.922455 -0.310231
f 3149/1/788 3150/2/788 3151/3/788 3152/4/788
v -3.582632 1.331906 -2.930280
v -3.802334 1.314459 -3.144963
v -3.814921 1.306856 -3.131556
v -3.595133 1.324303 -2.916792
vn -0.305032 0.922328 0.237204
f 3153/1/789 3154/2/789 3155/3/789 3156/4/789
v -3.595133 1.324303 -2.916792
v -3.814921 1.306856 -3.131556
v -3.819519 1.288501 -3.125397
v -3.599691 1.305948 -2.910603
vn -0.661239 0.381913 0.645682
f 3157/1/790 3158/2/790 3159/3/790 3160/4/790
v -3.599691 1.305948 -2.910603
v -3.819519 1.288501 -3.125397
v -3.813435 1.270146 -3.130094
v -3.593637 1.287593 -2.915339
vn -0.630107 -0.382219 0.675924
f 3161/1/791 3162/2/791 3163/3/791 3164/4/791
v -3.593637 1.287593 -2.915339
v -3.813435 1.270146 -3.130094
v -3.800232 1.262543 -3.142895
v -3.580517 1.279990 -2.928225
vn -0.229873 -0.922456 0.310215
f 3165/1/792 3166/2/792 3167/3/792 3168/4/792
v -3.580517 1.279990 -2.928225
v -3.800232 1.262543 -3.142895
v -3.787644 1.270146 -3.156302
v -3.568017 1.287593 -2.941713
vn 0.305015 -0.922330 -0.237221
f 3169/1/793 3170/2/793 3171/3/793 3172/4/793
v -3.568017 1.287593 -2.941713
v -3.787644 1.270146 -3.156302
v -3.783046 1.288501 -3.162461
v -3.563458 1.305948 -2.947902
vn 0.661222 -0.381915 -0.645699
f 3173/1/794 3174/2/794 3175/3/794 3176/4/794
v -3.783046 1.288501 -3.162461
v -4.001074 1.271053 -3.378544
v -4.007196 1.289409 -3.373897
v -3.789131 1.306856 -3.157764
vn 0.634864 0.382251 -0.671440
f 3177/1/795 3178/2/795 3179/3/795 3180/4/795
v -3.789131 1.306856 -3.157764
v -4.007196 1.289409 -3.373897
v -4.020502 1.297012 -3.361203
v -3.802334 1.314459 -3.144963
vn 0.232029 0.922468 -0.308570
f 3181/1/796 3182/2/796 3183/3/796 3184/4/796
v -3.802334 1.314459 -3.144963
v -4.020502 1.297012 -3.361203
v -4.033198 1.289409 -3.347898
v -3.814921 1.306856 -3.131556
vn -0.306735 0.922314 0.235054
f 3185/1/797 3186/2/797 3187/3/797 3188/4/797
v -3.814921 1.306856 -3.131556
v -4.033198 1.289409 -3.347898
v -4.037845 1.271053 -3.341777
v -3.819519 1.288501 -3.125397
vn -0.665821 0.381879 0.640976
f 3189/1/798 3190/2/798 3191/3/798 3192/4/798
v -3.819519 1.288501 -3.125397
v -4.037845 1.271053 -3.341777
v -4.031723 1.252698 -3.346424
v -3.813435 1.270146 -3.130094
vn -0.634886 -0.382252 0.671419
f 3193/1/799 3194/2/799 3195/3/799 3196/4/799
v -3.813435 1.270146 -3.130094
v -4.031723 1.252698 -3.346424
v -4.018417 1.245095 -3.359118
v -3.800232 1.262543 -3.142895
vn -0.232050 -0.922470 0.308549
f 3197/1/800 3198/2/800 3199/3/800 3200/4/800
v -3.800232 1.262543 -3.142895
v -4.018417 1.245095 -3.359118
v -4.005722 1.252698 -3.372422
v -3.787644 1.270146 -3.156302
vn 0.306714 -0.922316 -0.235074
f 3201/1/801 3202/2/801 3203/3/801 3204/4/801
v -3.787644 1.270146 -3.156302
v -4.005722 1.252698 -3.372422
v -4.001074 1.271053 -3.378544
v -3.783046 1.288501 -3.162461
vn 0.665800 -0.381881 -0.640997
f 3205/1/802 3206/2/802 3207/3/802 3208/4/802
v -4.001074 1.271053 -3.378544
v -4.217100 1.253606 -3.596568
v -4.223267 1.271961 -3.591981
v -4.007196 1.289409 -3.373897
vn 0.640917 0.382301 -0.665637
f 3209/1/803 3210/2/803 3211/3/803 3212/4/803
v -4.007196 1.289409 -3.373897
v -4.223267 1.271961 -3.591981
v -4.236696 1.279564 -3.579417
v -4.020502 1.297012 -3.361203
vn 0.234783 0.922489 -0.306417
f 3213/1/804 3214/2/804 3215/3/804 3216/4/804
v -4.020502 1.297012 -3.361203
v -4.236696 1.279564 -3.579417
v -4.249520 1.271961 -3.566237
v -4.033198 1.289409 -3.347898
vn -0.308896 0.922292 0.232294
f 3217/1/805 3218/2/805 3219/3/805 3220/4/805
v -4.033198 1.289409 -3.347898
v -4.249520 1.271961 -3.566237
v -4.254228 1.253606 -3.560160
v -4.037845 1.271053 -3.341777
vn -0.671630 0.381826 0.634919
f 3221/1/806 3222/2/806 3223/3/806 3224/4/806
v -4.037845 1.271053 -3.341777
v -4.254228 1.253606 -3.560160
v -4.248060 1.235251 -3.564748
v -4.031723 1.252698 -3.346424
vn -0.640942 -0.382303 0.665611
f 3225/1/807 3226/2/807 3227/3/807 3228/4/807
v -4.031723 1.252698 -3.346424
v -4.248060 1.235251 -3.564748
v -4.234631 1.227648 -3.577311
v -4.018417 1.245095 -3.359118
vn -0.234808 -0.922491 0.306392
f 3229/1/808 3230/2/808 3231/3/808 3232/4/808
v -4.018417 1.245095 -3.359118
v -4.234631 1.227648 -3.577311
v -4.221807 1.235251 -3.590492
v -4.005722 1.252698 -3.372422
vn 0.308871 -0.922294 -0.232320
f 3233/1/809 3234/2/809 3235/3/809 3236/4/809
v -4.005722 1.252698 -3.372422
v -4.221807 1.235251 -3.590492
v -4.217100 1.253606 -3.596568
v -4.001074 1.271053 -3.378544
vn 0.671605 -0.381828 -0.634945
f 3237/1/810 3238/2/810 3239/3/810 3240/4/810
v -4.217100 1.253606 -3.596568
v -4.430809 1.236159 -3.816784
v -4.437031 1.254514 -3.812270
v -4.223267 1.271961 -3.591981
vn 0.647783 0.382334 -0.658937
f 3241/1/811 3242/2/811 3243/3/811 3244/4/811
v -4.223267 1.271961 -3.591981
v -4.437031 1.254514 -3.812270
v -4.450608 1.262117 -3.799866
v -4.236696 1.279564 -3.579417
vn 0.237926 0.922502 -0.303942
f 3245/1/812 3246/2/812 3247/3/812 3248/4/812
v -4.236696 1.279564 -3.579417
v -4.450608 1.262117 -3.799866
v -4.463587 1.254514 -3.786839
v -4.249520 1.271961 -3.566237
vn -0.311320 0.922277 0.229095
f 3249/1/813 3250/2/813 3251/3/813 3252/4/813
v -4.249520 1.271961 -3.566237
v -4.463587 1.254514 -3.786839
v -4.468366 1.236159 -3.780819
v -4.254228 1.253606 -3.560160
vn -0.678202 0.381790 0.627916
f 3253/1/814 3254/2/814 3255/3/814 3256/4/814
v -4.254228 1.253606 -3.560160
v -4.468366 1.236159 -3.780819
v -4.462145 1.217804 -3.785333
v -4.248060 1.235251 -3.564748
vn -0.647814 -0.382336 0.658905
f 3257/1/815 3258/2/815 3259/3/815 3260/4/815
v -4.248060 1.235251 -3.564748
v -4.462145 1.217804 -3.785333
v -4.448568 1.210201 -3.797736
v -4.234631 1.227648 -3.577311
vn -0.237957 -0.922505 0.303911
f 3261/1/816 3262/2/816 3263/3/816 3264/4/816
v -4.234631 1.227648 -3.577311
v -4.448568 1.210201 -3.797736
v -4.435588 1.217804 -3.810764
v -4.221807 1.235251 -3.590492
vn 0.311290 -0.922280 -0.229126
f 3265/1/817 3266/2/817 3267/3/817 3268/4/817
v -4.221807 1.235251 -3.590492
v -4.435588 1.217804 -3.810764
v -4.430809 1.236159 -3.816784
v -4.217100 1.253606 -3.596568
vn 0.678171 -0.381793 -0.627947
f 3269/1/818 3270/2/818 3271/3/818 3272/4/818
v -4.430809 1.236159 -3.816784
v -4.641497 1.218711 -4.039746
v -4.647790 1.237067 -4.035332
v -4.437031 1.254514 -3.812270
vn 0.656463 0.382407 -0.650247
f 3273/1/819 3274/2/819 3275/3/819 3276/4/819
v -4.437031 1.254514 -3.812270
v -4.647790 1.237067 -4.035332
v -4.661563 1.244670 -4.023146
v -4.450608 1.262117 -3.799866
vn 0.241889 0.922532 -0.300706
f 3277/1/820 3278/2/820 3279/3/820 3280/4/820
v -4.450608 1.262117 -3.799866
v -4.661563 1.244670 -4.023146
v -4.674748 1.237067 -4.010327
v -4.463587 1.254514 -3.786839
vn -0.314403 0.922244 0.224983
f 3281/1/821 3282/2/821 3283/3/821 3284/4/821
v -4.463587 1.254514 -3.786839
v -4.674748 1.237067 -4.010327
v -4.679622 1.218711 -4.004384
v -4.468366 1.236159 -3.780819
vn -0.686524 0.381711 0.618856
f 3285/1/822 3286/2/822 3287/3/822 3288/4/822
v -4.468366 1.236159 -3.780819
v -4.679622 1.218711 -4.004384
v -4.673330 1.200356 -4.008798
v -4.462145 1.217804 -3.785333
vn -0.656505 -0.382410 0.650203
f 3289/1/823 3290/2/823 3291/3/823 3292/4/823
v -4.462145 1.217804 -3.785333
v -4.673330 1.200356 -4.008798
v -4.659557 1.192753 -4.020984
v -4.448568 1.210201 -3.797736
vn -0.241930 -0.922536 0.300663
f 3293/1/824 3294/2/824 3295/3/824 3296/4/824
v -4.448568 1.210201 -3.797736
v -4.659557 1.192753 -4.020984
v -4.646372 1.200356 -4.033803
v -4.435588 1.217804 -3.810764
vn 0.314362 -0.922247 -0.225025
f 3297/1/825 3298/2/825 3299/3/825 3300/4/825
v -4.435588 1.217804 -3.810764
v -4.646372 1.200356 -4.033803
v -4.641497 1.218711 -4.039746
v -4.430809 1.236159 -3.816784
vn 0.686482 -0.381714 -0.618900
f 3301/1/826 3302/2/826 3303/3/826 3304/4/826
v -4.641497 1.218711 -4.039746
v -4.847895 1.201264 -4.266445
v -4.854286 1.219619 -4.262175
v -4.647790 1.237067 -4.035332
vn 0.668354 0.382536 -0.637942
f 3305/1/827 3306/2/827 3307/3/827 3308/4/827
v -4.647790 1.237067 -4.035332
v -4.854286 1.219619 -4.262175
v -4.868332 1.227222 -4.250306
v -4.661563 1.244670 -4.023146
vn 0.247316 0.922586 -0.296092
f 3309/1/828 3310/2/828 3311/3/828 3312/4/828
v -4.661563 1.244670 -4.023146
v -4.868332 1.227222 -4.250306
v -4.881806 1.219619 -4.237789
v -4.674748 1.237067 -4.010327
vn -0.318634 0.922183 0.219204
f 3313/1/829 3314/2/829 3315/3/829 3316/4/829
v -4.674748 1.237067 -4.010327
v -4.881806 1.219619 -4.237789
v -4.886814 1.201264 -4.231959
v -4.679622 1.218711 -4.004384
vn -0.697930 0.381566 0.606054
f 3317/1/830 3318/2/830 3319/3/830 3320/4/830
v -4.679622 1.218711 -4.004384
v -4.886814 1.201264 -4.231959
v -4.880423 1.182909 -4.236229
v -4.673330 1.200356 -4.008798
vn -0.668415 -0.382541 0.637875
f 3321/1/831 3322/2/831 3323/3/831 3324/4/831
v -4.673330 1.200356 -4.008798
v -4.880423 1.182909 -4.236229
v -4.866376 1.175306 -4.248098
v -4.659557 1.192753 -4.020984
vn -0.247374 -0.922590 0.296030
f 3325/1/832 3326/2/832 3327/3/832 3328/4/832
v -4.659557 1.192753 -4.020984
v -4.866376 1.175306 -4.248098
v -4.852903 1.182909 -4.260615
v -4.646372 1.200356 -4.033803
vn 0.318577 -0.922188 -0.219265
f 3329/1/833 3330/2/833 3331/3/833 3332/4/833
v -4.646372 1.200356 -4.033803
v -4.852903 1.182909 -4.260615
v -4.847895 1.201264 -4.266445
v -4.641497 1.218711 -4.039746
vn 0.697870 -0.381571 -0.606119
f 3333/1/834 3334/2/834 3335/3/834 3336/4/834
v -4.847895 1.201264 -4.266445
v -5.047922 1.183817 -4.498385
v -5.054454 1.202172 -4.494335
v -4.854286 1.219619 -4.262175
vn 0.685187 0.382738 -0.619701
f 3337/1/835 3338/2/835 3339/3/835 3340/4/835
v -4.854286 1.219619 -4.262175
v -5.054454 1.202172 -4.494335
v -5.068896 1.209775 -4.482950
v -4.868332 1.227222 -4.250306
vn 0.255020 0.922668 -0.289219
f 3341/1/836 3342/2/836 3343/3/836 3344/4/836
v -4.868332 1.227222 -4.250306
v -5.068896 1.209775 -4.482950
v -5.082787 1.202172 -4.470899
v -4.881806 1.219619 -4.237789
vn -0.324605 0.922085 0.210691
f 3345/1/837 3346/2/837 3347/3/837 3348/4/837
v -4.881806 1.219619 -4.237789
v -5.082787 1.202172 -4.470899
v -5.087990 1.183817 -4.465241
v -4.886814 1.201264 -4.231959
vn -0.714066 0.381330 0.587109
f 3349/1/838 3350/2/838 3351/3/838 3352/4/838
v -4.886814 1.201264 -4.231959
v -5.087990 1.183817 -4.465241
v -5.081457 1.165462 -4.469292
v -4.880423 1.182909 -4.236229
vn -0.685281 -0.382746 0.619593
f 3353/1/839 3354/2/839 3355/3/839 3356/4/839
v -4.880423 1.182909 -4.236229
v -5.081457 1.165462 -4.469292
v -5.067016 1.157859 -4.480677
v -4.866376 1.175306 -4.248098
vn -0.255106 -0.922675 0.289121
f 3357/1/840 3358/2/840 3359/3/840 3360/4/840
v -4.866376 1.175306 -4.248098
v -5.067016 1.157859 -4.480677
v -5.053125 1.165462 -4.492728
v -4.852903 1.182909 -4.260615
vn 0.324523 -0.922093 -0.210785
f 3361/1/841 3362/2/841 3363/3/841 3364/4/841
v -4.852903 1.182909 -4.260615
v -5.053125 1.165462 -4.492728
v -5.047922 1.183817 -4.498385
v -4.847895 1.201264 -4.266445
vn 0.713976 -0.381338 -0.587214
f 3365/1/842 3366/2/842 3367/3/842 3368/4/842
v -5.047922 1.183817 -4.498385
v -5.238448 1.166369 -4.738605
v -5.245063 1.184725 -4.734690
v -5.054454 1.202172 -4.494335
vn 0.709973 0.383072 -0.590927
f 3369/1/843 3370/2/843 3371/3/843 3372/4/843
v -5.054454 1.202172 -4.494335
v -5.245063 1.184725 -4.734690
v -5.259735 1.192328 -4.723604
v -5.068896 1.209775 -4.482950
vn 0.266436 0.922807 -0.278278
f 3373/1/844 3374/2/844 3375/3/844 3376/4/844
v -5.068896 1.209775 -4.482950
v -5.259735 1.192328 -4.723604
v -5.273871 1.184725 -4.711840
v -5.082787 1.202172 -4.470899
vn -0.333288 0.921916 0.197460
f 3377/1/845 3378/2/845 3379/3/845 3380/4/845
v -5.082787 1.202172 -4.470899
v -5.273871 1.184725 -4.711840
v -5.279189 1.166369 -4.706291
v -5.087990 1.183817 -4.465241
vn -0.737671 0.380922 0.557441
f 3381/1/846 3382/2/846 3383/3/846 3384/4/846
v -5.087990 1.183817 -4.465241
v -5.279189 1.166369 -4.706291
v -5.272575 1.148014 -4.710207
v -5.081457 1.165462 -4.469292
vn -0.709999 -0.383074 0.590893
f 3385/1/847 3386/2/847 3387/3/847 3388/4/847
v -5.081457 1.165462 -4.469292
v -5.272575 1.148014 -4.710207
v -5.257902 1.140411 -4.721293
v -5.067016 1.157859 -4.480677
vn -0.266478 -0.922810 0.278227
f 3389/1/848 3390/2/848 3391/3/848 3392/4/848
v -5.067016 1.157859 -4.480677
v -5.257902 1.140411 -4.721293
v -5.243767 1.148014 -4.733056
v -5.053125 1.165462 -4.492728
vn 0.333240 -0.921921 -0.197518
f 3393/1/849 3394/2/849 3395/3/849 3396/4/849
v -5.053125 1.165462 -4.492728
v -5.243767 1.148014 -4.733056
v -5.238448 1.166369 -4.738605
v -5.047922 1.183817 -4.498385
vn 0.737638 -0.380926 -0.557482
f 3397/1/850 3398/2/850 3399/3/850 3400/4/850
v -5.238448 1.166369 -4.738605
v -5.273871 1.184725 -4.711840
v -5.259735 1.192328 -4.723604
v -5.245063 1.184725 -4.734690
vn -0.620423 -0.056715 -0.782214
f 3401/1/851 3402/2/851 3403/3/851 3404/4/851
v -5.238448 1.166369 -4.738605
v -5.272575 1.148014 -4.710207
v -5.279189 1.166369 -4.706291
v -5.273871 1.184725 -4.711840
vn -0.620423 -0.056715 -0.782214
f 3405/1/852 3406/2/852 3407/3/852 3408/4/852
v -5.238448 1.166369 -4.738605
v -5.243767 1.148014 -4.733056
v -5.257902 1.140411 -4.721293
v -5.272575 1.148014 -4.710207
vn -0.620423 -0.056715 -0.782214
f 3409/1/853 3410/2/853 3411/3/853 3412/4/853
v -0.976891 0.630320 -0.543356
v -2.743852 1.370503 -2.161500
v -2.744817 1.385366 -2.153647
v -0.977856 0.645183 -0.535503
vn 0.707262 0.365633 -0.605056
f 3413/1/854 3414/2/854 3415/3/854 3416/4/854
v -0.977856 0.645183 -0.535503
v -2.744817 1.385366 -2.153647
v -2.753921 1.391523 -2.140890
v -0.986960 0.651340 -0.522746
vn 0.459563 0.882717 -0.098049
f 3417/1/855 3418/2/855 3419/3/855 3420/4/855
v -0.986960 0.651340 -0.522746
v -2.753921 1.391523 -2.140890
v -2.765830 1.385366 -2.130702
v -0.998869 0.645183 -0.512558
vn -0.057342 0.882717 0.466394
f 3421/1/856 3422/2/856 3423/3/856 3424/4/856
v -0.998869 0.645183 -0.512558
v -2.765830 1.385366 -2.130702
v -2.773568 1.370503 -2.129051
v -1.006607 0.630320 -0.510907
vn -0.540656 0.365633 0.757630
f 3425/1/857 3426/2/857 3427/3/857 3428/4/857
v -1.006607 0.630320 -0.510907
v -2.773568 1.370503 -2.129051
v -2.772602 1.355640 -2.136904
v -1.005642 0.615457 -0.518760
vn -0.707262 -0.365633 0.605056
f 3429/1/858 3430/2/858 3431/3/858 3432/4/858
v -1.005642 0.615457 -0.518760
v -2.772602 1.355640 -2.136904
v -2.763499 1.349483 -2.149661
v -0.996538 0.609300 -0.531517
vn -0.459563 -0.882717 0.098049
f 3433/1/859 3434/2/859 3435/3/859 3436/4/859
v -0.996538 0.609300 -0.531517
v -2.763499 1.349483 -2.149661
v -2.751590 1.355640 -2.159849
v -0.984629 0.615457 -0.541705
vn 0.057342 -0.882717 -0.466394
f 3437/1/860 3438/2/860 3439/3/860 3440/4/860
v -0.984629 0.615457 -0.541705
v -2.751590 1.355640 -2.159849
v -2.743852 1.370503 -2.161500
v -0.976891 0.630320 -0.543356
vn 0.540656 -0.365633 -0.757630
f 3441/1/861 3442/2/861 3443/3/861 3444/4/861
v -2.743852 1.370503 -2.161500
v -2.765830 1.385366 -2.130702
v -2.753921 1.391523 -2.140890
v -2.744817 1.385366 -2.153647
vn -0.704622 0.295168 -0.645278
f 3445/1/862 3446/2/862 3447/3/862 3448/4/862
v -2.743852 1.370503 -2.161500
v -2.772602 1.355640 -2.136904
v -2.773568 1.370503 -2.129051
v -2.765830 1.385366 -2.130702
vn -0.704622 0.295168 -0.645278
f 3449/1/863 3450/2/863 3451/3/863 3452/4/863
v -2.743852 1.370503 -2.161500
v -2.751590 1.355640 -2.159849
v -2.763499 1.349483 -2.149661
v -2.772602 1.355640 -2.136904
vn -0.704622 0.295168 -0.645278
f 3453/1/864 3454/2/864 3455/3/864 3456/4/864
v 0.497146 1.620000 0.878186
v -0.051535 1.620000 0.955488
v -0.046692 1.635556 0.959738
v 0.497982 1.635556 0.884575
vn -0.128891 0.382668 -0.914851
f 3457/1/865 3458/2/865 3459/3/865 3460/4/865
v 0.497982 1.635556 0.884575
v -0.046692 1.635556 0.959738
v -0.035000 1.642000 0.970000
v 0.500000 1.642000 0.900000
vn -0.052314 0.923876 -0.379099
f 3461/1/866 3462/2/866 3463/3/866 3464/4/866
v 0.500000 1.642000 0.900000
v -0.035000 1.642000 0.970000
v -0.023308 1.635556 0.980262
v 0.502018 1.635556 0.915425
vn 0.049648 0.923880 0.379449
f 3465/1/867 3466/2/867 3467/3/867 3468/4/867
v 0.502018 1.635556 0.915425
v -0.023308 1.635556 0.980262
v -0.018465 1.620000 0.984512
v 0.502854 1.620000 0.921814
vn 0.113169 0.382675 0.916926
f 3469/1/868 3470/2/868 3471/3/868 3472/4/868
v 0.502854 1.620000 0.921814
v -0.018465 1.620000 0.984512
v -0.023308 1.604444 0.980262
v 0.502018 1.604444 0.915425
vn 0.110319 -0.382666 0.917277
f 3473/1/869 3474/2/869 3475/3/869 3476/4/869
v 0.502018 1.604444 0.915425
v -0.023308 1.604444 0.980262
v -0.035000 1.598000 0.970000
v 0.500000 1.598000 0.900000
vn 0.046877 -0.923876 0.379810
f 3477/1/870 3478/2/870 3479/3/870 3480/4/870
v 0.500000 1.598000 0.900000
v -0.035000 1.598000 0.970000
v -0.046692 1.604444 0.959738
v 0.497982 1.604444 0.884575
vn -0.049648 -0.923880 -0.379449
f 3481/1/871 3482/2/871 3483/3/871 3484/4/871
v 0.497982 1.604444 0.884575
v -0.046692 1.604444 0.959738
v -0.051535 1.620000 0.955488
v 0.497146 1.620000 0.878186
vn -0.126296 -0.382675 -0.915210
f 3485/1/872 3486/2/872 3487/3/872 3488/4/872
v -0.051535 1.620000 0.955488
v -0.057000 1.620000 1.400000
v -0.050556 1.635556 1.400000
v -0.046692 1.635556 0.959738
vn -0.953822 0.300142 -0.011727
f 3489/1/873 3490/2/873 3491/3/873 3492/4/873
v -0.046692 1.635556 0.959738
v -0.050556 1.635556 1.400000
v -0.035000 1.642000 1.400000
v -0.035000 1.642000 0.970000
vn -0.479833 0.877349 -0.004212
f 3493/1/874 3494/2/874 3495/3/874 3496/4/874
v -0.035000 1.642000 0.970000
v -0.035000 1.642000 1.400000
v -0.019444 1.635556 1.400000
v -0.023308 1.635556 0.980262
vn 0.482676 0.875799 -0.000000
f 3497/1/875 3498/2/875 3499/3/875 3500/4/875
v -0.023308 1.635556 0.980262
v -0.019444 1.635556 1.400000
v -0.013000 1.620000 1.400000
v -0.018465 1.620000 0.984512
vn 0.955445 0.295039 -0.008797
f 3501/1/876 3502/2/876 3503/3/876 3504/4/876
v -0.018465 1.620000 0.984512
v -0.013000 1.620000 1.400000
v -0.019444 1.604444 1.400000
v -0.023308 1.604444 0.980262
vn 0.955696 -0.294086 -0.012571
f 3505/1/877 3506/2/877 3507/3/877 3508/4/877
v -0.023308 1.604444 0.980262
v -0.019444 1.604444 1.400000
v -0.035000 1.598000 1.400000
v -0.035000 1.598000 0.970000
vn 0.485678 -0.874126 -0.004472
f 3509/1/878 3510/2/878 3511/3/878 3512/4/878
v -0.035000 1.598000 0.970000
v -0.035000 1.598000 1.400000
v -0.050556 1.604444 1.400000
v -0.046692 1.604444 0.959738
vn -0.482676 -0.875799 0.000000
f 3513/1/879 3514/2/879 3515/3/879 3516/4/879
v -0.046692 1.604444 0.959738
v -0.050556 1.604444 1.400000
v -0.057000 1.620000 1.400000
v -0.051535 1.620000 0.955488
vn -0.954117 -0.299318 -0.008375
f 3517/1/880 3518/2/880 3519/3/880 3520/4/880
v -0.057000 1.620000 1.400000
v -0.019444 1.635556 1.400000
v -0.035000 1.642000 1.400000
v -0.050556 1.635556 1.400000
vn 0.000000 0.000000 1.000000
f 3521/1/881 3522/2/881 3523/3/881 3524/4/881
v -0.057000 1.620000 1.400000
v -0.019444 1.604444 1.400000
v -0.013000 1.620000 1.400000
v -0.019444 1.635556 1.400000
vn -0.000000 0.000000 1.000000
f 3525/1/882 3526/2/882 3527/3/882 3528/4/882
v -0.057000 1.620000 1.400000
v -0.050556 1.604444 1.400000
v -0.035000 1.598000 1.400000
v -0.019444 1.604444 1.400000
vn 0.000000 0.000000 1.000000
f 3529/1/883 3530/2/883 3531/3/883 3532/4/883
usemtl clamp
v -0.097500 1.495000 1.500000
v 0.027500 1.495000 1.500000
v 0.027500 1.745000 1.500000
v -0.097500 1.745000 1.500000
vn 0.000000 0.000000 1.000000
f 3533/1/884 3534/2/884 3535/3/884 3536/4/884
v 0.027500 1.495000 1.250000
v -0.097500 1.495000 1.250000
v -0.097500 1.745000 1.250000
v 0.027500 1.745000 1.250000
vn 0.000000 0.000000 -1.000000
f 3537/1/885 3538/2/885 3539/3/885 3540/4/885
v 0.027500 1.495000 1.500000
v 0.027500 1.495000 1.250000
v 0.027500 1.745000 1.250000
v 0.027500 1.745000 1.500000
vn 1.000000 -0.000000 0.000000
f 3541/1/886 3542/2/886 3543/3/886 3544/4/886
v -0.097500 1.495000 1.250000
v -0.097500 1.495000 1.500000
v -0.097500 1.745000 1.500000
v -0.097500 1.745000 1.250000
vn -1.000000 0.000000 0.000000
f 3545/1/887 3546/2/887 3547/3/887 3548/4/887
v -0.097500 1.745000 1.500000
v 0.027500 1.745000 1.500000
v 0.027500 1.745000 1.250000
v -0.097500 1.745000 1.250000
vn -0.000000 1.000000 0.000000
f 3549/1/888 3550/2/888 3551/3/888 3552/4/888
v -0.097500 1.495000 1.250000
v 0.027500 1.495000 1.250000
v 0.027500 1.495000 1.500000
v -0.097500 1.495000 1.500000
vn 0.000000 -1.000000 0.000000
f 3553/1/889 3554/2/889 3555/3/889 3556/4/889
usemtl metal
v 0.497146 1.620000 0.921814
v 1.018465 1.620000 0.984512
v 1.023308 1.635556 0.980262
v 0.497982 1.635556 0.915425
vn -0.110319 0.382666 0.917277
f 3557/1/890 3558/2/890 3559/3/890 3560/4/890
v 0.497982 1.635556 0.915425
v 1.023308 1.635556 0.980262
v 1.035000 1.642000 0.970000
v 0.500000 1.642000 0.900000
vn -0.046877 0.923876 0.379810
f 3561/1/891 3562/2/891 3563/3/891 3564/4/891
v 0.500000 1.642000 0.900000
v 1.035000 1.642000 0.970000
v 1.046692 1.635556 0.959738
v 0.502018 1.635556 0.884575
vn 0.049648 0.923880 -0.379449
f 3565/1/892 3566/2/892 3567/3/892 3568/4/892
v 0.502018 1.635556 0.884575
v 1.046692 1.635556 0.959738
v 1.051535 1.620000 0.955488
v 0.502854 1.620000 0.878186
vn 0.126296 0.382675 -0.915210
f 3569/1/893 3570/2/893 3571/3/893 3572/4/893
v 0.502854 1.620000 0.878186
v 1.051535 1.620000 0.955488
v 1.046692 1.604444 0.959738
v 0.502018 1.604444 0.884575
vn 0.128891 -0.382668 -0.914851
f 3573/1/894 3574/2/894 3575/3/894 3576/4/894
v 0.502018 1.604444 0.884575
v 1.046692 1.604444 0.959738
v 1.035000 1.598000 0.970000
v 0.500000 1.598000 0.900000
vn 0.052314 -0.923876 -0.379099
f 3577/1/895 3578/2/895 3579/3/895 3580/4/895
v 0.500000 1.598000 0.900000
v 1.035000 1.598000 0.970000
v 1.023308 1.604444 0.980262
v 0.497982 1.604444 0.915425
vn -0.049648 -0.923880 0.379449
f 3581/1/896 3582/2/896 3583/3/896 3584/4/896
v 0.497982 1.604444 0.915425
v 1.023308 1.604444 0.980262
v 1.018465 1.620000 0.984512
v 0.497146 1.620000 0.921814
vn -0.113169 -0.382675 0.916926
f 3585/1/897 3586/2/897 3587/3/897 3588/4/897
v 1.018465 1.620000 0.984512
v 1.013000 1.620000 1.400000
v 1.019444 1.635556 1.400000
v 1.023308 1.635556 0.980262
vn -0.955696 0.294086 -0.012571
f 3589/1/898 3590/2/898 3591/3/898 3592/4/898
v 1.023308 1.635556 0.980262
v 1.019444 1.635556 1.400000
v 1.035000 1.642000 1.400000
v 1.035000 1.642000 0.970000
vn -0.485678 0.874126 -0.004472
f 3593/1/899 3594/2/899 3595/3/899 3596/4/899
v 1.035000 1.642000 0.970000
v 1.035000 1.642000 1.400000
v 1.050556 1.635556 1.400000
v 1.046692 1.635556 0.959738
vn 0.482676 0.875799 -0.000000
f 3597/1/900 3598/2/900 3599/3/900 3600/4/900
v 1.046692 1.635556 0.959738
v 1.050556 1.635556 1.400000
v 1.057000 1.620000 1.400000
v 1.051535 1.620000 0.955488
vn 0.954117 0.299318 -0.008375
f 3601/1/901 3602/2/901 3603/3/901 3604/4/901
v 1.051535 1.620000 0.955488
v 1.057000 1.620000 1.400000
v 1.050556 1.604444 1.400000
v 1.046692 1.604444 0.959738
vn 0.953822 -0.300142 -0.011727
f 3605/1/902 3606/2/902 3607/3/902 3608/4/902
v 1.046692 1.604444 0.959738
v 1.050556 1.604444 1.400000
v 1.035000 1.598000 1.400000
v 1.035000 1.598000 0.970000
vn 0.479833 -0.877349 -0.004212
f 3609/1/903 3610/2/903 3611/3/903 3612/4/903
v 1.035000 1.598000 0.970000
v 1.035000 1.598000 1.400000
v 1.019444 1.604444 1.400000
v 1.023308 1.604444 0.980262
vn -0.482676 -0.875799 0.000000
f 3613/1/904 3614/2/904 3615/3/904 3616/4/904
v 1.023308 1.604444 0.980262
v 1.019444 1.604444 1.400000
v 1.013000 1.620000 1.400000
v 1.018465 1.620000 0.984512
vn -0.955445 -0.295039 -0.008797
f 3617/1/905 3618/2/905 3619/3/905 3620/4/905
v 1.013000 1.620000 1.400000
v 1.050556 1.635556 1.400000
v 1.035000 1.642000 1.400000
v 1.019444 1.635556 1.400000
vn 0.000000 0.000000 1.000000
f 3621/1/906 3622/2/906 3623/3/906 3624/4/906
v 1.013000 1.620000 1.400000
v 1.050556 1.604444 1.400000
v 1.057000 1.620000 1.400000
v 1.050556 1.635556 1.400000
vn -0.000000 0.000000 1.000000
f 3625/1/907 3626/2/907 3627/3/907 3628/4/907
v 1.013000 1.620000 1.400000
v 1.019444 1.604444 1.400000
v 1.035000 1.598000 1.400000
v 1.050556 1.604444 1.400000
vn 0.000000 0.000000 1.000000
f 3629/1/908 3630/2/908 3631/3/908 3632/4/908
usemtl clamp
v 0.972500 1.495000 1.500000
v 1.097500 1.495000 1.500000
v 1.097500 1.745000 1.500000
v 0.972500 1.745000 1.500000
vn 0.000000 0.000000 1.000000
f 3633/1/909 3634/2/909 3635/3/909 3636/4/909
v 1.097500 1.495000 1.250000
v 0.972500 1.495000 1.250000
v 0.972500 1.745000 1.250000
v 1.097500 1.745000 1.250000
vn 0.000000 0.000000 -1.000000
f 3637/1/910 3638/2/910 3639/3/910 3640/4/910
v 1.097500 1.495000 1.500000
v 1.097500 1.495000 1.250000
v 1.097500 1.745000 1.250000
v 1.097500 1.745000 1.500000
vn 1.000000 -0.000000 0.000000
f 3641/1/911 3642/2/911 3643/3/911 3644/4/911
v 0.972500 1.495000 1.250000
v 0.972500 1.495000 1.500000
v 0.972500 1.745000 1.500000
v 0.972500 1.745000 1.250000
vn -1.000000 0.000000 0.000000
f 3645/1/912 3646/2/912 3647/3/912 3648/4/912
v 0.972500 1.745000 1.500000
v 1.097500 1.745000 1.500000
v 1.097500 1.745000 1.250000
v 0.972500 1.745000 1.250000
vn -0.000000 1.000000 0.000000
f 3649/1/913 3650/2/913 3651/3/913 3652/4/913
v 0.972500 1.495000 1.250000
v 1.097500 1.495000 1.250000
v 1.097500 1.495000 1.500000
v 0.972500 1.495000 1.500000
vn 0.000000 -1.000000 0.000000
f 3653/1/914 3654/2/914 3655/3/914 3656/4/914
usemtl metal
usemtl clamp
v -5.409361 1.157752 -4.977675
v -5.409361 1.282752 -4.977675
v -5.378111 1.282752 -4.946425
v -5.378111 1.157752 -4.946425
vn 0.707107 0.000000 -0.707107
f 3657/1/915 3658/2/915 3659/3/915 3660/4/915
v -5.378111 1.157752 -4.946425
v -5.378111 1.282752 -4.946425
v -5.409361 1.282752 -4.915175
v -5.409361 1.157752 -4.915175
vn 0.707107 -0.000000 0.707107
f 3661/1/916 3662/2/916 3663/3/916 3664/4/916
v -5.409361 1.157752 -4.915175
v -5.409361 1.282752 -4.915175
v -5.440611 1.282752 -4.946425
v -5.440611 1.157752 -4.946425
vn -0.707107 0.000000 0.707107
f 3665/1/917 3666/2/917 3667/3/917 3668/4/917
v -5.440611 1.157752 -4.946425
v -5.440611 1.282752 -4.946425
v -5.409361 1.282752 -4.977675
v -5.409361 1.157752 -4.977675
vn -0.707107 0.000000 -0.707107
f 3669/1/918 3670/2/918 3671/3/918 3672/4/918
v -5.409361 1.282752 -4.977675
v -5.440611 1.282752 -4.946425
v -5.409361 1.282752 -4.915175
v -5.378111 1.282752 -4.946425
vn 0.000000 1.000000 -0.000000
f 3673/1/919 3674/2/919 3675/3/919 3676/4/919
usemtl porcelain
v -5.503111 1.282752 -4.852675
v -5.315611 1.282752 -4.852675
v -5.315611 1.470252 -4.852675
v -5.503111 1.470252 -4.852675
vn 0.000000 0.000000 1.000000
f 3677/1/920 3678/2/920 3679/3/920 3680/4/920
v -5.315611 1.282752 -5.040175
v -5.503111 1.282752 -5.040175
v -5.503111 1.470252 -5.040175
v -5.315611 1.470252 -5.040175
vn 0.000000 0.000000 -1.000000
f 3681/1/921 3682/2/921 3683/3/921 3684/4/921
v -5.315611 1.282752 -4.852675
v -5.315611 1.282752 -5.040175
v -5.315611 1.470252 -5.040175
v -5.315611 1.470252 -4.852675
vn 1.000000 -0.000000 0.000000
f 3685/1/922 3686/2/922 3687/3/922 3688/4/922
v -5.503111 1.282752 -5.040175
v -5.503111 1.282752 -4.852675
v -5.503111 1.470252 -4.852675
v -5.503111 1.470252 -5.040175
vn -1.000000 0.000000 0.000000
f 3689/1/923 3690/2/923 3691/3/923 3692/4/923
v -5.503111 1.470252 -4.852675
v -5.315611 1.470252 -4.852675
v -5.315611 1.470252 -5.040175
v -5.503111 1.470252 -5.040175
vn -0.000000 1.000000 0.000000
f 3693/1/924 3694/2/924 3695/3/924 3696/4/924
v -5.503111 1.282752 -5.040175
v -5.315611 1.282752 -5.040175
v -5.315611 1.282752 -4.852675
v -5.503111 1.282752 -4.852675
vn 0.000000 -1.000000 0.000000
f 3697/1/925 3698/2/925 3699/3/925 3700/4/925
usemtl cable
v -5.327788 1.281052 -4.975716
v -5.337495 1.106974 -4.993213
v -5.322797 1.107015 -5.001757
v -5.313089 1.281090 -4.984255
vn 0.499232 -0.114168 0.858914
f 3701/1/926 3702/2/926 3703/3/926 3704/4/926
v -5.313089 1.281090 -4.984255
v -5.322797 1.107015 -5.001757
v -5.322797 1.108816 -5.018661
v -5.313089 1.282791 -5.001170
vn 0.998464 -0.055131 -0.005541
f 3705/1/927 3706/2/927 3707/3/927 3708/4/927
v -5.313089 1.282791 -5.001170
v -5.322797 1.108816 -5.018661
v -5.337495 1.110575 -5.027022
v -5.327788 1.284453 -5.009546
vn 0.499232 0.059052 -0.864454
f 3709/1/928 3710/2/928 3711/3/928 3712/4/928
v -5.327788 1.284453 -5.009546
v -5.337495 1.110575 -5.027022
v -5.352192 1.110534 -5.018478
v -5.342488 1.284414 -5.001007
vn -0.499231 0.114197 -0.858911
f 3713/1/929 3714/2/929 3715/3/929 3716/4/929
v -5.342488 1.284414 -5.001007
v -5.352192 1.110534 -5.018478
v -5.352192 1.108733 -5.001574
v -5.342488 1.282714 -4.984092
vn -0.998462 0.055162 0.005544
f 3717/1/930 3718/2/930 3719/3/930 3720/4/930
v -5.342488 1.282714 -4.984092
v -5.352192 1.108733 -5.001574
v -5.337495 1.106974 -4.993213
v -5.327788 1.281052 -4.975716
vn -0.499231 -0.059020 0.864457
f 3721/1/931 3722/2/931 3723/3/931 3724/4/931
v -5.337495 1.106974 -4.993213
v -5.341606 0.797896 -5.052501
v -5.351278 0.811869 -5.052970
v -5.322797 1.107015 -5.001757
vn 0.495614 -0.169976 0.851748
f 3725/1/932 3726/2/932 3727/3/932 3728/4/932
v -5.322797 1.107015 -5.001757
v -5.351278 0.811869 -5.052970
v -5.366578 0.811869 -5.045560
v -5.322797 1.108816 -5.018661
vn 0.995491 -0.094318 -0.010045
f 3729/1/933 3730/2/933 3731/3/933 3732/4/933
v -5.322797 1.108816 -5.018661
v -5.366578 0.811869 -5.045560
v -5.372207 0.797896 -5.037682
v -5.337495 1.110575 -5.027022
vn 0.494971 0.005732 -0.868890
f 3733/1/934 3734/2/934 3735/3/934 3736/4/934
v -5.337495 1.110575 -5.027022
v -5.372207 0.797896 -5.037682
v -5.362536 0.783923 -5.037213
v -5.352192 1.110534 -5.018478
vn -0.500931 0.084976 -0.861305
f 3737/1/935 3738/2/935 3739/3/935 3740/4/935
v -5.352192 1.110534 -5.018478
v -5.362536 0.783923 -5.037213
v -5.347235 0.783923 -5.044622
v -5.352192 1.108733 -5.001574
vn -0.999499 0.031464 0.003351
f 3741/1/936 3742/2/936 3743/3/936 3744/4/936
v -5.352192 1.108733 -5.001574
v -5.347235 0.783923 -5.044622
v -5.341606 0.797896 -5.052501
v -5.337495 1.106974 -4.993213
vn -0.501736 -0.121170 0.856492
f 3745/1/937 3746/2/937 3747/3/937 3748/4/937
v -5.341606 0.797896 -5.052501
v -5.371042 0.870250 -5.114858
v -5.374285 0.878621 -5.100422
v -5.351278 0.811869 -5.052970
vn 0.787163 0.553937 0.271161
f 3749/1/938 3750/2/938 3751/3/938 3752/4/938
v -5.351278 0.811869 -5.052970
v -5.374285 0.878621 -5.100422
v -5.390002 0.878621 -5.093943
v -5.366578 0.811869 -5.045560
vn 0.341995 0.619906 0.706226
f 3753/1/939 3754/2/939 3755/3/939 3756/4/939
v -5.366578 0.811869 -5.045560
v -5.390002 0.878621 -5.093943
v -5.402476 0.870250 -5.101900
v -5.372207 0.797896 -5.037682
vn -0.176265 0.536377 0.825367
f 3757/1/940 3758/2/940 3759/3/940 3760/4/940
v -5.372207 0.797896 -5.037682
v -5.402476 0.870250 -5.101900
v -5.399233 0.861879 -5.116337
v -5.362536 0.783923 -5.037213
vn -0.791341 -0.556243 -0.253718
f 3761/1/941 3762/2/941 3763/3/941 3764/4/941
v -5.362536 0.783923 -5.037213
v -5.399233 0.861879 -5.116337
v -5.383516 0.861879 -5.122815
v -5.347235 0.783923 -5.044622
vn -0.290469 -0.745546 -0.599824
f 3765/1/942 3766/2/942 3767/3/942 3768/4/942
v -5.347235 0.783923 -5.044622
v -5.383516 0.861879 -5.122815
v -5.371042 0.870250 -5.114858
v -5.341606 0.797896 -5.052501
vn 0.372404 -0.565108 -0.736185
f 3769/1/943 3770/2/943 3771/3/943 3772/4/943
v -5.371042 0.870250 -5.114858
v -5.407757 1.059750 -5.209688
v -5.399234 1.067226 -5.197020
v -5.374285 0.878621 -5.100422
vn 0.969510 0.230066 0.084384
f 3773/1/944 3774/2/944 3775/3/944 3776/4/944
v -5.374285 0.878621 -5.100422
v -5.399234 1.067226 -5.197020
v -5.405668 1.067226 -5.181285
v -5.390002 0.878621 -5.093943
vn 0.337578 0.464094 0.818937
f 3777/1/945 3778/2/945 3779/3/945 3780/4/945
v -5.390002 0.878621 -5.093943
v -5.405668 1.067226 -5.181285
v -5.420624 1.059750 -5.178217
v -5.402476 0.870250 -5.101900
vn -0.642128 0.277582 0.714577
f 3781/1/946 3782/2/946 3783/3/946 3784/4/946
v -5.402476 0.870250 -5.101900
v -5.420624 1.059750 -5.178217
v -5.429147 1.052274 -5.190885
v -5.399233 0.861879 -5.116337
vn -0.979832 -0.147934 -0.134329
f 3785/1/947 3786/2/947 3787/3/947 3788/4/947
v -5.399233 0.861879 -5.116337
v -5.429147 1.052274 -5.190885
v -5.422713 1.052274 -5.206620
v -5.383516 0.861879 -5.122815
vn -0.351137 -0.388697 -0.851831
f 3789/1/948 3790/2/948 3791/3/948 3792/4/948
v -5.383516 0.861879 -5.122815
v -5.422713 1.052274 -5.206620
v -5.407757 1.059750 -5.209688
v -5.371042 0.870250 -5.114858
vn 0.620575 -0.205347 -0.756782
f 3793/1/949 3794/2/949 3795/3/949 3796/4/949
v -5.407757 1.059750 -5.209688
v -5.501275 1.139250 -5.204452
v -5.490675 1.150064 -5.196725
v -5.399234 1.067226 -5.197020
vn 0.464445 0.589843 -0.660588
f 3797/1/950 3798/2/950 3799/3/950 3800/4/950
v -5.399234 1.067226 -5.197020
v -5.490675 1.150064 -5.196725
v -5.489400 1.150064 -5.179773
v -5.405668 1.067226 -5.181285
vn 0.647871 0.714211 0.264888
f 3801/1/951 3802/2/951 3803/3/951 3804/4/951
v -5.405668 1.067226 -5.181285
v -5.489400 1.150064 -5.179773
v -5.498725 1.139250 -5.170548
v -5.420624 1.059750 -5.178217
vn 0.139834 0.123415 0.982454
f 3805/1/952 3806/2/952 3807/3/952 3808/4/952
v -5.420624 1.059750 -5.178217
v -5.498725 1.139250 -5.170548
v -5.509325 1.128436 -5.178275
v -5.429147 1.052274 -5.190885
vn -0.500163 -0.555445 0.664318
f 3809/1/953 3810/2/953 3811/3/953 3812/4/953
v -5.429147 1.052274 -5.190885
v -5.509325 1.128436 -5.178275
v -5.510600 1.128436 -5.195227
v -5.422713 1.052274 -5.206620
vn -0.683992 -0.673755 -0.279657
f 3813/1/954 3814/2/954 3815/3/954 3816/4/954
v -5.422713 1.052274 -5.206620
v -5.510600 1.128436 -5.195227
v -5.501275 1.139250 -5.204452
v -5.407757 1.059750 -5.209688
vn -0.174519 -0.054313 -0.983155
f 3817/1/955 3818/2/955 3819/3/955 3820/4/955
v -5.501275 1.139250 -5.204452
v -5.498725 1.139250 -5.170548
v -5.489400 1.150064 -5.179773
v -5.490675 1.150064 -5.196725
vn -0.732447 0.678592 0.055076
f 3821/1/956 3822/2/956 3823/3/956 3824/4/956
v -5.501275 1.139250 -5.204452
v -5.510600 1.128436 -5.195227
v -5.509325 1.128436 -5.178275
v -5.498725 1.139250 -5.170548
vn -0.732447 0.678592 0.055076
f 3825/1/957 3826/2/957 3827/3/957 3828/4/957
